{
  "ACCT101 Financial Accounting": {
    "TRACEY ZHANG CHUNQI, TRACEY ZHANG CHUNQI": {
      "G1": {
        "Round 1 Window 1": {
          "term": "2014-15 Term 3A",
          "session": "Modified Session",
          "biddingWindow": "Round 1 Window 1",
          "courseCode": "ACCT101",
          "description": "Financial Accounting",
          "section": "G1",
          "vacancy": "45",
          "openingVacancy": "40",
          "beforeProcessVacancy": "14",
          "DICE": "0",
          "afterProcessVacancy": "0",
          "enrolledStudents": "40",
          "medianBid": "13.23",
          "minBid": "10.00",
          "instructor": "TRACEY ZHANG CHUNQI, TRACEY ZHANG CHUNQI",
          "schoolDepartment": "SOA"
        },
        "Round 1 Window 2": {
          "term": "2014-15 Term 3A",
          "session": "Modified Session",
          "biddingWindow": "Round 1 Window 2",
          "courseCode": "ACCT101",
          "description": "Financial Accounting",
          "section": "G1",
          "vacancy": "45",
          "openingVacancy": "40",
          "beforeProcessVacancy": "1",
          "DICE": "0",
          "afterProcessVacancy": "0",
          "enrolledStudents": "40",
          "medianBid": "19.99",
          "minBid": "19.99",
          "instructor": "TRACEY ZHANG CHUNQI, TRACEY ZHANG CHUNQI",
          "schoolDepartment": "SOA"
        },
        "Round 1 Window 3": {
          "term": "2014-15 Term 3A",
          "session": "Modified Session",
          "biddingWindow": "Round 1 Window 3",
          "courseCode": "ACCT101",
          "description": "Financial Accounting",
          "section": "G1",
          "vacancy": "45",
          "openingVacancy": "40",
          "beforeProcessVacancy": "1",
          "DICE": "0",
          "afterProcessVacancy": "0",
          "enrolledStudents": "40",
          "medianBid": "12.00",
          "minBid": "12.00",
          "instructor": "TRACEY ZHANG CHUNQI, TRACEY ZHANG CHUNQI",
          "schoolDepartment": "SOA"
        },
        "Round 1 Window 4": {
          "term": "2014-15 Term 3A",
          "session": "Modified Session",
          "biddingWindow": "Round 1 Window 4",
          "courseCode": "ACCT101",
          "description": "Financial Accounting",
          "section": "G1",
          "vacancy": "45",
          "openingVacancy": "40",
          "beforeProcessVacancy": "2",
          "DICE": "0",
          "afterProcessVacancy": "2",
          "enrolledStudents": "38",
          "medianBid": "0.00",
          "minBid": "0.00",
          "instructor": "TRACEY ZHANG CHUNQI, TRACEY ZHANG CHUNQI",
          "schoolDepartment": "SOA"
        }
      }
    }
  },
  "COMM120 Intercultural Communication": {
    "ONG SIOW HENG, ONG SIOW HENG, ONG SIOW HENG": {
      "G1": {
        "Round 1 Window 1": {
          "term": "2014-15 Term 3A",
          "session": "Regular Academic Session",
          "biddingWindow": "Round 1 Window 1",
          "courseCode": "COMM120",
          "description": "Intercultural Communication",
          "section": "G1",
          "vacancy": "45",
          "openingVacancy": "45",
          "beforeProcessVacancy": "45",
          "DICE": "0",
          "afterProcessVacancy": "22",
          "enrolledStudents": "23",
          "medianBid": "20.00",
          "minBid": "10.00",
          "instructor": "ONG SIOW HENG, ONG SIOW HENG, ONG SIOW HENG",
          "schoolDepartment": "LKCSOB"
        },
        "Round 1 Window 2": {
          "term": "2014-15 Term 3A",
          "session": "Regular Academic Session",
          "biddingWindow": "Round 1 Window 2",
          "courseCode": "COMM120",
          "description": "Intercultural Communication",
          "section": "G1",
          "vacancy": "45",
          "openingVacancy": "45",
          "beforeProcessVacancy": "22",
          "DICE": "0",
          "afterProcessVacancy": "17",
          "enrolledStudents": "28",
          "medianBid": "13.00",
          "minBid": "10.01",
          "instructor": "ONG SIOW HENG, ONG SIOW HENG, ONG SIOW HENG",
          "schoolDepartment": "LKCSOB"
        },
        "Round 1 Window 3": {
          "term": "2014-15 Term 3A",
          "session": "Regular Academic Session",
          "biddingWindow": "Round 1 Window 3",
          "courseCode": "COMM120",
          "description": "Intercultural Communication",
          "section": "G1",
          "vacancy": "45",
          "openingVacancy": "45",
          "beforeProcessVacancy": "17",
          "DICE": "0",
          "afterProcessVacancy": "12",
          "enrolledStudents": "33",
          "medianBid": "13.04",
          "minBid": "10.03",
          "instructor": "ONG SIOW HENG, ONG SIOW HENG, ONG SIOW HENG",
          "schoolDepartment": "LKCSOB"
        },
        "Round 1 Window 4": {
          "term": "2014-15 Term 3A",
          "session": "Regular Academic Session",
          "biddingWindow": "Round 1 Window 4",
          "courseCode": "COMM120",
          "description": "Intercultural Communication",
          "section": "G1",
          "vacancy": "45",
          "openingVacancy": "45",
          "beforeProcessVacancy": "12",
          "DICE": "0",
          "afterProcessVacancy": "12",
          "enrolledStudents": "33",
          "medianBid": "0.00",
          "minBid": "0.00",
          "instructor": "ONG SIOW HENG, ONG SIOW HENG, ONG SIOW HENG",
          "schoolDepartment": "LKCSOB"
        }
      }
    }
  },
  "FNCE101 Finance": {
    "TAN ENG JOO, TAN ENG JOO, TAN ENG JOO": {
      "G1": {
        "Round 1 Window 1": {
          "term": "2014-15 Term 3A",
          "session": "Regular Academic Session",
          "biddingWindow": "Round 1 Window 1",
          "courseCode": "FNCE101",
          "description": "Finance",
          "section": "G1",
          "vacancy": "45",
          "openingVacancy": "45",
          "beforeProcessVacancy": "45",
          "DICE": "0",
          "afterProcessVacancy": "32",
          "enrolledStudents": "13",
          "medianBid": "13.02",
          "minBid": "10.00",
          "instructor": "TAN ENG JOO, TAN ENG JOO, TAN ENG JOO",
          "schoolDepartment": "LKCSOB"
        },
        "Round 1 Window 2": {
          "term": "2014-15 Term 3A",
          "session": "Regular Academic Session",
          "biddingWindow": "Round 1 Window 2",
          "courseCode": "FNCE101",
          "description": "Finance",
          "section": "G1",
          "vacancy": "45",
          "openingVacancy": "45",
          "beforeProcessVacancy": "32",
          "DICE": "0",
          "afterProcessVacancy": "30",
          "enrolledStudents": "15",
          "medianBid": "13.09",
          "minBid": "13.01",
          "instructor": "TAN ENG JOO, TAN ENG JOO, TAN ENG JOO",
          "schoolDepartment": "LKCSOB"
        },
        "Round 1 Window 3": {
          "term": "2014-15 Term 3A",
          "session": "Regular Academic Session",
          "biddingWindow": "Round 1 Window 3",
          "courseCode": "FNCE101",
          "description": "Finance",
          "section": "G1",
          "vacancy": "45",
          "openingVacancy": "45",
          "beforeProcessVacancy": "30",
          "DICE": "0",
          "afterProcessVacancy": "29",
          "enrolledStudents": "16",
          "medianBid": "45.00",
          "minBid": "45.00",
          "instructor": "TAN ENG JOO, TAN ENG JOO, TAN ENG JOO",
          "schoolDepartment": "LKCSOB"
        },
        "Round 1 Window 4": {
          "term": "2014-15 Term 3A",
          "session": "Regular Academic Session",
          "biddingWindow": "Round 1 Window 4",
          "courseCode": "FNCE101",
          "description": "Finance",
          "section": "G1",
          "vacancy": "45",
          "openingVacancy": "45",
          "beforeProcessVacancy": "29",
          "DICE": "0",
          "afterProcessVacancy": "28",
          "enrolledStudents": "17",
          "medianBid": "10.00",
          "minBid": "10.00",
          "instructor": "TAN ENG JOO, TAN ENG JOO, TAN ENG JOO",
          "schoolDepartment": "LKCSOB"
        }
      }
    }
  },
  "FNCE204 Analysis of Fixed-Income Investments": {
    "JOE ZHANG ZHE, JOE ZHANG ZHE, JOE ZHANG ZHE": {
      "G1": {
        "Round 1 Window 1": {
          "term": "2014-15 Term 3A",
          "session": "Regular Academic Session",
          "biddingWindow": "Round 1 Window 1",
          "courseCode": "FNCE204",
          "description": "Analysis of Fixed-Income Investments",
          "section": "G1",
          "vacancy": "45",
          "openingVacancy": "45",
          "beforeProcessVacancy": "45",
          "DICE": "0",
          "afterProcessVacancy": "21",
          "enrolledStudents": "24",
          "medianBid": "15.02",
          "minBid": "10.00",
          "instructor": "JOE ZHANG ZHE, JOE ZHANG ZHE, JOE ZHANG ZHE",
          "schoolDepartment": "LKCSOB"
        },
        "Round 1 Window 2": {
          "term": "2014-15 Term 3A",
          "session": "Regular Academic Session",
          "biddingWindow": "Round 1 Window 2",
          "courseCode": "FNCE204",
          "description": "Analysis of Fixed-Income Investments",
          "section": "G1",
          "vacancy": "45",
          "openingVacancy": "45",
          "beforeProcessVacancy": "22",
          "DICE": "0",
          "afterProcessVacancy": "17",
          "enrolledStudents": "28",
          "medianBid": "10.10",
          "minBid": "10.00",
          "instructor": "JOE ZHANG ZHE, JOE ZHANG ZHE, JOE ZHANG ZHE",
          "schoolDepartment": "LKCSOB"
        },
        "Round 1 Window 3": {
          "term": "2014-15 Term 3A",
          "session": "Regular Academic Session",
          "biddingWindow": "Round 1 Window 3",
          "courseCode": "FNCE204",
          "description": "Analysis of Fixed-Income Investments",
          "section": "G1",
          "vacancy": "45",
          "openingVacancy": "45",
          "beforeProcessVacancy": "17",
          "DICE": "0",
          "afterProcessVacancy": "17",
          "enrolledStudents": "28",
          "medianBid": "0.00",
          "minBid": "0.00",
          "instructor": "JOE ZHANG ZHE, JOE ZHANG ZHE, JOE ZHANG ZHE",
          "schoolDepartment": "LKCSOB"
        },
        "Round 1 Window 4": {
          "term": "2014-15 Term 3A",
          "session": "Regular Academic Session",
          "biddingWindow": "Round 1 Window 4",
          "courseCode": "FNCE204",
          "description": "Analysis of Fixed-Income Investments",
          "section": "G1",
          "vacancy": "45",
          "openingVacancy": "45",
          "beforeProcessVacancy": "20",
          "DICE": "0",
          "afterProcessVacancy": "14",
          "enrolledStudents": "31",
          "medianBid": "10.00",
          "minBid": "10.00",
          "instructor": "JOE ZHANG ZHE, JOE ZHANG ZHE, JOE ZHANG ZHE",
          "schoolDepartment": "LKCSOB"
        }
      }
    }
  },
  "IS201 Object Oriented Application Development": {
    "LEE YEOW LEONG, LEE YEOW LEONG, LEE YEOW LEONG": {
      "G1": {
        "Round 1 Window 1": {
          "term": "2014-15 Term 3A",
          "session": "Regular Academic Session",
          "biddingWindow": "Round 1 Window 1",
          "courseCode": "IS201",
          "description": "Object Oriented Application Development",
          "section": "G1",
          "vacancy": "45",
          "openingVacancy": "45",
          "beforeProcessVacancy": "45",
          "DICE": "0",
          "afterProcessVacancy": "1",
          "enrolledStudents": "44",
          "medianBid": "12.73",
          "minBid": "10.00",
          "instructor": "LEE YEOW LEONG, LEE YEOW LEONG, LEE YEOW LEONG",
          "schoolDepartment": "SIS"
        },
        "Round 1 Window 2": {
          "term": "2014-15 Term 3A",
          "session": "Regular Academic Session",
          "biddingWindow": "Round 1 Window 2",
          "courseCode": "IS201",
          "description": "Object Oriented Application Development",
          "section": "G1",
          "vacancy": "45",
          "openingVacancy": "45",
          "beforeProcessVacancy": "1",
          "DICE": "0",
          "afterProcessVacancy": "0",
          "enrolledStudents": "45",
          "medianBid": "16.00",
          "minBid": "16.00",
          "instructor": "LEE YEOW LEONG, LEE YEOW LEONG, LEE YEOW LEONG",
          "schoolDepartment": "SIS"
        },
        "Round 1 Window 3": {
          "term": "2014-15 Term 3A",
          "session": "Regular Academic Session",
          "biddingWindow": "Round 1 Window 3",
          "courseCode": "IS201",
          "description": "Object Oriented Application Development",
          "section": "G1",
          "vacancy": "45",
          "openingVacancy": "45",
          "beforeProcessVacancy": "0",
          "DICE": "0",
          "afterProcessVacancy": "0",
          "enrolledStudents": "45",
          "medianBid": "0.00",
          "minBid": "0.00",
          "instructor": "LEE YEOW LEONG, LEE YEOW LEONG, LEE YEOW LEONG",
          "schoolDepartment": "SIS"
        },
        "Round 1 Window 4": {
          "term": "2014-15 Term 3A",
          "session": "Regular Academic Session",
          "biddingWindow": "Round 1 Window 4",
          "courseCode": "IS201",
          "description": "Object Oriented Application Development",
          "section": "G1",
          "vacancy": "45",
          "openingVacancy": "45",
          "beforeProcessVacancy": "0",
          "DICE": "0",
          "afterProcessVacancy": "0",
          "enrolledStudents": "45",
          "medianBid": "0.00",
          "minBid": "0.00",
          "instructor": "LEE YEOW LEONG, LEE YEOW LEONG, LEE YEOW LEONG",
          "schoolDepartment": "SIS"
        }
      }
    }
  },
  "IS480 IS Application Project": {
    "BENJAMIN GAN KOK SIEW": {
      "SG1": {
        "Round 1 Window 1": {
          "term": "2014-15 Term 3A",
          "session": "Regular Academic Session",
          "biddingWindow": "Round 1 Window 1",
          "courseCode": "IS480",
          "description": "IS Application Project",
          "section": "SG1",
          "vacancy": "45",
          "openingVacancy": "0",
          "beforeProcessVacancy": "0",
          "DICE": "0",
          "afterProcessVacancy": "0",
          "enrolledStudents": "0",
          "medianBid": "0.00",
          "minBid": "0.00",
          "instructor": "BENJAMIN GAN KOK SIEW",
          "schoolDepartment": "SIS"
        },
        "Round 1 Window 2": {
          "term": "2014-15 Term 3A",
          "session": "Regular Academic Session",
          "biddingWindow": "Round 1 Window 2",
          "courseCode": "IS480",
          "description": "IS Application Project",
          "section": "SG1",
          "vacancy": "45",
          "openingVacancy": "1",
          "beforeProcessVacancy": "0",
          "DICE": "0",
          "afterProcessVacancy": "0",
          "enrolledStudents": "1",
          "medianBid": "0.00",
          "minBid": "0.00",
          "instructor": "BENJAMIN GAN KOK SIEW",
          "schoolDepartment": "SIS"
        },
        "Round 1 Window 3": {
          "term": "2014-15 Term 3A",
          "session": "Regular Academic Session",
          "biddingWindow": "Round 1 Window 3",
          "courseCode": "IS480",
          "description": "IS Application Project",
          "section": "SG1",
          "vacancy": "45",
          "openingVacancy": "1",
          "beforeProcessVacancy": "0",
          "DICE": "0",
          "afterProcessVacancy": "0",
          "enrolledStudents": "1",
          "medianBid": "0.00",
          "minBid": "0.00",
          "instructor": "BENJAMIN GAN KOK SIEW",
          "schoolDepartment": "SIS"
        },
        "Round 1 Window 4": {
          "term": "2014-15 Term 3A",
          "session": "Regular Academic Session",
          "biddingWindow": "Round 1 Window 4",
          "courseCode": "IS480",
          "description": "IS Application Project",
          "section": "SG1",
          "vacancy": "45",
          "openingVacancy": "1",
          "beforeProcessVacancy": "0",
          "DICE": "0",
          "afterProcessVacancy": "0",
          "enrolledStudents": "1",
          "medianBid": "0.00",
          "minBid": "0.00",
          "instructor": "BENJAMIN GAN KOK SIEW",
          "schoolDepartment": "SIS"
        }
      }
    }
  },
  "LAW001 Ethics & Social Responsibility": {
    "DAVID SMITH, DAVID SMITH, DAVID SMITH": {
      "G1": {
        "Round 1 Window 1": {
          "term": "2014-15 Term 3A",
          "session": "Regular Academic Session",
          "biddingWindow": "Round 1 Window 1",
          "courseCode": "LAW001",
          "description": "Ethics & Social Responsibility",
          "section": "G1",
          "vacancy": "10",
          "openingVacancy": "10",
          "beforeProcessVacancy": "10",
          "DICE": "0",
          "afterProcessVacancy": "5",
          "enrolledStudents": "5",
          "medianBid": "30.01",
          "minBid": "10.00",
          "instructor": "DAVID SMITH, DAVID SMITH, DAVID SMITH",
          "schoolDepartment": "SOL"
        },
        "Round 1 Window 2": {
          "term": "2014-15 Term 3A",
          "session": "Regular Academic Session",
          "biddingWindow": "Round 1 Window 2",
          "courseCode": "LAW001",
          "description": "Ethics & Social Responsibility",
          "section": "G1",
          "vacancy": "10",
          "openingVacancy": "10",
          "beforeProcessVacancy": "7",
          "DICE": "0",
          "afterProcessVacancy": "5",
          "enrolledStudents": "5",
          "medianBid": "10.51",
          "minBid": "10.01",
          "instructor": "DAVID SMITH, DAVID SMITH, DAVID SMITH",
          "schoolDepartment": "SOL"
        },
        "Round 1 Window 3": {
          "term": "2014-15 Term 3A",
          "session": "Regular Academic Session",
          "biddingWindow": "Round 1 Window 3",
          "courseCode": "LAW001",
          "description": "Ethics & Social Responsibility",
          "section": "G1",
          "vacancy": "10",
          "openingVacancy": "10",
          "beforeProcessVacancy": "6",
          "DICE": "0",
          "afterProcessVacancy": "5",
          "enrolledStudents": "5",
          "medianBid": "10.21",
          "minBid": "10.21",
          "instructor": "DAVID SMITH, DAVID SMITH, DAVID SMITH",
          "schoolDepartment": "SOL"
        },
        "Round 1 Window 4": {
          "term": "2014-15 Term 3A",
          "session": "Regular Academic Session",
          "biddingWindow": "Round 1 Window 4",
          "courseCode": "LAW001",
          "description": "Ethics & Social Responsibility",
          "section": "G1",
          "vacancy": "10",
          "openingVacancy": "10",
          "beforeProcessVacancy": "5",
          "DICE": "0",
          "afterProcessVacancy": "5",
          "enrolledStudents": "5",
          "medianBid": "0.00",
          "minBid": "0.00",
          "instructor": "DAVID SMITH, DAVID SMITH, DAVID SMITH",
          "schoolDepartment": "SOL"
        }
      }
    },
    "DAVID SMITH, DAVID SMITH, DAVID SMITH, DAVID SMITH": {
      "G51": {
        "Round 1 Window 1": {
          "term": "2014-15 Term 3A",
          "session": "Regular Academic Session",
          "biddingWindow": "Round 1 Window 1",
          "courseCode": "LAW001",
          "description": "Ethics & Social Responsibility",
          "section": "G51",
          "vacancy": "35",
          "openingVacancy": "35",
          "beforeProcessVacancy": "35",
          "DICE": "0",
          "afterProcessVacancy": "7",
          "enrolledStudents": "28",
          "medianBid": "10.00",
          "minBid": "10.00",
          "instructor": "DAVID SMITH, DAVID SMITH, DAVID SMITH, DAVID SMITH",
          "schoolDepartment": "SOL"
        },
        "Round 1 Window 2": {
          "term": "2014-15 Term 3A",
          "session": "Regular Academic Session",
          "biddingWindow": "Round 1 Window 2",
          "courseCode": "LAW001",
          "description": "Ethics & Social Responsibility",
          "section": "G51",
          "vacancy": "35",
          "openingVacancy": "35",
          "beforeProcessVacancy": "8",
          "DICE": "0",
          "afterProcessVacancy": "6",
          "enrolledStudents": "29",
          "medianBid": "10.00",
          "minBid": "10.00",
          "instructor": "DAVID SMITH, DAVID SMITH, DAVID SMITH, DAVID SMITH",
          "schoolDepartment": "SOL"
        },
        "Round 1 Window 3": {
          "term": "2014-15 Term 3A",
          "session": "Regular Academic Session",
          "biddingWindow": "Round 1 Window 3",
          "courseCode": "LAW001",
          "description": "Ethics & Social Responsibility",
          "section": "G51",
          "vacancy": "35",
          "openingVacancy": "35",
          "beforeProcessVacancy": "6",
          "DICE": "0",
          "afterProcessVacancy": "5",
          "enrolledStudents": "30",
          "medianBid": "10.00",
          "minBid": "10.00",
          "instructor": "DAVID SMITH, DAVID SMITH, DAVID SMITH, DAVID SMITH",
          "schoolDepartment": "SOL"
        },
        "Round 1 Window 4": {
          "term": "2014-15 Term 3A",
          "session": "Regular Academic Session",
          "biddingWindow": "Round 1 Window 4",
          "courseCode": "LAW001",
          "description": "Ethics & Social Responsibility",
          "section": "G51",
          "vacancy": "35",
          "openingVacancy": "35",
          "beforeProcessVacancy": "5",
          "DICE": "0",
          "afterProcessVacancy": "1",
          "enrolledStudents": "34",
          "medianBid": "10.00",
          "minBid": "10.00",
          "instructor": "DAVID SMITH, DAVID SMITH, DAVID SMITH, DAVID SMITH",
          "schoolDepartment": "SOL"
        }
      }
    }
  },
  "LAW401 Intellectual Property Law": {
    "DAVID LLEWELYN, DAVID LLEWELYN, DAVID LLEWELYN": {
      "G1": {
        "Round 1 Window 1": {
          "term": "2014-15 Term 3A",
          "session": "Regular Academic Session",
          "biddingWindow": "Round 1 Window 1",
          "courseCode": "LAW401",
          "description": "Intellectual Property Law",
          "section": "G1",
          "vacancy": "15",
          "openingVacancy": "15",
          "beforeProcessVacancy": "15",
          "DICE": "0",
          "afterProcessVacancy": "10",
          "enrolledStudents": "5",
          "medianBid": "15.00",
          "minBid": "11.37",
          "instructor": "DAVID LLEWELYN, DAVID LLEWELYN, DAVID LLEWELYN",
          "schoolDepartment": "SOL"
        },
        "Round 1 Window 2": {
          "term": "2014-15 Term 3A",
          "session": "Regular Academic Session",
          "biddingWindow": "Round 1 Window 2",
          "courseCode": "LAW401",
          "description": "Intellectual Property Law",
          "section": "G1",
          "vacancy": "15",
          "openingVacancy": "15",
          "beforeProcessVacancy": "11",
          "DICE": "0",
          "afterProcessVacancy": "10",
          "enrolledStudents": "5",
          "medianBid": "12.01",
          "minBid": "12.01",
          "instructor": "DAVID LLEWELYN, DAVID LLEWELYN, DAVID LLEWELYN",
          "schoolDepartment": "SOL"
        },
        "Round 1 Window 3": {
          "term": "2014-15 Term 3A",
          "session": "Regular Academic Session",
          "biddingWindow": "Round 1 Window 3",
          "courseCode": "LAW401",
          "description": "Intellectual Property Law",
          "section": "G1",
          "vacancy": "15",
          "openingVacancy": "15",
          "beforeProcessVacancy": "10",
          "DICE": "0",
          "afterProcessVacancy": "10",
          "enrolledStudents": "5",
          "medianBid": "0.00",
          "minBid": "0.00",
          "instructor": "DAVID LLEWELYN, DAVID LLEWELYN, DAVID LLEWELYN",
          "schoolDepartment": "SOL"
        },
        "Round 1 Window 4": {
          "term": "2014-15 Term 3A",
          "session": "Regular Academic Session",
          "biddingWindow": "Round 1 Window 4",
          "courseCode": "LAW401",
          "description": "Intellectual Property Law",
          "section": "G1",
          "vacancy": "15",
          "openingVacancy": "15",
          "beforeProcessVacancy": "10",
          "DICE": "0",
          "afterProcessVacancy": "9",
          "enrolledStudents": "6",
          "medianBid": "10.02",
          "minBid": "10.02",
          "instructor": "DAVID LLEWELYN, DAVID LLEWELYN, DAVID LLEWELYN",
          "schoolDepartment": "SOL"
        }
      }
    },
    "DAVID LLEWELYN, DAVID LLEWELYN, DAVID LLEWELYN, DAVID LLEWELYN": {
      "G51": {
        "Round 1 Window 1": {
          "term": "2014-15 Term 3A",
          "session": "Regular Academic Session",
          "biddingWindow": "Round 1 Window 1",
          "courseCode": "LAW401",
          "description": "Intellectual Property Law",
          "section": "G51",
          "vacancy": "30",
          "openingVacancy": "30",
          "beforeProcessVacancy": "29",
          "DICE": "0",
          "afterProcessVacancy": "1",
          "enrolledStudents": "29",
          "medianBid": "15.01",
          "minBid": "10.00",
          "instructor": "DAVID LLEWELYN, DAVID LLEWELYN, DAVID LLEWELYN, DAVID LLEWELYN",
          "schoolDepartment": "SOL"
        },
        "Round 1 Window 2": {
          "term": "2014-15 Term 3A",
          "session": "Regular Academic Session",
          "biddingWindow": "Round 1 Window 2",
          "courseCode": "LAW401",
          "description": "Intellectual Property Law",
          "section": "G51",
          "vacancy": "30",
          "openingVacancy": "30",
          "beforeProcessVacancy": "2",
          "DICE": "0",
          "afterProcessVacancy": "1",
          "enrolledStudents": "29",
          "medianBid": "24.94",
          "minBid": "24.94",
          "instructor": "DAVID LLEWELYN, DAVID LLEWELYN, DAVID LLEWELYN, DAVID LLEWELYN",
          "schoolDepartment": "SOL"
        },
        "Round 1 Window 3": {
          "term": "2014-15 Term 3A",
          "session": "Regular Academic Session",
          "biddingWindow": "Round 1 Window 3",
          "courseCode": "LAW401",
          "description": "Intellectual Property Law",
          "section": "G51",
          "vacancy": "30",
          "openingVacancy": "30",
          "beforeProcessVacancy": "2",
          "DICE": "0",
          "afterProcessVacancy": "1",
          "enrolledStudents": "29",
          "medianBid": "10.00",
          "minBid": "10.00",
          "instructor": "DAVID LLEWELYN, DAVID LLEWELYN, DAVID LLEWELYN, DAVID LLEWELYN",
          "schoolDepartment": "SOL"
        },
        "Round 1 Window 4": {
          "term": "2014-15 Term 3A",
          "session": "Regular Academic Session",
          "biddingWindow": "Round 1 Window 4",
          "courseCode": "LAW401",
          "description": "Intellectual Property Law",
          "section": "G51",
          "vacancy": "30",
          "openingVacancy": "30",
          "beforeProcessVacancy": "1",
          "DICE": "0",
          "afterProcessVacancy": "0",
          "enrolledStudents": "30",
          "medianBid": "180.00",
          "minBid": "180.00",
          "instructor": "DAVID LLEWELYN, DAVID LLEWELYN, DAVID LLEWELYN, DAVID LLEWELYN",
          "schoolDepartment": "SOL"
        }
      }
    }
  },
  "LAW402 Chinese Contract Law": {
    "ZHANG WEI, ZHANG WEI, ZHANG WEI": {
      "G1": {
        "Round 1 Window 1": {
          "term": "2014-15 Term 3A",
          "session": "Regular Academic Session",
          "biddingWindow": "Round 1 Window 1",
          "courseCode": "LAW402",
          "description": "Chinese Contract Law",
          "section": "G1",
          "vacancy": "15",
          "openingVacancy": "15",
          "beforeProcessVacancy": "15",
          "DICE": "0",
          "afterProcessVacancy": "12",
          "enrolledStudents": "3",
          "medianBid": "13.79",
          "minBid": "10.01",
          "instructor": "ZHANG WEI, ZHANG WEI, ZHANG WEI",
          "schoolDepartment": "SOL"
        },
        "Round 1 Window 2": {
          "term": "2014-15 Term 3A",
          "session": "Regular Academic Session",
          "biddingWindow": "Round 1 Window 2",
          "courseCode": "LAW402",
          "description": "Chinese Contract Law",
          "section": "G1",
          "vacancy": "15",
          "openingVacancy": "15",
          "beforeProcessVacancy": "13",
          "DICE": "0",
          "afterProcessVacancy": "11",
          "enrolledStudents": "4",
          "medianBid": "30.01",
          "minBid": "10.01",
          "instructor": "ZHANG WEI, ZHANG WEI, ZHANG WEI",
          "schoolDepartment": "SOL"
        },
        "Round 1 Window 3": {
          "term": "2014-15 Term 3A",
          "session": "Regular Academic Session",
          "biddingWindow": "Round 1 Window 3",
          "courseCode": "LAW402",
          "description": "Chinese Contract Law",
          "section": "G1",
          "vacancy": "15",
          "openingVacancy": "15",
          "beforeProcessVacancy": "11",
          "DICE": "0",
          "afterProcessVacancy": "11",
          "enrolledStudents": "4",
          "medianBid": "0.00",
          "minBid": "0.00",
          "instructor": "ZHANG WEI, ZHANG WEI, ZHANG WEI",
          "schoolDepartment": "SOL"
        },
        "Round 1 Window 4": {
          "term": "2014-15 Term 3A",
          "session": "Regular Academic Session",
          "biddingWindow": "Round 1 Window 4",
          "courseCode": "LAW402",
          "description": "Chinese Contract Law",
          "section": "G1",
          "vacancy": "15",
          "openingVacancy": "15",
          "beforeProcessVacancy": "11",
          "DICE": "0",
          "afterProcessVacancy": "11",
          "enrolledStudents": "4",
          "medianBid": "0.00",
          "minBid": "0.00",
          "instructor": "ZHANG WEI, ZHANG WEI, ZHANG WEI",
          "schoolDepartment": "SOL"
        }
      }
    },
    "ZHANG WEI, ZHANG WEI, ZHANG WEI, ZHANG WEI": {
      "G51": {
        "Round 1 Window 1": {
          "term": "2014-15 Term 3A",
          "session": "Regular Academic Session",
          "biddingWindow": "Round 1 Window 1",
          "courseCode": "LAW402",
          "description": "Chinese Contract Law",
          "section": "G51",
          "vacancy": "30",
          "openingVacancy": "30",
          "beforeProcessVacancy": "30",
          "DICE": "0",
          "afterProcessVacancy": "30",
          "enrolledStudents": "0",
          "medianBid": "0.00",
          "minBid": "0.00",
          "instructor": "ZHANG WEI, ZHANG WEI, ZHANG WEI, ZHANG WEI",
          "schoolDepartment": "SOL"
        },
        "Round 1 Window 2": {
          "term": "2014-15 Term 3A",
          "session": "Regular Academic Session",
          "biddingWindow": "Round 1 Window 2",
          "courseCode": "LAW402",
          "description": "Chinese Contract Law",
          "section": "G51",
          "vacancy": "30",
          "openingVacancy": "30",
          "beforeProcessVacancy": "30",
          "DICE": "0",
          "afterProcessVacancy": "20",
          "enrolledStudents": "10",
          "medianBid": "15.00",
          "minBid": "10.00",
          "instructor": "ZHANG WEI, ZHANG WEI, ZHANG WEI, ZHANG WEI",
          "schoolDepartment": "SOL"
        },
        "Round 1 Window 3": {
          "term": "2014-15 Term 3A",
          "session": "Regular Academic Session",
          "biddingWindow": "Round 1 Window 3",
          "courseCode": "LAW402",
          "description": "Chinese Contract Law",
          "section": "G51",
          "vacancy": "30",
          "openingVacancy": "30",
          "beforeProcessVacancy": "20",
          "DICE": "0",
          "afterProcessVacancy": "18",
          "enrolledStudents": "12",
          "medianBid": "35.00",
          "minBid": "20.00",
          "instructor": "ZHANG WEI, ZHANG WEI, ZHANG WEI, ZHANG WEI",
          "schoolDepartment": "SOL"
        },
        "Round 1 Window 4": {
          "term": "2014-15 Term 3A",
          "session": "Regular Academic Session",
          "biddingWindow": "Round 1 Window 4",
          "courseCode": "LAW402",
          "description": "Chinese Contract Law",
          "section": "G51",
          "vacancy": "30",
          "openingVacancy": "30",
          "beforeProcessVacancy": "18",
          "DICE": "0",
          "afterProcessVacancy": "18",
          "enrolledStudents": "12",
          "medianBid": "0.00",
          "minBid": "0.00",
          "instructor": "ZHANG WEI, ZHANG WEI, ZHANG WEI, ZHANG WEI",
          "schoolDepartment": "SOL"
        }
      }
    }
  },
  "LAW425 Advocacy": {
    "": {
      "G1": {
        "Round 1 Window 1": {
          "term": "2014-15 Term 3A",
          "session": "Regular Academic Session",
          "biddingWindow": "Round 1 Window 1",
          "courseCode": "LAW425",
          "description": "Advocacy",
          "section": "G1",
          "vacancy": "10",
          "openingVacancy": "10",
          "beforeProcessVacancy": "10",
          "DICE": "0",
          "afterProcessVacancy": "9",
          "enrolledStudents": "1",
          "medianBid": "12.00",
          "minBid": "12.00",
          "instructor": "",
          "schoolDepartment": "SOL"
        },
        "Round 1 Window 2": {
          "term": "2014-15 Term 3A",
          "session": "Regular Academic Session",
          "biddingWindow": "Round 1 Window 2",
          "courseCode": "LAW425",
          "description": "Advocacy",
          "section": "G1",
          "vacancy": "10",
          "openingVacancy": "10",
          "beforeProcessVacancy": "9",
          "DICE": "0",
          "afterProcessVacancy": "8",
          "enrolledStudents": "2",
          "medianBid": "80.46",
          "minBid": "80.46",
          "instructor": "",
          "schoolDepartment": "SOL"
        },
        "Round 1 Window 3": {
          "term": "2014-15 Term 3A",
          "session": "Regular Academic Session",
          "biddingWindow": "Round 1 Window 3",
          "courseCode": "LAW425",
          "description": "Advocacy",
          "section": "G1",
          "vacancy": "10",
          "openingVacancy": "10",
          "beforeProcessVacancy": "8",
          "DICE": "0",
          "afterProcessVacancy": "8",
          "enrolledStudents": "2",
          "medianBid": "0.00",
          "minBid": "0.00",
          "instructor": "",
          "schoolDepartment": "SOL"
        },
        "Round 1 Window 4": {
          "term": "2014-15 Term 3A",
          "session": "Regular Academic Session",
          "biddingWindow": "Round 1 Window 4",
          "courseCode": "LAW425",
          "description": "Advocacy",
          "section": "G1",
          "vacancy": "10",
          "openingVacancy": "10",
          "beforeProcessVacancy": "8",
          "DICE": "0",
          "afterProcessVacancy": "7",
          "enrolledStudents": "3",
          "medianBid": "99.00",
          "minBid": "99.00",
          "instructor": "",
          "schoolDepartment": "SOL"
        }
      },
      "G51": {
        "Round 1 Window 1": {
          "term": "2014-15 Term 3A",
          "session": "Regular Academic Session",
          "biddingWindow": "Round 1 Window 1",
          "courseCode": "LAW425",
          "description": "Advocacy",
          "section": "G51",
          "vacancy": "14",
          "openingVacancy": "14",
          "beforeProcessVacancy": "13",
          "DICE": "0",
          "afterProcessVacancy": "10",
          "enrolledStudents": "4",
          "medianBid": "50.00",
          "minBid": "10.00",
          "instructor": "",
          "schoolDepartment": "SOL"
        },
        "Round 1 Window 2": {
          "term": "2014-15 Term 3A",
          "session": "Regular Academic Session",
          "biddingWindow": "Round 1 Window 2",
          "courseCode": "LAW425",
          "description": "Advocacy",
          "section": "G51",
          "vacancy": "14",
          "openingVacancy": "14",
          "beforeProcessVacancy": "10",
          "DICE": "0",
          "afterProcessVacancy": "10",
          "enrolledStudents": "4",
          "medianBid": "0.00",
          "minBid": "0.00",
          "instructor": "",
          "schoolDepartment": "SOL"
        },
        "Round 1 Window 3": {
          "term": "2014-15 Term 3A",
          "session": "Regular Academic Session",
          "biddingWindow": "Round 1 Window 3",
          "courseCode": "LAW425",
          "description": "Advocacy",
          "section": "G51",
          "vacancy": "14",
          "openingVacancy": "14",
          "beforeProcessVacancy": "11",
          "DICE": "0",
          "afterProcessVacancy": "11",
          "enrolledStudents": "3",
          "medianBid": "0.00",
          "minBid": "0.00",
          "instructor": "",
          "schoolDepartment": "SOL"
        },
        "Round 1 Window 4": {
          "term": "2014-15 Term 3A",
          "session": "Regular Academic Session",
          "biddingWindow": "Round 1 Window 4",
          "courseCode": "LAW425",
          "description": "Advocacy",
          "section": "G51",
          "vacancy": "14",
          "openingVacancy": "14",
          "beforeProcessVacancy": "11",
          "DICE": "0",
          "afterProcessVacancy": "11",
          "enrolledStudents": "3",
          "medianBid": "0.00",
          "minBid": "0.00",
          "instructor": "",
          "schoolDepartment": "SOL"
        }
      }
    }
  },
  "MGMT003 Business, Government and Society": {
    "FRANCIS PAVRI, FRANCIS PAVRI": {
      "G1": {
        "Round 1 Window 1": {
          "term": "2014-15 Term 3A",
          "session": "Modified Session",
          "biddingWindow": "Round 1 Window 1",
          "courseCode": "MGMT003",
          "description": "Business, Government and Society",
          "section": "G1",
          "vacancy": "45",
          "openingVacancy": "40",
          "beforeProcessVacancy": "14",
          "DICE": "0",
          "afterProcessVacancy": "0",
          "enrolledStudents": "40",
          "medianBid": "20.00",
          "minBid": "10.00",
          "instructor": "FRANCIS PAVRI, FRANCIS PAVRI",
          "schoolDepartment": "LKCSOB"
        },
        "Round 1 Window 2": {
          "term": "2014-15 Term 3A",
          "session": "Modified Session",
          "biddingWindow": "Round 1 Window 2",
          "courseCode": "MGMT003",
          "description": "Business, Government and Society",
          "section": "G1",
          "vacancy": "45",
          "openingVacancy": "40",
          "beforeProcessVacancy": "0",
          "DICE": "0",
          "afterProcessVacancy": "0",
          "enrolledStudents": "40",
          "medianBid": "0.00",
          "minBid": "0.00",
          "instructor": "FRANCIS PAVRI, FRANCIS PAVRI",
          "schoolDepartment": "LKCSOB"
        },
        "Round 1 Window 3": {
          "term": "2014-15 Term 3A",
          "session": "Modified Session",
          "biddingWindow": "Round 1 Window 3",
          "courseCode": "MGMT003",
          "description": "Business, Government and Society",
          "section": "G1",
          "vacancy": "45",
          "openingVacancy": "40",
          "beforeProcessVacancy": "0",
          "DICE": "0",
          "afterProcessVacancy": "0",
          "enrolledStudents": "40",
          "medianBid": "0.00",
          "minBid": "0.00",
          "instructor": "FRANCIS PAVRI, FRANCIS PAVRI",
          "schoolDepartment": "LKCSOB"
        },
        "Round 1 Window 4": {
          "term": "2014-15 Term 3A",
          "session": "Modified Session",
          "biddingWindow": "Round 1 Window 4",
          "courseCode": "MGMT003",
          "description": "Business, Government and Society",
          "section": "G1",
          "vacancy": "45",
          "openingVacancy": "40",
          "beforeProcessVacancy": "1",
          "DICE": "0",
          "afterProcessVacancy": "0",
          "enrolledStudents": "40",
          "medianBid": "40.00",
          "minBid": "40.00",
          "instructor": "FRANCIS PAVRI, FRANCIS PAVRI",
          "schoolDepartment": "LKCSOB"
        }
      }
    }
  },
  "MGMT004 Creative Thinking": {
    "CINDY ONG": {
      "G1": {
        "Round 1 Window 1": {
          "term": "2014-15 Term 3A",
          "session": "Modified Session",
          "biddingWindow": "Round 1 Window 1",
          "courseCode": "MGMT004",
          "description": "Creative Thinking",
          "section": "G1",
          "vacancy": "45",
          "openingVacancy": "40",
          "beforeProcessVacancy": "14",
          "DICE": "0",
          "afterProcessVacancy": "12",
          "enrolledStudents": "28",
          "medianBid": "11.01",
          "minBid": "10.00",
          "instructor": "CINDY ONG",
          "schoolDepartment": "LKCSOB"
        },
        "Round 1 Window 2": {
          "term": "2014-15 Term 3A",
          "session": "Modified Session",
          "biddingWindow": "Round 1 Window 2",
          "courseCode": "MGMT004",
          "description": "Creative Thinking",
          "section": "G1",
          "vacancy": "45",
          "openingVacancy": "40",
          "beforeProcessVacancy": "12",
          "DICE": "0",
          "afterProcessVacancy": "10",
          "enrolledStudents": "30",
          "medianBid": "15.50",
          "minBid": "12.00",
          "instructor": "CINDY ONG",
          "schoolDepartment": "LKCSOB"
        },
        "Round 1 Window 3": {
          "term": "2014-15 Term 3A",
          "session": "Modified Session",
          "biddingWindow": "Round 1 Window 3",
          "courseCode": "MGMT004",
          "description": "Creative Thinking",
          "section": "G1",
          "vacancy": "45",
          "openingVacancy": "40",
          "beforeProcessVacancy": "11",
          "DICE": "0",
          "afterProcessVacancy": "9",
          "enrolledStudents": "31",
          "medianBid": "13.39",
          "minBid": "12.78",
          "instructor": "CINDY ONG",
          "schoolDepartment": "LKCSOB"
        },
        "Round 1 Window 4": {
          "term": "2014-15 Term 3A",
          "session": "Modified Session",
          "biddingWindow": "Round 1 Window 4",
          "courseCode": "MGMT004",
          "description": "Creative Thinking",
          "section": "G1",
          "vacancy": "45",
          "openingVacancy": "40",
          "beforeProcessVacancy": "9",
          "DICE": "0",
          "afterProcessVacancy": "9",
          "enrolledStudents": "31",
          "medianBid": "0.00",
          "minBid": "0.00",
          "instructor": "CINDY ONG",
          "schoolDepartment": "LKCSOB"
        }
      }
    }
  },
  "MGMT315 Global Mega-Trends": {
    "FRANK SIEGFRIED, FRANK SIEGFRIED, FRANK SIEGFRIED": {
      "G1": {
        "Round 1 Window 1": {
          "term": "2014-15 Term 3A",
          "session": "Regular Academic Session",
          "biddingWindow": "Round 1 Window 1",
          "courseCode": "MGMT315",
          "description": "Global Mega-Trends",
          "section": "G1",
          "vacancy": "45",
          "openingVacancy": "45",
          "beforeProcessVacancy": "45",
          "DICE": "0",
          "afterProcessVacancy": "0",
          "enrolledStudents": "45",
          "medianBid": "26.67",
          "minBid": "16.89",
          "instructor": "FRANK SIEGFRIED, FRANK SIEGFRIED, FRANK SIEGFRIED",
          "schoolDepartment": "LKCSOB"
        },
        "Round 1 Window 2": {
          "term": "2014-15 Term 3A",
          "session": "Regular Academic Session",
          "biddingWindow": "Round 1 Window 2",
          "courseCode": "MGMT315",
          "description": "Global Mega-Trends",
          "section": "G1",
          "vacancy": "45",
          "openingVacancy": "45",
          "beforeProcessVacancy": "1",
          "DICE": "0",
          "afterProcessVacancy": "0",
          "enrolledStudents": "45",
          "medianBid": "57.00",
          "minBid": "57.00",
          "instructor": "FRANK SIEGFRIED, FRANK SIEGFRIED, FRANK SIEGFRIED",
          "schoolDepartment": "LKCSOB"
        },
        "Round 1 Window 3": {
          "term": "2014-15 Term 3A",
          "session": "Regular Academic Session",
          "biddingWindow": "Round 1 Window 3",
          "courseCode": "MGMT315",
          "description": "Global Mega-Trends",
          "section": "G1",
          "vacancy": "45",
          "openingVacancy": "45",
          "beforeProcessVacancy": "0",
          "DICE": "0",
          "afterProcessVacancy": "0",
          "enrolledStudents": "45",
          "medianBid": "0.00",
          "minBid": "0.00",
          "instructor": "FRANK SIEGFRIED, FRANK SIEGFRIED, FRANK SIEGFRIED",
          "schoolDepartment": "LKCSOB"
        },
        "Round 1 Window 4": {
          "term": "2014-15 Term 3A",
          "session": "Regular Academic Session",
          "biddingWindow": "Round 1 Window 4",
          "courseCode": "MGMT315",
          "description": "Global Mega-Trends",
          "section": "G1",
          "vacancy": "45",
          "openingVacancy": "45",
          "beforeProcessVacancy": "0",
          "DICE": "0",
          "afterProcessVacancy": "0",
          "enrolledStudents": "45",
          "medianBid": "0.00",
          "minBid": "0.00",
          "instructor": "FRANK SIEGFRIED, FRANK SIEGFRIED, FRANK SIEGFRIED",
          "schoolDepartment": "LKCSOB"
        }
      }
    }
  },
  "MKTG207 Marketing Strategy": {
    "LEE PUI YEE, MICHELLE, LEE PUI YEE, MICHELLE, LEE PUI YEE, MICHELLE": {
      "G1": {
        "Round 1 Window 1": {
          "term": "2014-15 Term 3A",
          "session": "Regular Academic Session",
          "biddingWindow": "Round 1 Window 1",
          "courseCode": "MKTG207",
          "description": "Marketing Strategy",
          "section": "G1",
          "vacancy": "45",
          "openingVacancy": "45",
          "beforeProcessVacancy": "45",
          "DICE": "0",
          "afterProcessVacancy": "34",
          "enrolledStudents": "11",
          "medianBid": "10.50",
          "minBid": "10.00",
          "instructor": "LEE PUI YEE, MICHELLE, LEE PUI YEE, MICHELLE, LEE PUI YEE, MICHELLE",
          "schoolDepartment": "LKCSOB"
        },
        "Round 1 Window 2": {
          "term": "2014-15 Term 3A",
          "session": "Regular Academic Session",
          "biddingWindow": "Round 1 Window 2",
          "courseCode": "MKTG207",
          "description": "Marketing Strategy",
          "section": "G1",
          "vacancy": "45",
          "openingVacancy": "45",
          "beforeProcessVacancy": "34",
          "DICE": "0",
          "afterProcessVacancy": "32",
          "enrolledStudents": "13",
          "medianBid": "14.45",
          "minBid": "13.89",
          "instructor": "LEE PUI YEE, MICHELLE, LEE PUI YEE, MICHELLE, LEE PUI YEE, MICHELLE",
          "schoolDepartment": "LKCSOB"
        },
        "Round 1 Window 3": {
          "term": "2014-15 Term 3A",
          "session": "Regular Academic Session",
          "biddingWindow": "Round 1 Window 3",
          "courseCode": "MKTG207",
          "description": "Marketing Strategy",
          "section": "G1",
          "vacancy": "45",
          "openingVacancy": "45",
          "beforeProcessVacancy": "32",
          "DICE": "0",
          "afterProcessVacancy": "31",
          "enrolledStudents": "14",
          "medianBid": "10.00",
          "minBid": "10.00",
          "instructor": "LEE PUI YEE, MICHELLE, LEE PUI YEE, MICHELLE, LEE PUI YEE, MICHELLE",
          "schoolDepartment": "LKCSOB"
        },
        "Round 1 Window 4": {
          "term": "2014-15 Term 3A",
          "session": "Regular Academic Session",
          "biddingWindow": "Round 1 Window 4",
          "courseCode": "MKTG207",
          "description": "Marketing Strategy",
          "section": "G1",
          "vacancy": "45",
          "openingVacancy": "45",
          "beforeProcessVacancy": "32",
          "DICE": "0",
          "afterProcessVacancy": "27",
          "enrolledStudents": "18",
          "medianBid": "10.01",
          "minBid": "10.00",
          "instructor": "LEE PUI YEE, MICHELLE, LEE PUI YEE, MICHELLE, LEE PUI YEE, MICHELLE",
          "schoolDepartment": "LKCSOB"
        }
      }
    }
  },
  "OBHR101 Management of People at Work": {
    "MA KHENG MIN, MA KHENG MIN, MA KHENG MIN, MA KHENG MIN": {
      "G1": {
        "Round 1 Window 1": {
          "term": "2014-15 Term 3A",
          "session": "Regular Academic Session",
          "biddingWindow": "Round 1 Window 1",
          "courseCode": "OBHR101",
          "description": "Management of People at Work",
          "section": "G1",
          "vacancy": "45",
          "openingVacancy": "45",
          "beforeProcessVacancy": "45",
          "DICE": "0",
          "afterProcessVacancy": "26",
          "enrolledStudents": "19",
          "medianBid": "11.95",
          "minBid": "10.00",
          "instructor": "MA KHENG MIN, MA KHENG MIN, MA KHENG MIN, MA KHENG MIN",
          "schoolDepartment": "LKCSOB"
        },
        "Round 1 Window 2": {
          "term": "2014-15 Term 3A",
          "session": "Regular Academic Session",
          "biddingWindow": "Round 1 Window 2",
          "courseCode": "OBHR101",
          "description": "Management of People at Work",
          "section": "G1",
          "vacancy": "45",
          "openingVacancy": "45",
          "beforeProcessVacancy": "27",
          "DICE": "0",
          "afterProcessVacancy": "25",
          "enrolledStudents": "20",
          "medianBid": "10.28",
          "minBid": "10.00",
          "instructor": "MA KHENG MIN, MA KHENG MIN, MA KHENG MIN, MA KHENG MIN",
          "schoolDepartment": "LKCSOB"
        },
        "Round 1 Window 3": {
          "term": "2014-15 Term 3A",
          "session": "Regular Academic Session",
          "biddingWindow": "Round 1 Window 3",
          "courseCode": "OBHR101",
          "description": "Management of People at Work",
          "section": "G1",
          "vacancy": "45",
          "openingVacancy": "45",
          "beforeProcessVacancy": "26",
          "DICE": "0",
          "afterProcessVacancy": "23",
          "enrolledStudents": "22",
          "medianBid": "12.38",
          "minBid": "10.00",
          "instructor": "MA KHENG MIN, MA KHENG MIN, MA KHENG MIN, MA KHENG MIN",
          "schoolDepartment": "LKCSOB"
        },
        "Round 1 Window 4": {
          "term": "2014-15 Term 3A",
          "session": "Regular Academic Session",
          "biddingWindow": "Round 1 Window 4",
          "courseCode": "OBHR101",
          "description": "Management of People at Work",
          "section": "G1",
          "vacancy": "45",
          "openingVacancy": "45",
          "beforeProcessVacancy": "23",
          "DICE": "0",
          "afterProcessVacancy": "13",
          "enrolledStudents": "32",
          "medianBid": "22.50",
          "minBid": "10.00",
          "instructor": "MA KHENG MIN, MA KHENG MIN, MA KHENG MIN, MA KHENG MIN",
          "schoolDepartment": "LKCSOB"
        }
      }
    },
    "": {
      "G2": {
        "Round 1 Window 1": {
          "term": "2014-15 Term 3A",
          "session": "Regular Academic Session",
          "biddingWindow": "Round 1 Window 1",
          "courseCode": "OBHR101",
          "description": "Management of People at Work",
          "section": "G2",
          "vacancy": "45",
          "openingVacancy": "45",
          "beforeProcessVacancy": "45",
          "DICE": "0",
          "afterProcessVacancy": "37",
          "enrolledStudents": "8",
          "medianBid": "13.59",
          "minBid": "10.00",
          "instructor": "",
          "schoolDepartment": "LKCSOB"
        },
        "Round 1 Window 2": {
          "term": "2014-15 Term 3A",
          "session": "Regular Academic Session",
          "biddingWindow": "Round 1 Window 2",
          "courseCode": "OBHR101",
          "description": "Management of People at Work",
          "section": "G2",
          "vacancy": "45",
          "openingVacancy": "45",
          "beforeProcessVacancy": "37",
          "DICE": "0",
          "afterProcessVacancy": "35",
          "enrolledStudents": "10",
          "medianBid": "25.00",
          "minBid": "20.00",
          "instructor": "",
          "schoolDepartment": "LKCSOB"
        },
        "Round 1 Window 3": {
          "term": "2014-15 Term 3A",
          "session": "Regular Academic Session",
          "biddingWindow": "Round 1 Window 3",
          "courseCode": "OBHR101",
          "description": "Management of People at Work",
          "section": "G2",
          "vacancy": "45",
          "openingVacancy": "45",
          "beforeProcessVacancy": "36",
          "DICE": "0",
          "afterProcessVacancy": "32",
          "enrolledStudents": "13",
          "medianBid": "17.69",
          "minBid": "10.00",
          "instructor": "",
          "schoolDepartment": "LKCSOB"
        }
      }
    }
  },
  "OBHR211 Governing, Managing and Protecting Knowledge in Organisations": {
    "THOMAS MENKHOFF, THOMAS MENKHOFF, THOMAS MENKHOFF": {
      "G1": {
        "Round 1 Window 1": {
          "term": "2014-15 Term 3A",
          "session": "Regular Academic Session",
          "biddingWindow": "Round 1 Window 1",
          "courseCode": "OBHR211",
          "description": "Governing, Managing and Protecting Knowledge in Organisations",
          "section": "G1",
          "vacancy": "45",
          "openingVacancy": "45",
          "beforeProcessVacancy": "45",
          "DICE": "0",
          "afterProcessVacancy": "29",
          "enrolledStudents": "16",
          "medianBid": "15.57",
          "minBid": "10.00",
          "instructor": "THOMAS MENKHOFF, THOMAS MENKHOFF, THOMAS MENKHOFF",
          "schoolDepartment": "LKCSOB"
        },
        "Round 1 Window 2": {
          "term": "2014-15 Term 3A",
          "session": "Regular Academic Session",
          "biddingWindow": "Round 1 Window 2",
          "courseCode": "OBHR211",
          "description": "Governing, Managing and Protecting Knowledge in Organisations",
          "section": "G1",
          "vacancy": "45",
          "openingVacancy": "45",
          "beforeProcessVacancy": "29",
          "DICE": "0",
          "afterProcessVacancy": "28",
          "enrolledStudents": "17",
          "medianBid": "10.00",
          "minBid": "10.00",
          "instructor": "THOMAS MENKHOFF, THOMAS MENKHOFF, THOMAS MENKHOFF",
          "schoolDepartment": "LKCSOB"
        },
        "Round 1 Window 3": {
          "term": "2014-15 Term 3A",
          "session": "Regular Academic Session",
          "biddingWindow": "Round 1 Window 3",
          "courseCode": "OBHR211",
          "description": "Governing, Managing and Protecting Knowledge in Organisations",
          "section": "G1",
          "vacancy": "45",
          "openingVacancy": "45",
          "beforeProcessVacancy": "28",
          "DICE": "0",
          "afterProcessVacancy": "28",
          "enrolledStudents": "17",
          "medianBid": "0.00",
          "minBid": "0.00",
          "instructor": "THOMAS MENKHOFF, THOMAS MENKHOFF, THOMAS MENKHOFF",
          "schoolDepartment": "LKCSOB"
        },
        "Round 1 Window 4": {
          "term": "2014-15 Term 3A",
          "session": "Regular Academic Session",
          "biddingWindow": "Round 1 Window 4",
          "courseCode": "OBHR211",
          "description": "Governing, Managing and Protecting Knowledge in Organisations",
          "section": "G1",
          "vacancy": "45",
          "openingVacancy": "45",
          "beforeProcessVacancy": "29",
          "DICE": "0",
          "afterProcessVacancy": "25",
          "enrolledStudents": "20",
          "medianBid": "11.00",
          "minBid": "10.01",
          "instructor": "THOMAS MENKHOFF, THOMAS MENKHOFF, THOMAS MENKHOFF",
          "schoolDepartment": "LKCSOB"
        }
      }
    }
  },
  "OPIM101 Management Science": {
    "MARCUS ANG TECK MENG, MARCUS ANG TECK MENG, MARCUS ANG TECK MENG": {
      "G1": {
        "Round 1 Window 1": {
          "term": "2014-15 Term 3A",
          "session": "Regular Academic Session",
          "biddingWindow": "Round 1 Window 1",
          "courseCode": "OPIM101",
          "description": "Management Science",
          "section": "G1",
          "vacancy": "45",
          "openingVacancy": "45",
          "beforeProcessVacancy": "45",
          "DICE": "0",
          "afterProcessVacancy": "23",
          "enrolledStudents": "22",
          "medianBid": "11.56",
          "minBid": "10.00",
          "instructor": "MARCUS ANG TECK MENG, MARCUS ANG TECK MENG, MARCUS ANG TECK MENG",
          "schoolDepartment": "LKCSOB"
        },
        "Round 1 Window 2": {
          "term": "2014-15 Term 3A",
          "session": "Regular Academic Session",
          "biddingWindow": "Round 1 Window 2",
          "courseCode": "OPIM101",
          "description": "Management Science",
          "section": "G1",
          "vacancy": "45",
          "openingVacancy": "45",
          "beforeProcessVacancy": "24",
          "DICE": "0",
          "afterProcessVacancy": "21",
          "enrolledStudents": "24",
          "medianBid": "10.05",
          "minBid": "10.00",
          "instructor": "MARCUS ANG TECK MENG, MARCUS ANG TECK MENG, MARCUS ANG TECK MENG",
          "schoolDepartment": "LKCSOB"
        },
        "Round 1 Window 3": {
          "term": "2014-15 Term 3A",
          "session": "Regular Academic Session",
          "biddingWindow": "Round 1 Window 3",
          "courseCode": "OPIM101",
          "description": "Management Science",
          "section": "G1",
          "vacancy": "45",
          "openingVacancy": "45",
          "beforeProcessVacancy": "21",
          "DICE": "0",
          "afterProcessVacancy": "20",
          "enrolledStudents": "25",
          "medianBid": "10.00",
          "minBid": "10.00",
          "instructor": "MARCUS ANG TECK MENG, MARCUS ANG TECK MENG, MARCUS ANG TECK MENG",
          "schoolDepartment": "LKCSOB"
        },
        "Round 1 Window 4": {
          "term": "2014-15 Term 3A",
          "session": "Regular Academic Session",
          "biddingWindow": "Round 1 Window 4",
          "courseCode": "OPIM101",
          "description": "Management Science",
          "section": "G1",
          "vacancy": "45",
          "openingVacancy": "45",
          "beforeProcessVacancy": "21",
          "DICE": "0",
          "afterProcessVacancy": "19",
          "enrolledStudents": "26",
          "medianBid": "10.01",
          "minBid": "10.00",
          "instructor": "MARCUS ANG TECK MENG, MARCUS ANG TECK MENG, MARCUS ANG TECK MENG",
          "schoolDepartment": "LKCSOB"
        }
      },
      "G2": {
        "Round 1 Window 1": {
          "term": "2014-15 Term 3A",
          "session": "Regular Academic Session",
          "biddingWindow": "Round 1 Window 1",
          "courseCode": "OPIM101",
          "description": "Management Science",
          "section": "G2",
          "vacancy": "45",
          "openingVacancy": "45",
          "beforeProcessVacancy": "45",
          "DICE": "0",
          "afterProcessVacancy": "16",
          "enrolledStudents": "29",
          "medianBid": "11.05",
          "minBid": "10.00",
          "instructor": "MARCUS ANG TECK MENG, MARCUS ANG TECK MENG, MARCUS ANG TECK MENG",
          "schoolDepartment": "LKCSOB"
        },
        "Round 1 Window 2": {
          "term": "2014-15 Term 3A",
          "session": "Regular Academic Session",
          "biddingWindow": "Round 1 Window 2",
          "courseCode": "OPIM101",
          "description": "Management Science",
          "section": "G2",
          "vacancy": "45",
          "openingVacancy": "45",
          "beforeProcessVacancy": "16",
          "DICE": "0",
          "afterProcessVacancy": "13",
          "enrolledStudents": "32",
          "medianBid": "15.59",
          "minBid": "12.50",
          "instructor": "MARCUS ANG TECK MENG, MARCUS ANG TECK MENG, MARCUS ANG TECK MENG",
          "schoolDepartment": "LKCSOB"
        },
        "Round 1 Window 3": {
          "term": "2014-15 Term 3A",
          "session": "Regular Academic Session",
          "biddingWindow": "Round 1 Window 3",
          "courseCode": "OPIM101",
          "description": "Management Science",
          "section": "G2",
          "vacancy": "45",
          "openingVacancy": "45",
          "beforeProcessVacancy": "13",
          "DICE": "0",
          "afterProcessVacancy": "10",
          "enrolledStudents": "35",
          "medianBid": "12.51",
          "minBid": "12.00",
          "instructor": "MARCUS ANG TECK MENG, MARCUS ANG TECK MENG, MARCUS ANG TECK MENG",
          "schoolDepartment": "LKCSOB"
        },
        "Round 1 Window 4": {
          "term": "2014-15 Term 3A",
          "session": "Regular Academic Session",
          "biddingWindow": "Round 1 Window 4",
          "courseCode": "OPIM101",
          "description": "Management Science",
          "section": "G2",
          "vacancy": "45",
          "openingVacancy": "45",
          "beforeProcessVacancy": "10",
          "DICE": "0",
          "afterProcessVacancy": "9",
          "enrolledStudents": "36",
          "medianBid": "12.02",
          "minBid": "12.02",
          "instructor": "MARCUS ANG TECK MENG, MARCUS ANG TECK MENG, MARCUS ANG TECK MENG",
          "schoolDepartment": "LKCSOB"
        }
      }
    }
  },
  "OPIM331 Computer Simulation": {
    "YANG KUM KHIONG, YANG KUM KHIONG, YANG KUM KHIONG": {
      "G1": {
        "Round 1 Window 1": {
          "term": "2014-15 Term 3A",
          "session": "Regular Academic Session",
          "biddingWindow": "Round 1 Window 1",
          "courseCode": "OPIM331",
          "description": "Computer Simulation",
          "section": "G1",
          "vacancy": "45",
          "openingVacancy": "45",
          "beforeProcessVacancy": "45",
          "DICE": "0",
          "afterProcessVacancy": "26",
          "enrolledStudents": "19",
          "medianBid": "16.65",
          "minBid": "10.00",
          "instructor": "YANG KUM KHIONG, YANG KUM KHIONG, YANG KUM KHIONG",
          "schoolDepartment": "LKCSOB"
        },
        "Round 1 Window 2": {
          "term": "2014-15 Term 3A",
          "session": "Regular Academic Session",
          "biddingWindow": "Round 1 Window 2",
          "courseCode": "OPIM331",
          "description": "Computer Simulation",
          "section": "G1",
          "vacancy": "45",
          "openingVacancy": "45",
          "beforeProcessVacancy": "28",
          "DICE": "0",
          "afterProcessVacancy": "24",
          "enrolledStudents": "21",
          "medianBid": "14.34",
          "minBid": "10.00",
          "instructor": "YANG KUM KHIONG, YANG KUM KHIONG, YANG KUM KHIONG",
          "schoolDepartment": "LKCSOB"
        },
        "Round 1 Window 3": {
          "term": "2014-15 Term 3A",
          "session": "Regular Academic Session",
          "biddingWindow": "Round 1 Window 3",
          "courseCode": "OPIM331",
          "description": "Computer Simulation",
          "section": "G1",
          "vacancy": "45",
          "openingVacancy": "45",
          "beforeProcessVacancy": "26",
          "DICE": "0",
          "afterProcessVacancy": "24",
          "enrolledStudents": "21",
          "medianBid": "10.01",
          "minBid": "10.00",
          "instructor": "YANG KUM KHIONG, YANG KUM KHIONG, YANG KUM KHIONG",
          "schoolDepartment": "LKCSOB"
        },
        "Round 1 Window 4": {
          "term": "2014-15 Term 3A",
          "session": "Regular Academic Session",
          "biddingWindow": "Round 1 Window 4",
          "courseCode": "OPIM331",
          "description": "Computer Simulation",
          "section": "G1",
          "vacancy": "45",
          "openingVacancy": "45",
          "beforeProcessVacancy": "24",
          "DICE": "0",
          "afterProcessVacancy": "22",
          "enrolledStudents": "23",
          "medianBid": "12.56",
          "minBid": "11.11",
          "instructor": "YANG KUM KHIONG, YANG KUM KHIONG, YANG KUM KHIONG",
          "schoolDepartment": "LKCSOB"
        }
      }
    }
  },
  "STEC206 Introduction to Physical Science": {
    "ELIZABETH S. ONG, ELIZABETH S. ONG, ELIZABETH S. ONG": {
      "G1": {
        "Round 1 Window 1": {
          "term": "2014-15 Term 3A",
          "session": "Regular Academic Session",
          "biddingWindow": "Round 1 Window 1",
          "courseCode": "STEC206",
          "description": "Introduction to Physical Science",
          "section": "G1",
          "vacancy": "45",
          "openingVacancy": "45",
          "beforeProcessVacancy": "45",
          "DICE": "0",
          "afterProcessVacancy": "30",
          "enrolledStudents": "15",
          "medianBid": "10.10",
          "minBid": "10.00",
          "instructor": "ELIZABETH S. ONG, ELIZABETH S. ONG, ELIZABETH S. ONG",
          "schoolDepartment": "SOSS"
        },
        "Round 1 Window 2": {
          "term": "2014-15 Term 3A",
          "session": "Regular Academic Session",
          "biddingWindow": "Round 1 Window 2",
          "courseCode": "STEC206",
          "description": "Introduction to Physical Science",
          "section": "G1",
          "vacancy": "45",
          "openingVacancy": "45",
          "beforeProcessVacancy": "32",
          "DICE": "0",
          "afterProcessVacancy": "32",
          "enrolledStudents": "13",
          "medianBid": "0.00",
          "minBid": "0.00",
          "instructor": "ELIZABETH S. ONG, ELIZABETH S. ONG, ELIZABETH S. ONG",
          "schoolDepartment": "SOSS"
        },
        "Round 1 Window 3": {
          "term": "2014-15 Term 3A",
          "session": "Regular Academic Session",
          "biddingWindow": "Round 1 Window 3",
          "courseCode": "STEC206",
          "description": "Introduction to Physical Science",
          "section": "G1",
          "vacancy": "45",
          "openingVacancy": "45",
          "beforeProcessVacancy": "32",
          "DICE": "0",
          "afterProcessVacancy": "32",
          "enrolledStudents": "13",
          "medianBid": "0.00",
          "minBid": "0.00",
          "instructor": "ELIZABETH S. ONG, ELIZABETH S. ONG, ELIZABETH S. ONG",
          "schoolDepartment": "SOSS"
        },
        "Round 1 Window 4": {
          "term": "2014-15 Term 3A",
          "session": "Regular Academic Session",
          "biddingWindow": "Round 1 Window 4",
          "courseCode": "STEC206",
          "description": "Introduction to Physical Science",
          "section": "G1",
          "vacancy": "45",
          "openingVacancy": "45",
          "beforeProcessVacancy": "32",
          "DICE": "0",
          "afterProcessVacancy": "27",
          "enrolledStudents": "18",
          "medianBid": "10.00",
          "minBid": "10.00",
          "instructor": "ELIZABETH S. ONG, ELIZABETH S. ONG, ELIZABETH S. ONG",
          "schoolDepartment": "SOSS"
        }
      }
    }
  },
  "STEC210 Biotechnology and Bioentrepreneurship": {
    "": {
      "G1": {
        "Round 1 Window 1": {
          "term": "2014-15 Term 3A",
          "session": "Regular Academic Session",
          "biddingWindow": "Round 1 Window 1",
          "courseCode": "STEC210",
          "description": "Biotechnology and Bioentrepreneurship",
          "section": "G1",
          "vacancy": "45",
          "openingVacancy": "45",
          "beforeProcessVacancy": "45",
          "DICE": "0",
          "afterProcessVacancy": "40",
          "enrolledStudents": "5",
          "medianBid": "20.00",
          "minBid": "11.00",
          "instructor": "",
          "schoolDepartment": "SOSS"
        },
        "Round 1 Window 2": {
          "term": "2014-15 Term 3A",
          "session": "Regular Academic Session",
          "biddingWindow": "Round 1 Window 2",
          "courseCode": "STEC210",
          "description": "Biotechnology and Bioentrepreneurship",
          "section": "G1",
          "vacancy": "45",
          "openingVacancy": "45",
          "beforeProcessVacancy": "40",
          "DICE": "0",
          "afterProcessVacancy": "38",
          "enrolledStudents": "7",
          "medianBid": "10.00",
          "minBid": "10.00",
          "instructor": "",
          "schoolDepartment": "SOSS"
        },
        "Round 1 Window 3": {
          "term": "2014-15 Term 3A",
          "session": "Regular Academic Session",
          "biddingWindow": "Round 1 Window 3",
          "courseCode": "STEC210",
          "description": "Biotechnology and Bioentrepreneurship",
          "section": "G1",
          "vacancy": "45",
          "openingVacancy": "45",
          "beforeProcessVacancy": "38",
          "DICE": "0",
          "afterProcessVacancy": "38",
          "enrolledStudents": "7",
          "medianBid": "0.00",
          "minBid": "0.00",
          "instructor": "",
          "schoolDepartment": "SOSS"
        },
        "Round 1 Window 4": {
          "term": "2014-15 Term 3A",
          "session": "Regular Academic Session",
          "biddingWindow": "Round 1 Window 4",
          "courseCode": "STEC210",
          "description": "Biotechnology and Bioentrepreneurship",
          "section": "G1",
          "vacancy": "45",
          "openingVacancy": "45",
          "beforeProcessVacancy": "41",
          "DICE": "0",
          "afterProcessVacancy": "41",
          "enrolledStudents": "4",
          "medianBid": "0.00",
          "minBid": "0.00",
          "instructor": "",
          "schoolDepartment": "SOSS"
        }
      }
    }
  },
  "STEC211 The Business of Biotechnology": {
    "": {
      "G1": {
        "Round 1 Window 1": {
          "term": "2014-15 Term 3A",
          "session": "Regular Academic Session",
          "biddingWindow": "Round 1 Window 1",
          "courseCode": "STEC211",
          "description": "The Business of Biotechnology",
          "section": "G1",
          "vacancy": "45",
          "openingVacancy": "45",
          "beforeProcessVacancy": "45",
          "DICE": "0",
          "afterProcessVacancy": "39",
          "enrolledStudents": "6",
          "medianBid": "30.28",
          "minBid": "10.00",
          "instructor": "",
          "schoolDepartment": "SOSS"
        },
        "Round 1 Window 2": {
          "term": "2014-15 Term 3A",
          "session": "Regular Academic Session",
          "biddingWindow": "Round 1 Window 2",
          "courseCode": "STEC211",
          "description": "The Business of Biotechnology",
          "section": "G1",
          "vacancy": "45",
          "openingVacancy": "45",
          "beforeProcessVacancy": "40",
          "DICE": "0",
          "afterProcessVacancy": "39",
          "enrolledStudents": "6",
          "medianBid": "10.00",
          "minBid": "10.00",
          "instructor": "",
          "schoolDepartment": "SOSS"
        },
        "Round 1 Window 3": {
          "term": "2014-15 Term 3A",
          "session": "Regular Academic Session",
          "biddingWindow": "Round 1 Window 3",
          "courseCode": "STEC211",
          "description": "The Business of Biotechnology",
          "section": "G1",
          "vacancy": "45",
          "openingVacancy": "45",
          "beforeProcessVacancy": "39",
          "DICE": "0",
          "afterProcessVacancy": "38",
          "enrolledStudents": "7",
          "medianBid": "20.00",
          "minBid": "20.00",
          "instructor": "",
          "schoolDepartment": "SOSS"
        },
        "Round 1 Window 4": {
          "term": "2014-15 Term 3A",
          "session": "Regular Academic Session",
          "biddingWindow": "Round 1 Window 4",
          "courseCode": "STEC211",
          "description": "The Business of Biotechnology",
          "section": "G1",
          "vacancy": "45",
          "openingVacancy": "45",
          "beforeProcessVacancy": "38",
          "DICE": "0",
          "afterProcessVacancy": "37",
          "enrolledStudents": "8",
          "medianBid": "29.11",
          "minBid": "29.11",
          "instructor": "",
          "schoolDepartment": "SOSS"
        }
      }
    }
  },
  "FNCE102 Financial Instruments, Institutions and Markets": {
    "": {
      "G1": {
        "Round 1 Window 1": {
          "term": "2014-15 Term 3A",
          "session": "Regular Academic Session",
          "biddingWindow": "Round 1 Window 1",
          "courseCode": "FNCE102",
          "description": "Financial Instruments, Institutions and Markets",
          "section": "G1",
          "vacancy": "45",
          "openingVacancy": "45",
          "beforeProcessVacancy": "45",
          "DICE": "0",
          "afterProcessVacancy": "37",
          "enrolledStudents": "8",
          "medianBid": "12.67",
          "minBid": "10.00",
          "instructor": "",
          "schoolDepartment": "LKCSOB"
        },
        "Round 1 Window 2": {
          "term": "2014-15 Term 3A",
          "session": "Regular Academic Session",
          "biddingWindow": "Round 1 Window 2",
          "courseCode": "FNCE102",
          "description": "Financial Instruments, Institutions and Markets",
          "section": "G1",
          "vacancy": "45",
          "openingVacancy": "45",
          "beforeProcessVacancy": "37",
          "DICE": "0",
          "afterProcessVacancy": "32",
          "enrolledStudents": "13",
          "medianBid": "10.00",
          "minBid": "10.00",
          "instructor": "",
          "schoolDepartment": "LKCSOB"
        },
        "Round 1 Window 3": {
          "term": "2014-15 Term 3A",
          "session": "Regular Academic Session",
          "biddingWindow": "Round 1 Window 3",
          "courseCode": "FNCE102",
          "description": "Financial Instruments, Institutions and Markets",
          "section": "G1",
          "vacancy": "45",
          "openingVacancy": "45",
          "beforeProcessVacancy": "32",
          "DICE": "0",
          "afterProcessVacancy": "32",
          "enrolledStudents": "13",
          "medianBid": "0.00",
          "minBid": "0.00",
          "instructor": "",
          "schoolDepartment": "LKCSOB"
        }
      }
    }
  },
  "OBHR201 Human Capital Management": {
    "": {
      "G1": {
        "Round 1 Window 1": {
          "term": "2014-15 Term 3A",
          "session": "Regular Academic Session",
          "biddingWindow": "Round 1 Window 1",
          "courseCode": "OBHR201",
          "description": "Human Capital Management",
          "section": "G1",
          "vacancy": "45",
          "openingVacancy": "45",
          "beforeProcessVacancy": "45",
          "DICE": "0",
          "afterProcessVacancy": "40",
          "enrolledStudents": "5",
          "medianBid": "10.02",
          "minBid": "10.00",
          "instructor": "",
          "schoolDepartment": "LKCSOB"
        },
        "Round 1 Window 2": {
          "term": "2014-15 Term 3A",
          "session": "Regular Academic Session",
          "biddingWindow": "Round 1 Window 2",
          "courseCode": "OBHR201",
          "description": "Human Capital Management",
          "section": "G1",
          "vacancy": "45",
          "openingVacancy": "45",
          "beforeProcessVacancy": "41",
          "DICE": "1",
          "afterProcessVacancy": "41",
          "enrolledStudents": "4",
          "medianBid": "29.11",
          "minBid": "29.11",
          "instructor": "",
          "schoolDepartment": "LKCSOB"
        },
        "Round 1 Window 3": {
          "term": "2014-15 Term 3A",
          "session": "Regular Academic Session",
          "biddingWindow": "Round 1 Window 3",
          "courseCode": "OBHR201",
          "description": "Human Capital Management",
          "section": "G1",
          "vacancy": "45",
          "openingVacancy": "45",
          "beforeProcessVacancy": "41",
          "DICE": "0",
          "afterProcessVacancy": "41",
          "enrolledStudents": "4",
          "medianBid": "0.00",
          "minBid": "0.00",
          "instructor": "",
          "schoolDepartment": "LKCSOB"
        }
      }
    }
  },
  "COMM102 Foundations in Corporate Communication": {
    "": {
      "G1": {
        "Round 1 Window 1": {
          "term": "2014-15 Term 3A",
          "session": "Regular Academic Session",
          "biddingWindow": "Round 1 Window 1",
          "courseCode": "COMM102",
          "description": "Foundations in Corporate Communication",
          "section": "G1",
          "vacancy": "45",
          "openingVacancy": "45",
          "beforeProcessVacancy": "45",
          "DICE": "0",
          "afterProcessVacancy": "39",
          "enrolledStudents": "6",
          "medianBid": "11.75",
          "minBid": "10.00",
          "instructor": "",
          "schoolDepartment": "LKCSOB"
        },
        "Round 1 Window 2": {
          "term": "2014-15 Term 3A",
          "session": "Regular Academic Session",
          "biddingWindow": "Round 1 Window 2",
          "courseCode": "COMM102",
          "description": "Foundations in Corporate Communication",
          "section": "G1",
          "vacancy": "45",
          "openingVacancy": "45",
          "beforeProcessVacancy": "40",
          "DICE": "0",
          "afterProcessVacancy": "38",
          "enrolledStudents": "7",
          "medianBid": "10.00",
          "minBid": "10.00",
          "instructor": "",
          "schoolDepartment": "LKCSOB"
        }
      }
    }
  }
}