{
  "ECON103 International Economics A": {
    "RAMKISHEN S. RAJAN, RAMKISHEN S. RAJAN, RAMKISHEN S. RAJAN": {
      "G1": {
        "Round 1 Window 1": {
          "term": "2014-15 Term 3B",
          "session": "Regular Academic Session",
          "biddingWindow": "Round 1 Window 1",
          "courseCode": "ECON103",
          "description": "International Economics A",
          "section": "G1",
          "vacancy": "45",
          "openingVacancy": "45",
          "beforeProcessVacancy": "45",
          "DICE": "0",
          "afterProcessVacancy": "29",
          "enrolledStudents": "16",
          "medianBid": "10.01",
          "minBid": "10.00",
          "instructor": "RAMKISHEN S. RAJAN, RAMKISHEN S. RAJAN, RAMKISHEN S. RAJAN",
          "schoolDepartment": "SOE"
        },
        "Round 1 Window 2": {
          "term": "2014-15 Term 3B",
          "session": "Regular Academic Session",
          "biddingWindow": "Round 1 Window 2",
          "courseCode": "ECON103",
          "description": "International Economics A",
          "section": "G1",
          "vacancy": "45",
          "openingVacancy": "45",
          "beforeProcessVacancy": "30",
          "DICE": "0",
          "afterProcessVacancy": "27",
          "enrolledStudents": "18",
          "medianBid": "11.00",
          "minBid": "10.00",
          "instructor": "RAMKISHEN S. RAJAN, RAMKISHEN S. RAJAN, RAMKISHEN S. RAJAN",
          "schoolDepartment": "SOE"
        },
        "Round 1 Window 3": {
          "term": "2014-15 Term 3B",
          "session": "Regular Academic Session",
          "biddingWindow": "Round 1 Window 3",
          "courseCode": "ECON103",
          "description": "International Economics A",
          "section": "G1",
          "vacancy": "45",
          "openingVacancy": "45",
          "beforeProcessVacancy": "27",
          "DICE": "0",
          "afterProcessVacancy": "23",
          "enrolledStudents": "22",
          "medianBid": "11.00",
          "minBid": "10.00",
          "instructor": "RAMKISHEN S. RAJAN, RAMKISHEN S. RAJAN, RAMKISHEN S. RAJAN",
          "schoolDepartment": "SOE"
        },
        "Round 1 Window 4": {
          "term": "2014-15 Term 3B",
          "session": "Regular Academic Session",
          "biddingWindow": "Round 1 Window 4",
          "courseCode": "ECON103",
          "description": "International Economics A",
          "section": "G1",
          "vacancy": "45",
          "openingVacancy": "45",
          "beforeProcessVacancy": "23",
          "DICE": "0",
          "afterProcessVacancy": "18",
          "enrolledStudents": "27",
          "medianBid": "10.10",
          "minBid": "10.00",
          "instructor": "RAMKISHEN S. RAJAN, RAMKISHEN S. RAJAN, RAMKISHEN S. RAJAN",
          "schoolDepartment": "SOE"
        }
      }
    }
  },
  "FNCE213 Entrepreneurial Finance": {
    "": {
      "G1": {
        "Round 1 Window 1": {
          "term": "2014-15 Term 3B",
          "session": "Regular Academic Session",
          "biddingWindow": "Round 1 Window 1",
          "courseCode": "FNCE213",
          "description": "Entrepreneurial Finance",
          "section": "G1",
          "vacancy": "45",
          "openingVacancy": "45",
          "beforeProcessVacancy": "45",
          "DICE": "0",
          "afterProcessVacancy": "31",
          "enrolledStudents": "14",
          "medianBid": "16.37",
          "minBid": "10.00",
          "instructor": "",
          "schoolDepartment": "LKCSOB"
        },
        "Round 1 Window 2": {
          "term": "2014-15 Term 3B",
          "session": "Regular Academic Session",
          "biddingWindow": "Round 1 Window 2",
          "courseCode": "FNCE213",
          "description": "Entrepreneurial Finance",
          "section": "G1",
          "vacancy": "45",
          "openingVacancy": "45",
          "beforeProcessVacancy": "32",
          "DICE": "0",
          "afterProcessVacancy": "30",
          "enrolledStudents": "15",
          "medianBid": "10.46",
          "minBid": "10.00",
          "instructor": "",
          "schoolDepartment": "LKCSOB"
        },
        "Round 1 Window 3": {
          "term": "2014-15 Term 3B",
          "session": "Regular Academic Session",
          "biddingWindow": "Round 1 Window 3",
          "courseCode": "FNCE213",
          "description": "Entrepreneurial Finance",
          "section": "G1",
          "vacancy": "45",
          "openingVacancy": "45",
          "beforeProcessVacancy": "31",
          "DICE": "0",
          "afterProcessVacancy": "29",
          "enrolledStudents": "16",
          "medianBid": "10.41",
          "minBid": "10.10",
          "instructor": "",
          "schoolDepartment": "LKCSOB"
        },
        "Round 1 Window 4": {
          "term": "2014-15 Term 3B",
          "session": "Regular Academic Session",
          "biddingWindow": "Round 1 Window 4",
          "courseCode": "FNCE213",
          "description": "Entrepreneurial Finance",
          "section": "G1",
          "vacancy": "45",
          "openingVacancy": "45",
          "beforeProcessVacancy": "32",
          "DICE": "0",
          "afterProcessVacancy": "29",
          "enrolledStudents": "16",
          "medianBid": "10.50",
          "minBid": "10.07",
          "instructor": "",
          "schoolDepartment": "LKCSOB"
        }
      }
    }
  },
  "IDIS001 Analytical Skills": {
    "TAN YOO GUAN, TAN YOO GUAN": {
      "G1": {
        "Round 1 Window 1": {
          "term": "2014-15 Term 3B",
          "session": "Modified Session",
          "biddingWindow": "Round 1 Window 1",
          "courseCode": "IDIS001",
          "description": "Analytical Skills",
          "section": "G1",
          "vacancy": "45",
          "openingVacancy": "40",
          "beforeProcessVacancy": "14",
          "DICE": "0",
          "afterProcessVacancy": "13",
          "enrolledStudents": "27",
          "medianBid": "11.51",
          "minBid": "11.51",
          "instructor": "TAN YOO GUAN, TAN YOO GUAN",
          "schoolDepartment": "SOSS"
        },
        "Round 1 Window 2": {
          "term": "2014-15 Term 3B",
          "session": "Modified Session",
          "biddingWindow": "Round 1 Window 2",
          "courseCode": "IDIS001",
          "description": "Analytical Skills",
          "section": "G1",
          "vacancy": "45",
          "openingVacancy": "40",
          "beforeProcessVacancy": "13",
          "DICE": "0",
          "afterProcessVacancy": "13",
          "enrolledStudents": "27",
          "medianBid": "0.00",
          "minBid": "0.00",
          "instructor": "TAN YOO GUAN, TAN YOO GUAN",
          "schoolDepartment": "SOSS"
        },
        "Round 1 Window 3": {
          "term": "2014-15 Term 3B",
          "session": "Modified Session",
          "biddingWindow": "Round 1 Window 3",
          "courseCode": "IDIS001",
          "description": "Analytical Skills",
          "section": "G1",
          "vacancy": "45",
          "openingVacancy": "40",
          "beforeProcessVacancy": "13",
          "DICE": "0",
          "afterProcessVacancy": "12",
          "enrolledStudents": "28",
          "medianBid": "10.00",
          "minBid": "10.00",
          "instructor": "TAN YOO GUAN, TAN YOO GUAN",
          "schoolDepartment": "SOSS"
        },
        "Round 1 Window 4": {
          "term": "2014-15 Term 3B",
          "session": "Modified Session",
          "biddingWindow": "Round 1 Window 4",
          "courseCode": "IDIS001",
          "description": "Analytical Skills",
          "section": "G1",
          "vacancy": "45",
          "openingVacancy": "40",
          "beforeProcessVacancy": "12",
          "DICE": "0",
          "afterProcessVacancy": "10",
          "enrolledStudents": "30",
          "medianBid": "12.86",
          "minBid": "10.72",
          "instructor": "TAN YOO GUAN, TAN YOO GUAN",
          "schoolDepartment": "SOSS"
        }
      }
    }
  },
  "LAW304 Law & Regulation": {
    "MARK FINDLAY, MARK FINDLAY, MARK FINDLAY": {
      "G1": {
        "Round 1 Window 1": {
          "term": "2014-15 Term 3B",
          "session": "Regular Academic Session",
          "biddingWindow": "Round 1 Window 1",
          "courseCode": "LAW304",
          "description": "Law & Regulation",
          "section": "G1",
          "vacancy": "15",
          "openingVacancy": "15",
          "beforeProcessVacancy": "15",
          "DICE": "0",
          "afterProcessVacancy": "14",
          "enrolledStudents": "1",
          "medianBid": "10.00",
          "minBid": "10.00",
          "instructor": "MARK FINDLAY, MARK FINDLAY, MARK FINDLAY",
          "schoolDepartment": "SOL"
        },
        "Round 1 Window 2": {
          "term": "2014-15 Term 3B",
          "session": "Regular Academic Session",
          "biddingWindow": "Round 1 Window 2",
          "courseCode": "LAW304",
          "description": "Law & Regulation",
          "section": "G1",
          "vacancy": "15",
          "openingVacancy": "15",
          "beforeProcessVacancy": "14",
          "DICE": "0",
          "afterProcessVacancy": "14",
          "enrolledStudents": "1",
          "medianBid": "0.00",
          "minBid": "0.00",
          "instructor": "MARK FINDLAY, MARK FINDLAY, MARK FINDLAY",
          "schoolDepartment": "SOL"
        },
        "Round 1 Window 3": {
          "term": "2014-15 Term 3B",
          "session": "Regular Academic Session",
          "biddingWindow": "Round 1 Window 3",
          "courseCode": "LAW304",
          "description": "Law & Regulation",
          "section": "G1",
          "vacancy": "15",
          "openingVacancy": "15",
          "beforeProcessVacancy": "14",
          "DICE": "0",
          "afterProcessVacancy": "12",
          "enrolledStudents": "3",
          "medianBid": "14.01",
          "minBid": "10.00",
          "instructor": "MARK FINDLAY, MARK FINDLAY, MARK FINDLAY",
          "schoolDepartment": "SOL"
        },
        "Round 1 Window 4": {
          "term": "2014-15 Term 3B",
          "session": "Regular Academic Session",
          "biddingWindow": "Round 1 Window 4",
          "courseCode": "LAW304",
          "description": "Law & Regulation",
          "section": "G1",
          "vacancy": "15",
          "openingVacancy": "15",
          "beforeProcessVacancy": "12",
          "DICE": "0",
          "afterProcessVacancy": "12",
          "enrolledStudents": "3",
          "medianBid": "0.00",
          "minBid": "0.00",
          "instructor": "MARK FINDLAY, MARK FINDLAY, MARK FINDLAY",
          "schoolDepartment": "SOL"
        }
      }
    },
    "MARK FINDLAY, MARK FINDLAY, MARK FINDLAY, MARK FINDLAY": {
      "G51": {
        "Round 1 Window 1": {
          "term": "2014-15 Term 3B",
          "session": "Regular Academic Session",
          "biddingWindow": "Round 1 Window 1",
          "courseCode": "LAW304",
          "description": "Law & Regulation",
          "section": "G51",
          "vacancy": "30",
          "openingVacancy": "30",
          "beforeProcessVacancy": "30",
          "DICE": "0",
          "afterProcessVacancy": "24",
          "enrolledStudents": "6",
          "medianBid": "10.00",
          "minBid": "10.00",
          "instructor": "MARK FINDLAY, MARK FINDLAY, MARK FINDLAY, MARK FINDLAY",
          "schoolDepartment": "SOL"
        },
        "Round 1 Window 2": {
          "term": "2014-15 Term 3B",
          "session": "Regular Academic Session",
          "biddingWindow": "Round 1 Window 2",
          "courseCode": "LAW304",
          "description": "Law & Regulation",
          "section": "G51",
          "vacancy": "30",
          "openingVacancy": "30",
          "beforeProcessVacancy": "24",
          "DICE": "0",
          "afterProcessVacancy": "23",
          "enrolledStudents": "7",
          "medianBid": "10.00",
          "minBid": "10.00",
          "instructor": "MARK FINDLAY, MARK FINDLAY, MARK FINDLAY, MARK FINDLAY",
          "schoolDepartment": "SOL"
        },
        "Round 1 Window 3": {
          "term": "2014-15 Term 3B",
          "session": "Regular Academic Session",
          "biddingWindow": "Round 1 Window 3",
          "courseCode": "LAW304",
          "description": "Law & Regulation",
          "section": "G51",
          "vacancy": "30",
          "openingVacancy": "30",
          "beforeProcessVacancy": "23",
          "DICE": "0",
          "afterProcessVacancy": "23",
          "enrolledStudents": "7",
          "medianBid": "0.00",
          "minBid": "0.00",
          "instructor": "MARK FINDLAY, MARK FINDLAY, MARK FINDLAY, MARK FINDLAY",
          "schoolDepartment": "SOL"
        },
        "Round 1 Window 4": {
          "term": "2014-15 Term 3B",
          "session": "Regular Academic Session",
          "biddingWindow": "Round 1 Window 4",
          "courseCode": "LAW304",
          "description": "Law & Regulation",
          "section": "G51",
          "vacancy": "30",
          "openingVacancy": "30",
          "beforeProcessVacancy": "23",
          "DICE": "0",
          "afterProcessVacancy": "23",
          "enrolledStudents": "7",
          "medianBid": "0.00",
          "minBid": "0.00",
          "instructor": "MARK FINDLAY, MARK FINDLAY, MARK FINDLAY, MARK FINDLAY",
          "schoolDepartment": "SOL"
        }
      }
    }
  },
  "LAW464 Legal Issues in E-commerce": {
    "ELIZA MIK, ELIZA MIK, ELIZA MIK": {
      "G1": {
        "Round 1 Window 1": {
          "term": "2014-15 Term 3B",
          "session": "Regular Academic Session",
          "biddingWindow": "Round 1 Window 1",
          "courseCode": "LAW464",
          "description": "Legal Issues in E-commerce",
          "section": "G1",
          "vacancy": "15",
          "openingVacancy": "15",
          "beforeProcessVacancy": "15",
          "DICE": "0",
          "afterProcessVacancy": "15",
          "enrolledStudents": "0",
          "medianBid": "0.00",
          "minBid": "0.00",
          "instructor": "ELIZA MIK, ELIZA MIK, ELIZA MIK",
          "schoolDepartment": "SOL"
        },
        "Round 1 Window 2": {
          "term": "2014-15 Term 3B",
          "session": "Regular Academic Session",
          "biddingWindow": "Round 1 Window 2",
          "courseCode": "LAW464",
          "description": "Legal Issues in E-commerce",
          "section": "G1",
          "vacancy": "15",
          "openingVacancy": "15",
          "beforeProcessVacancy": "15",
          "DICE": "0",
          "afterProcessVacancy": "15",
          "enrolledStudents": "0",
          "medianBid": "0.00",
          "minBid": "0.00",
          "instructor": "ELIZA MIK, ELIZA MIK, ELIZA MIK",
          "schoolDepartment": "SOL"
        },
        "Round 1 Window 3": {
          "term": "2014-15 Term 3B",
          "session": "Regular Academic Session",
          "biddingWindow": "Round 1 Window 3",
          "courseCode": "LAW464",
          "description": "Legal Issues in E-commerce",
          "section": "G1",
          "vacancy": "15",
          "openingVacancy": "15",
          "beforeProcessVacancy": "15",
          "DICE": "0",
          "afterProcessVacancy": "15",
          "enrolledStudents": "0",
          "medianBid": "0.00",
          "minBid": "0.00",
          "instructor": "ELIZA MIK, ELIZA MIK, ELIZA MIK",
          "schoolDepartment": "SOL"
        },
        "Round 1 Window 4": {
          "term": "2014-15 Term 3B",
          "session": "Regular Academic Session",
          "biddingWindow": "Round 1 Window 4",
          "courseCode": "LAW464",
          "description": "Legal Issues in E-commerce",
          "section": "G1",
          "vacancy": "15",
          "openingVacancy": "15",
          "beforeProcessVacancy": "15",
          "DICE": "0",
          "afterProcessVacancy": "14",
          "enrolledStudents": "1",
          "medianBid": "10.07",
          "minBid": "10.07",
          "instructor": "ELIZA MIK, ELIZA MIK, ELIZA MIK",
          "schoolDepartment": "SOL"
        }
      },
      "G51": {
        "Round 1 Window 1": {
          "term": "2014-15 Term 3B",
          "session": "Regular Academic Session",
          "biddingWindow": "Round 1 Window 1",
          "courseCode": "LAW464",
          "description": "Legal Issues in E-commerce",
          "section": "G51",
          "vacancy": "30",
          "openingVacancy": "30",
          "beforeProcessVacancy": "30",
          "DICE": "0",
          "afterProcessVacancy": "24",
          "enrolledStudents": "6",
          "medianBid": "15.00",
          "minBid": "10.00",
          "instructor": "ELIZA MIK, ELIZA MIK, ELIZA MIK",
          "schoolDepartment": "SOL"
        },
        "Round 1 Window 2": {
          "term": "2014-15 Term 3B",
          "session": "Regular Academic Session",
          "biddingWindow": "Round 1 Window 2",
          "courseCode": "LAW464",
          "description": "Legal Issues in E-commerce",
          "section": "G51",
          "vacancy": "30",
          "openingVacancy": "30",
          "beforeProcessVacancy": "25",
          "DICE": "0",
          "afterProcessVacancy": "22",
          "enrolledStudents": "8",
          "medianBid": "11.00",
          "minBid": "10.00",
          "instructor": "ELIZA MIK, ELIZA MIK, ELIZA MIK",
          "schoolDepartment": "SOL"
        },
        "Round 1 Window 3": {
          "term": "2014-15 Term 3B",
          "session": "Regular Academic Session",
          "biddingWindow": "Round 1 Window 3",
          "courseCode": "LAW464",
          "description": "Legal Issues in E-commerce",
          "section": "G51",
          "vacancy": "30",
          "openingVacancy": "30",
          "beforeProcessVacancy": "22",
          "DICE": "0",
          "afterProcessVacancy": "20",
          "enrolledStudents": "10",
          "medianBid": "10.01",
          "minBid": "10.00",
          "instructor": "ELIZA MIK, ELIZA MIK, ELIZA MIK",
          "schoolDepartment": "SOL"
        },
        "Round 1 Window 4": {
          "term": "2014-15 Term 3B",
          "session": "Regular Academic Session",
          "biddingWindow": "Round 1 Window 4",
          "courseCode": "LAW464",
          "description": "Legal Issues in E-commerce",
          "section": "G51",
          "vacancy": "30",
          "openingVacancy": "30",
          "beforeProcessVacancy": "20",
          "DICE": "0",
          "afterProcessVacancy": "20",
          "enrolledStudents": "10",
          "medianBid": "0.00",
          "minBid": "0.00",
          "instructor": "ELIZA MIK, ELIZA MIK, ELIZA MIK",
          "schoolDepartment": "SOL"
        }
      }
    }
  },
  "LGST101 Business Law": {
    "MELVYN CHEW, MELVYN CHEW": {
      "G1": {
        "Round 1 Window 1": {
          "term": "2014-15 Term 3B",
          "session": "Modified Session",
          "biddingWindow": "Round 1 Window 1",
          "courseCode": "LGST101",
          "description": "Business Law",
          "section": "G1",
          "vacancy": "45",
          "openingVacancy": "40",
          "beforeProcessVacancy": "14",
          "DICE": "0",
          "afterProcessVacancy": "11",
          "enrolledStudents": "29",
          "medianBid": "10.60",
          "minBid": "10.02",
          "instructor": "MELVYN CHEW, MELVYN CHEW",
          "schoolDepartment": "SOL"
        },
        "Round 1 Window 2": {
          "term": "2014-15 Term 3B",
          "session": "Modified Session",
          "biddingWindow": "Round 1 Window 2",
          "courseCode": "LGST101",
          "description": "Business Law",
          "section": "G1",
          "vacancy": "45",
          "openingVacancy": "40",
          "beforeProcessVacancy": "12",
          "DICE": "0",
          "afterProcessVacancy": "11",
          "enrolledStudents": "29",
          "medianBid": "10.00",
          "minBid": "10.00",
          "instructor": "MELVYN CHEW, MELVYN CHEW",
          "schoolDepartment": "SOL"
        },
        "Round 1 Window 3": {
          "term": "2014-15 Term 3B",
          "session": "Modified Session",
          "biddingWindow": "Round 1 Window 3",
          "courseCode": "LGST101",
          "description": "Business Law",
          "section": "G1",
          "vacancy": "45",
          "openingVacancy": "40",
          "beforeProcessVacancy": "12",
          "DICE": "0",
          "afterProcessVacancy": "12",
          "enrolledStudents": "28",
          "medianBid": "0.00",
          "minBid": "0.00",
          "instructor": "MELVYN CHEW, MELVYN CHEW",
          "schoolDepartment": "SOL"
        },
        "Round 1 Window 4": {
          "term": "2014-15 Term 3B",
          "session": "Modified Session",
          "biddingWindow": "Round 1 Window 4",
          "courseCode": "LGST101",
          "description": "Business Law",
          "section": "G1",
          "vacancy": "45",
          "openingVacancy": "40",
          "beforeProcessVacancy": "12",
          "DICE": "0",
          "afterProcessVacancy": "12",
          "enrolledStudents": "28",
          "medianBid": "0.00",
          "minBid": "0.00",
          "instructor": "MELVYN CHEW, MELVYN CHEW",
          "schoolDepartment": "SOL"
        }
      }
    }
  },
  "MGMT002 Technology and World Change": {
    "CHAN KAY MIN, CHAN KAY MIN": {
      "G1": {
        "Round 1 Window 1": {
          "term": "2014-15 Term 3B",
          "session": "Modified Session",
          "biddingWindow": "Round 1 Window 1",
          "courseCode": "MGMT002",
          "description": "Technology and World Change",
          "section": "G1",
          "vacancy": "45",
          "openingVacancy": "40",
          "beforeProcessVacancy": "14",
          "DICE": "0",
          "afterProcessVacancy": "6",
          "enrolledStudents": "34",
          "medianBid": "22.50",
          "minBid": "11.05",
          "instructor": "CHAN KAY MIN, CHAN KAY MIN",
          "schoolDepartment": "LKCSOB"
        },
        "Round 1 Window 2": {
          "term": "2014-15 Term 3B",
          "session": "Modified Session",
          "biddingWindow": "Round 1 Window 2",
          "courseCode": "MGMT002",
          "description": "Technology and World Change",
          "section": "G1",
          "vacancy": "45",
          "openingVacancy": "40",
          "beforeProcessVacancy": "6",
          "DICE": "0",
          "afterProcessVacancy": "6",
          "enrolledStudents": "34",
          "medianBid": "0.00",
          "minBid": "0.00",
          "instructor": "CHAN KAY MIN, CHAN KAY MIN",
          "schoolDepartment": "LKCSOB"
        },
        "Round 1 Window 3": {
          "term": "2014-15 Term 3B",
          "session": "Modified Session",
          "biddingWindow": "Round 1 Window 3",
          "courseCode": "MGMT002",
          "description": "Technology and World Change",
          "section": "G1",
          "vacancy": "45",
          "openingVacancy": "40",
          "beforeProcessVacancy": "6",
          "DICE": "0",
          "afterProcessVacancy": "6",
          "enrolledStudents": "34",
          "medianBid": "0.00",
          "minBid": "0.00",
          "instructor": "CHAN KAY MIN, CHAN KAY MIN",
          "schoolDepartment": "LKCSOB"
        },
        "Round 1 Window 4": {
          "term": "2014-15 Term 3B",
          "session": "Modified Session",
          "biddingWindow": "Round 1 Window 4",
          "courseCode": "MGMT002",
          "description": "Technology and World Change",
          "section": "G1",
          "vacancy": "45",
          "openingVacancy": "40",
          "beforeProcessVacancy": "6",
          "DICE": "0",
          "afterProcessVacancy": "6",
          "enrolledStudents": "34",
          "medianBid": "0.00",
          "minBid": "0.00",
          "instructor": "CHAN KAY MIN, CHAN KAY MIN",
          "schoolDepartment": "LKCSOB"
        }
      }
    }
  },
  "MGMT102 Strategy": {
    "JAMAL SHAMSIE, JAMAL SHAMSIE, JAMAL SHAMSIE": {
      "G1": {
        "Round 1 Window 1": {
          "term": "2014-15 Term 3B",
          "session": "Regular Academic Session",
          "biddingWindow": "Round 1 Window 1",
          "courseCode": "MGMT102",
          "description": "Strategy",
          "section": "G1",
          "vacancy": "45",
          "openingVacancy": "45",
          "beforeProcessVacancy": "45",
          "DICE": "0",
          "afterProcessVacancy": "22",
          "enrolledStudents": "23",
          "medianBid": "18.80",
          "minBid": "10.00",
          "instructor": "JAMAL SHAMSIE, JAMAL SHAMSIE, JAMAL SHAMSIE",
          "schoolDepartment": "LKCSOB"
        },
        "Round 1 Window 2": {
          "term": "2014-15 Term 3B",
          "session": "Regular Academic Session",
          "biddingWindow": "Round 1 Window 2",
          "courseCode": "MGMT102",
          "description": "Strategy",
          "section": "G1",
          "vacancy": "45",
          "openingVacancy": "45",
          "beforeProcessVacancy": "22",
          "DICE": "0",
          "afterProcessVacancy": "12",
          "enrolledStudents": "33",
          "medianBid": "14.92",
          "minBid": "10.00",
          "instructor": "JAMAL SHAMSIE, JAMAL SHAMSIE, JAMAL SHAMSIE",
          "schoolDepartment": "LKCSOB"
        },
        "Round 1 Window 3": {
          "term": "2014-15 Term 3B",
          "session": "Regular Academic Session",
          "biddingWindow": "Round 1 Window 3",
          "courseCode": "MGMT102",
          "description": "Strategy",
          "section": "G1",
          "vacancy": "45",
          "openingVacancy": "45",
          "beforeProcessVacancy": "13",
          "DICE": "0",
          "afterProcessVacancy": "13",
          "enrolledStudents": "32",
          "medianBid": "0.00",
          "minBid": "0.00",
          "instructor": "JAMAL SHAMSIE, JAMAL SHAMSIE, JAMAL SHAMSIE",
          "schoolDepartment": "LKCSOB"
        },
        "Round 1 Window 4": {
          "term": "2014-15 Term 3B",
          "session": "Regular Academic Session",
          "biddingWindow": "Round 1 Window 4",
          "courseCode": "MGMT102",
          "description": "Strategy",
          "section": "G1",
          "vacancy": "45",
          "openingVacancy": "45",
          "beforeProcessVacancy": "13",
          "DICE": "0",
          "afterProcessVacancy": "12",
          "enrolledStudents": "33",
          "medianBid": "10.00",
          "minBid": "10.00",
          "instructor": "JAMAL SHAMSIE, JAMAL SHAMSIE, JAMAL SHAMSIE",
          "schoolDepartment": "LKCSOB"
        }
      }
    }
  },
  "OBHR101 Management of People at Work": {
    "DEVASHEESH PRAKASH BHAVE, DEVASHEESH PRAKASH BHAVE, DEVASHEESH PRAKASH BHAVE": {
      "G1": {
        "Round 1 Window 1": {
          "term": "2014-15 Term 3B",
          "session": "Regular Academic Session",
          "biddingWindow": "Round 1 Window 1",
          "courseCode": "OBHR101",
          "description": "Management of People at Work",
          "section": "G1",
          "vacancy": "45",
          "openingVacancy": "45",
          "beforeProcessVacancy": "45",
          "DICE": "0",
          "afterProcessVacancy": "28",
          "enrolledStudents": "17",
          "medianBid": "11.07",
          "minBid": "10.00",
          "instructor": "DEVASHEESH PRAKASH BHAVE, DEVASHEESH PRAKASH BHAVE, DEVASHEESH PRAKASH BHAVE",
          "schoolDepartment": "LKCSOB"
        },
        "Round 1 Window 2": {
          "term": "2014-15 Term 3B",
          "session": "Regular Academic Session",
          "biddingWindow": "Round 1 Window 2",
          "courseCode": "OBHR101",
          "description": "Management of People at Work",
          "section": "G1",
          "vacancy": "45",
          "openingVacancy": "45",
          "beforeProcessVacancy": "28",
          "DICE": "0",
          "afterProcessVacancy": "27",
          "enrolledStudents": "18",
          "medianBid": "12.06",
          "minBid": "12.06",
          "instructor": "DEVASHEESH PRAKASH BHAVE, DEVASHEESH PRAKASH BHAVE, DEVASHEESH PRAKASH BHAVE",
          "schoolDepartment": "LKCSOB"
        },
        "Round 1 Window 3": {
          "term": "2014-15 Term 3B",
          "session": "Regular Academic Session",
          "biddingWindow": "Round 1 Window 3",
          "courseCode": "OBHR101",
          "description": "Management of People at Work",
          "section": "G1",
          "vacancy": "45",
          "openingVacancy": "45",
          "beforeProcessVacancy": "28",
          "DICE": "0",
          "afterProcessVacancy": "26",
          "enrolledStudents": "19",
          "medianBid": "10.02",
          "minBid": "10.00",
          "instructor": "DEVASHEESH PRAKASH BHAVE, DEVASHEESH PRAKASH BHAVE, DEVASHEESH PRAKASH BHAVE",
          "schoolDepartment": "LKCSOB"
        },
        "Round 1 Window 4": {
          "term": "2014-15 Term 3B",
          "session": "Regular Academic Session",
          "biddingWindow": "Round 1 Window 4",
          "courseCode": "OBHR101",
          "description": "Management of People at Work",
          "section": "G1",
          "vacancy": "45",
          "openingVacancy": "45",
          "beforeProcessVacancy": "28",
          "DICE": "0",
          "afterProcessVacancy": "24",
          "enrolledStudents": "21",
          "medianBid": "10.00",
          "minBid": "10.00",
          "instructor": "DEVASHEESH PRAKASH BHAVE, DEVASHEESH PRAKASH BHAVE, DEVASHEESH PRAKASH BHAVE",
          "schoolDepartment": "LKCSOB"
        }
      }
    }
  },
  "STEC202 Environmental Science": {
    "ELIZABETH S. ONG, ELIZABETH S. ONG, ELIZABETH S. ONG": {
      "G1": {
        "Round 1 Window 1": {
          "term": "2014-15 Term 3B",
          "session": "Regular Academic Session",
          "biddingWindow": "Round 1 Window 1",
          "courseCode": "STEC202",
          "description": "Environmental Science",
          "section": "G1",
          "vacancy": "45",
          "openingVacancy": "45",
          "beforeProcessVacancy": "45",
          "DICE": "0",
          "afterProcessVacancy": "34",
          "enrolledStudents": "11",
          "medianBid": "11.01",
          "minBid": "10.00",
          "instructor": "ELIZABETH S. ONG, ELIZABETH S. ONG, ELIZABETH S. ONG",
          "schoolDepartment": "SOSS"
        },
        "Round 1 Window 2": {
          "term": "2014-15 Term 3B",
          "session": "Regular Academic Session",
          "biddingWindow": "Round 1 Window 2",
          "courseCode": "STEC202",
          "description": "Environmental Science",
          "section": "G1",
          "vacancy": "45",
          "openingVacancy": "45",
          "beforeProcessVacancy": "34",
          "DICE": "0",
          "afterProcessVacancy": "29",
          "enrolledStudents": "16",
          "medianBid": "10.00",
          "minBid": "10.00",
          "instructor": "ELIZABETH S. ONG, ELIZABETH S. ONG, ELIZABETH S. ONG",
          "schoolDepartment": "SOSS"
        },
        "Round 1 Window 3": {
          "term": "2014-15 Term 3B",
          "session": "Regular Academic Session",
          "biddingWindow": "Round 1 Window 3",
          "courseCode": "STEC202",
          "description": "Environmental Science",
          "section": "G1",
          "vacancy": "45",
          "openingVacancy": "45",
          "beforeProcessVacancy": "29",
          "DICE": "0",
          "afterProcessVacancy": "28",
          "enrolledStudents": "17",
          "medianBid": "10.00",
          "minBid": "10.00",
          "instructor": "ELIZABETH S. ONG, ELIZABETH S. ONG, ELIZABETH S. ONG",
          "schoolDepartment": "SOSS"
        },
        "Round 1 Window 4": {
          "term": "2014-15 Term 3B",
          "session": "Regular Academic Session",
          "biddingWindow": "Round 1 Window 4",
          "courseCode": "STEC202",
          "description": "Environmental Science",
          "section": "G1",
          "vacancy": "45",
          "openingVacancy": "45",
          "beforeProcessVacancy": "29",
          "DICE": "0",
          "afterProcessVacancy": "21",
          "enrolledStudents": "24",
          "medianBid": "10.07",
          "minBid": "10.00",
          "instructor": "ELIZABETH S. ONG, ELIZABETH S. ONG, ELIZABETH S. ONG",
          "schoolDepartment": "SOSS"
        }
      }
    }
  },
  "OBHR201 Human Capital Management": {
    "": {
      "G1": {
        "Round 1 Window 1": {
          "term": "2014-15 Term 3B",
          "session": "Regular Academic Session",
          "biddingWindow": "Round 1 Window 1",
          "courseCode": "OBHR201",
          "description": "Human Capital Management",
          "section": "G1",
          "vacancy": "45",
          "openingVacancy": "45",
          "beforeProcessVacancy": "45",
          "DICE": "0",
          "afterProcessVacancy": "40",
          "enrolledStudents": "5",
          "medianBid": "10.23",
          "minBid": "10.00",
          "instructor": "",
          "schoolDepartment": "LKCSOB"
        },
        "Round 1 Window 2": {
          "term": "2014-15 Term 3B",
          "session": "Regular Academic Session",
          "biddingWindow": "Round 1 Window 2",
          "courseCode": "OBHR201",
          "description": "Human Capital Management",
          "section": "G1",
          "vacancy": "45",
          "openingVacancy": "45",
          "beforeProcessVacancy": "40",
          "DICE": "0",
          "afterProcessVacancy": "40",
          "enrolledStudents": "5",
          "medianBid": "0.00",
          "minBid": "0.00",
          "instructor": "",
          "schoolDepartment": "LKCSOB"
        },
        "Round 1 Window 3": {
          "term": "2014-15 Term 3B",
          "session": "Regular Academic Session",
          "biddingWindow": "Round 1 Window 3",
          "courseCode": "OBHR201",
          "description": "Human Capital Management",
          "section": "G1",
          "vacancy": "45",
          "openingVacancy": "45",
          "beforeProcessVacancy": "40",
          "DICE": "0",
          "afterProcessVacancy": "40",
          "enrolledStudents": "5",
          "medianBid": "0.00",
          "minBid": "0.00",
          "instructor": "",
          "schoolDepartment": "LKCSOB"
        }
      }
    }
  },
  "OPIM201 Business Processes": {
    "": {
      "G1": {
        "Round 1 Window 1": {
          "term": "2014-15 Term 3B",
          "session": "Regular Academic Session",
          "biddingWindow": "Round 1 Window 1",
          "courseCode": "OPIM201",
          "description": "Business Processes",
          "section": "G1",
          "vacancy": "45",
          "openingVacancy": "45",
          "beforeProcessVacancy": "45",
          "DICE": "0",
          "afterProcessVacancy": "37",
          "enrolledStudents": "8",
          "medianBid": "10.01",
          "minBid": "10.00",
          "instructor": "",
          "schoolDepartment": "LKCSOB"
        },
        "Round 1 Window 2": {
          "term": "2014-15 Term 3B",
          "session": "Regular Academic Session",
          "biddingWindow": "Round 1 Window 2",
          "courseCode": "OPIM201",
          "description": "Business Processes",
          "section": "G1",
          "vacancy": "45",
          "openingVacancy": "45",
          "beforeProcessVacancy": "37",
          "DICE": "0",
          "afterProcessVacancy": "36",
          "enrolledStudents": "9",
          "medianBid": "12.06",
          "minBid": "12.06",
          "instructor": "",
          "schoolDepartment": "LKCSOB"
        },
        "Round 1 Window 3": {
          "term": "2014-15 Term 3B",
          "session": "Regular Academic Session",
          "biddingWindow": "Round 1 Window 3",
          "courseCode": "OPIM201",
          "description": "Business Processes",
          "section": "G1",
          "vacancy": "45",
          "openingVacancy": "45",
          "beforeProcessVacancy": "37",
          "DICE": "0",
          "afterProcessVacancy": "35",
          "enrolledStudents": "10",
          "medianBid": "10.02",
          "minBid": "10.00",
          "instructor": "",
          "schoolDepartment": "LKCSOB"
        }
      }
    }
  },
  "OPIM341 Procurement and Strategic Sourcing": {
    "": {
      "G1": {
        "Round 1 Window 1": {
          "term": "2014-15 Term 3B",
          "session": "Regular Academic Session",
          "biddingWindow": "Round 1 Window 1",
          "courseCode": "OPIM341",
          "description": "Procurement and Strategic Sourcing",
          "section": "G1",
          "vacancy": "45",
          "openingVacancy": "45",
          "beforeProcessVacancy": "45",
          "DICE": "0",
          "afterProcessVacancy": "36",
          "enrolledStudents": "9",
          "medianBid": "10.07",
          "minBid": "10.00",
          "instructor": "",
          "schoolDepartment": "LKCSOB"
        },
        "Round 1 Window 2": {
          "term": "2014-15 Term 3B",
          "session": "Regular Academic Session",
          "biddingWindow": "Round 1 Window 2",
          "courseCode": "OPIM341",
          "description": "Procurement and Strategic Sourcing",
          "section": "G1",
          "vacancy": "45",
          "openingVacancy": "45",
          "beforeProcessVacancy": "36",
          "DICE": "0",
          "afterProcessVacancy": "36",
          "enrolledStudents": "9",
          "medianBid": "0.00",
          "minBid": "0.00",
          "instructor": "",
          "schoolDepartment": "LKCSOB"
        },
        "Round 1 Window 3": {
          "term": "2014-15 Term 3B",
          "session": "Regular Academic Session",
          "biddingWindow": "Round 1 Window 3",
          "courseCode": "OPIM341",
          "description": "Procurement and Strategic Sourcing",
          "section": "G1",
          "vacancy": "45",
          "openingVacancy": "45",
          "beforeProcessVacancy": "36",
          "DICE": "0",
          "afterProcessVacancy": "34",
          "enrolledStudents": "11",
          "medianBid": "10.00",
          "minBid": "10.00",
          "instructor": "",
          "schoolDepartment": "LKCSOB"
        }
      }
    }
  },
  "MKTG207 Marketing Strategy": {
    "": {
      "G1": {
        "Round 1 Window 1": {
          "term": "2014-15 Term 3B",
          "session": "Regular Academic Session",
          "biddingWindow": "Round 1 Window 1",
          "courseCode": "MKTG207",
          "description": "Marketing Strategy",
          "section": "G1",
          "vacancy": "45",
          "openingVacancy": "45",
          "beforeProcessVacancy": "45",
          "DICE": "0",
          "afterProcessVacancy": "40",
          "enrolledStudents": "5",
          "medianBid": "14.00",
          "minBid": "10.10",
          "instructor": "",
          "schoolDepartment": "LKCSOB"
        },
        "Round 1 Window 2": {
          "term": "2014-15 Term 3B",
          "session": "Regular Academic Session",
          "biddingWindow": "Round 1 Window 2",
          "courseCode": "MKTG207",
          "description": "Marketing Strategy",
          "section": "G1",
          "vacancy": "45",
          "openingVacancy": "45",
          "beforeProcessVacancy": "40",
          "DICE": "0",
          "afterProcessVacancy": "39",
          "enrolledStudents": "6",
          "medianBid": "10.11",
          "minBid": "10.11",
          "instructor": "",
          "schoolDepartment": "LKCSOB"
        }
      }
    }
  }
}