{
  "ECON103 International Economics A": {
    "RAMKISHEN S. RAJAN, RAMKISHEN S. RAJAN, RAMKISHEN S. RAJAN": {
      "G1": {
        "Round 1 Window 1": {
          "term": "2015-16 Term 3B",
          "session": "Regular Academic Session",
          "biddingWindow": "Round 1 Window 1",
          "courseCode": "ECON103",
          "description": "International Economics A",
          "section": "G1",
          "vacancy": "45",
          "openingVacancy": "45",
          "beforeProcessVacancy": "45",
          "DICE": "0",
          "afterProcessVacancy": "39",
          "enrolledStudents": "6",
          "medianBid": "20.26",
          "minBid": "10.00",
          "instructor": "RAMKISHEN S. RAJAN, RAMKISHEN S. RAJAN, RAMKISHEN S. RAJAN",
          "schoolDepartment": "SOE"
        },
        "Round 1 Window 2": {
          "term": "2015-16 Term 3B",
          "session": "Regular Academic Session",
          "biddingWindow": "Round 1 Window 2",
          "courseCode": "ECON103",
          "description": "International Economics A",
          "section": "G1",
          "vacancy": "45",
          "openingVacancy": "45",
          "beforeProcessVacancy": "39",
          "DICE": "0",
          "afterProcessVacancy": "39",
          "enrolledStudents": "6",
          "medianBid": "0.00",
          "minBid": "0.00",
          "instructor": "RAMKISHEN S. RAJAN, RAMKISHEN S. RAJAN, RAMKISHEN S. RAJAN",
          "schoolDepartment": "SOE"
        },
        "Round 1 Window 3": {
          "term": "2015-16 Term 3B",
          "session": "Regular Academic Session",
          "biddingWindow": "Round 1 Window 3",
          "courseCode": "ECON103",
          "description": "International Economics A",
          "section": "G1",
          "vacancy": "45",
          "openingVacancy": "45",
          "beforeProcessVacancy": "39",
          "DICE": "0",
          "afterProcessVacancy": "38",
          "enrolledStudents": "7",
          "medianBid": "20.00",
          "minBid": "20.00",
          "instructor": "RAMKISHEN S. RAJAN, RAMKISHEN S. RAJAN, RAMKISHEN S. RAJAN",
          "schoolDepartment": "SOE"
        },
        "Round 1 Window 4": {
          "term": "2015-16 Term 3B",
          "session": "Regular Academic Session",
          "biddingWindow": "Round 1 Window 4",
          "courseCode": "ECON103",
          "description": "International Economics A",
          "section": "G1",
          "vacancy": "45",
          "openingVacancy": "45",
          "beforeProcessVacancy": "38",
          "DICE": "0",
          "afterProcessVacancy": "37",
          "enrolledStudents": "8",
          "medianBid": "15.00",
          "minBid": "15.00",
          "instructor": "RAMKISHEN S. RAJAN, RAMKISHEN S. RAJAN, RAMKISHEN S. RAJAN",
          "schoolDepartment": "SOE"
        },
        "Round 2 Window 1": {
          "term": "2015-16 Term 3B",
          "session": "Regular Academic Session",
          "biddingWindow": "Round 2 Window 1",
          "courseCode": "ECON103",
          "description": "International Economics A",
          "section": "G1",
          "vacancy": "45",
          "openingVacancy": "45",
          "beforeProcessVacancy": "37",
          "DICE": "0",
          "afterProcessVacancy": "34",
          "enrolledStudents": "11",
          "medianBid": "10.00",
          "minBid": "10.00",
          "instructor": "RAMKISHEN S. RAJAN, RAMKISHEN S. RAJAN, RAMKISHEN S. RAJAN",
          "schoolDepartment": "SOE"
        },
        "Round 2 Window 2": {
          "term": "2015-16 Term 3B",
          "session": "Regular Academic Session",
          "biddingWindow": "Round 2 Window 2",
          "courseCode": "ECON103",
          "description": "International Economics A",
          "section": "G1",
          "vacancy": "45",
          "openingVacancy": "45",
          "beforeProcessVacancy": "34",
          "DICE": "0",
          "afterProcessVacancy": "33",
          "enrolledStudents": "12",
          "medianBid": "10.00",
          "minBid": "10.00",
          "instructor": "RAMKISHEN S. RAJAN, RAMKISHEN S. RAJAN, RAMKISHEN S. RAJAN",
          "schoolDepartment": "SOE"
        },
        "Round 2 Window 3": {
          "term": "2015-16 Term 3B",
          "session": "Regular Academic Session",
          "biddingWindow": "Round 2 Window 3",
          "courseCode": "ECON103",
          "description": "International Economics A",
          "section": "G1",
          "vacancy": "45",
          "openingVacancy": "45",
          "beforeProcessVacancy": "35",
          "DICE": "0",
          "afterProcessVacancy": "30",
          "enrolledStudents": "15",
          "medianBid": "10.00",
          "minBid": "10.00",
          "instructor": "RAMKISHEN S. RAJAN, RAMKISHEN S. RAJAN, RAMKISHEN S. RAJAN",
          "schoolDepartment": "SOE"
        },
        "Round 2 Window 4": {
          "term": "2015-16 Term 3B",
          "session": "Regular Academic Session",
          "biddingWindow": "Round 2 Window 4",
          "courseCode": "ECON103",
          "description": "International Economics A",
          "section": "G1",
          "vacancy": "45",
          "openingVacancy": "45",
          "beforeProcessVacancy": "30",
          "DICE": "0",
          "afterProcessVacancy": "29",
          "enrolledStudents": "16",
          "medianBid": "10.00",
          "minBid": "10.00",
          "instructor": "RAMKISHEN S. RAJAN, RAMKISHEN S. RAJAN, RAMKISHEN S. RAJAN",
          "schoolDepartment": "SOE"
        }
      }
    }
  },
  "IS470 Guided Research in Information Systems": {
    "LI YINGJIU": {
      "G1": {
        "Round 2 Window 3": {
          "term": "2015-16 Term 3B",
          "session": "Regular Academic Session",
          "biddingWindow": "Round 2 Window 3",
          "courseCode": "IS470",
          "description": "Guided Research in Information Systems",
          "section": "G1",
          "vacancy": "45",
          "openingVacancy": "2",
          "beforeProcessVacancy": "0",
          "DICE": "0",
          "afterProcessVacancy": "0",
          "enrolledStudents": "2",
          "medianBid": "0.00",
          "minBid": "0.00",
          "instructor": "LI YINGJIU",
          "schoolDepartment": "SIS"
        },
        "Round 2 Window 4": {
          "term": "2015-16 Term 3B",
          "session": "Regular Academic Session",
          "biddingWindow": "Round 2 Window 4",
          "courseCode": "IS470",
          "description": "Guided Research in Information Systems",
          "section": "G1",
          "vacancy": "45",
          "openingVacancy": "2",
          "beforeProcessVacancy": "0",
          "DICE": "0",
          "afterProcessVacancy": "0",
          "enrolledStudents": "2",
          "medianBid": "0.00",
          "minBid": "0.00",
          "instructor": "LI YINGJIU",
          "schoolDepartment": "SIS"
        }
      }
    }
  },
  "LAW471 Capital Markets Law in Asia": {
    "ROBIN HUANG, ROBIN HUANG, ROBIN HUANG": {
      "G1": {
        "Round 1 Window 1": {
          "term": "2015-16 Term 3B",
          "session": "Regular Academic Session",
          "biddingWindow": "Round 1 Window 1",
          "courseCode": "LAW471",
          "description": "Capital Markets Law in Asia",
          "section": "G1",
          "vacancy": "15",
          "openingVacancy": "15",
          "beforeProcessVacancy": "15",
          "DICE": "0",
          "afterProcessVacancy": "10",
          "enrolledStudents": "5",
          "medianBid": "12.34",
          "minBid": "12.03",
          "instructor": "ROBIN HUANG, ROBIN HUANG, ROBIN HUANG",
          "schoolDepartment": "SOL"
        },
        "Round 1 Window 2": {
          "term": "2015-16 Term 3B",
          "session": "Regular Academic Session",
          "biddingWindow": "Round 1 Window 2",
          "courseCode": "LAW471",
          "description": "Capital Markets Law in Asia",
          "section": "G1",
          "vacancy": "15",
          "openingVacancy": "15",
          "beforeProcessVacancy": "10",
          "DICE": "0",
          "afterProcessVacancy": "10",
          "enrolledStudents": "5",
          "medianBid": "0.00",
          "minBid": "0.00",
          "instructor": "ROBIN HUANG, ROBIN HUANG, ROBIN HUANG",
          "schoolDepartment": "SOL"
        },
        "Round 1 Window 3": {
          "term": "2015-16 Term 3B",
          "session": "Regular Academic Session",
          "biddingWindow": "Round 1 Window 3",
          "courseCode": "LAW471",
          "description": "Capital Markets Law in Asia",
          "section": "G1",
          "vacancy": "15",
          "openingVacancy": "15",
          "beforeProcessVacancy": "10",
          "DICE": "0",
          "afterProcessVacancy": "10",
          "enrolledStudents": "5",
          "medianBid": "0.00",
          "minBid": "0.00",
          "instructor": "ROBIN HUANG, ROBIN HUANG, ROBIN HUANG",
          "schoolDepartment": "SOL"
        },
        "Round 1 Window 4": {
          "term": "2015-16 Term 3B",
          "session": "Regular Academic Session",
          "biddingWindow": "Round 1 Window 4",
          "courseCode": "LAW471",
          "description": "Capital Markets Law in Asia",
          "section": "G1",
          "vacancy": "15",
          "openingVacancy": "15",
          "beforeProcessVacancy": "10",
          "DICE": "0",
          "afterProcessVacancy": "7",
          "enrolledStudents": "8",
          "medianBid": "12.32",
          "minBid": "10.00",
          "instructor": "ROBIN HUANG, ROBIN HUANG, ROBIN HUANG",
          "schoolDepartment": "SOL"
        },
        "Round 2 Window 1": {
          "term": "2015-16 Term 3B",
          "session": "Regular Academic Session",
          "biddingWindow": "Round 2 Window 1",
          "courseCode": "LAW471",
          "description": "Capital Markets Law in Asia",
          "section": "G1",
          "vacancy": "15",
          "openingVacancy": "15",
          "beforeProcessVacancy": "8",
          "DICE": "0",
          "afterProcessVacancy": "7",
          "enrolledStudents": "8",
          "medianBid": "12.00",
          "minBid": "12.00",
          "instructor": "ROBIN HUANG, ROBIN HUANG, ROBIN HUANG",
          "schoolDepartment": "SOL"
        },
        "Round 2 Window 2": {
          "term": "2015-16 Term 3B",
          "session": "Regular Academic Session",
          "biddingWindow": "Round 2 Window 2",
          "courseCode": "LAW471",
          "description": "Capital Markets Law in Asia",
          "section": "G1",
          "vacancy": "15",
          "openingVacancy": "15",
          "beforeProcessVacancy": "7",
          "DICE": "0",
          "afterProcessVacancy": "6",
          "enrolledStudents": "9",
          "medianBid": "21.34",
          "minBid": "21.34",
          "instructor": "ROBIN HUANG, ROBIN HUANG, ROBIN HUANG",
          "schoolDepartment": "SOL"
        },
        "Round 2 Window 3": {
          "term": "2015-16 Term 3B",
          "session": "Regular Academic Session",
          "biddingWindow": "Round 2 Window 3",
          "courseCode": "LAW471",
          "description": "Capital Markets Law in Asia",
          "section": "G1",
          "vacancy": "15",
          "openingVacancy": "15",
          "beforeProcessVacancy": "7",
          "DICE": "0",
          "afterProcessVacancy": "3",
          "enrolledStudents": "12",
          "medianBid": "36.97",
          "minBid": "18.00",
          "instructor": "ROBIN HUANG, ROBIN HUANG, ROBIN HUANG",
          "schoolDepartment": "SOL"
        },
        "Round 2 Window 4": {
          "term": "2015-16 Term 3B",
          "session": "Regular Academic Session",
          "biddingWindow": "Round 2 Window 4",
          "courseCode": "LAW471",
          "description": "Capital Markets Law in Asia",
          "section": "G1",
          "vacancy": "15",
          "openingVacancy": "15",
          "beforeProcessVacancy": "3",
          "DICE": "0",
          "afterProcessVacancy": "3",
          "enrolledStudents": "12",
          "medianBid": "0.00",
          "minBid": "0.00",
          "instructor": "ROBIN HUANG, ROBIN HUANG, ROBIN HUANG",
          "schoolDepartment": "SOL"
        }
      },
      "G51": {
        "Round 1 Window 1": {
          "term": "2015-16 Term 3B",
          "session": "Regular Academic Session",
          "biddingWindow": "Round 1 Window 1",
          "courseCode": "LAW471",
          "description": "Capital Markets Law in Asia",
          "section": "G51",
          "vacancy": "30",
          "openingVacancy": "30",
          "beforeProcessVacancy": "30",
          "DICE": "0",
          "afterProcessVacancy": "20",
          "enrolledStudents": "10",
          "medianBid": "10.00",
          "minBid": "10.00",
          "instructor": "ROBIN HUANG, ROBIN HUANG, ROBIN HUANG",
          "schoolDepartment": "SOL"
        },
        "Round 1 Window 2": {
          "term": "2015-16 Term 3B",
          "session": "Regular Academic Session",
          "biddingWindow": "Round 1 Window 2",
          "courseCode": "LAW471",
          "description": "Capital Markets Law in Asia",
          "section": "G51",
          "vacancy": "30",
          "openingVacancy": "30",
          "beforeProcessVacancy": "21",
          "DICE": "0",
          "afterProcessVacancy": "17",
          "enrolledStudents": "13",
          "medianBid": "11.50",
          "minBid": "10.00",
          "instructor": "ROBIN HUANG, ROBIN HUANG, ROBIN HUANG",
          "schoolDepartment": "SOL"
        },
        "Round 1 Window 3": {
          "term": "2015-16 Term 3B",
          "session": "Regular Academic Session",
          "biddingWindow": "Round 1 Window 3",
          "courseCode": "LAW471",
          "description": "Capital Markets Law in Asia",
          "section": "G51",
          "vacancy": "30",
          "openingVacancy": "30",
          "beforeProcessVacancy": "17",
          "DICE": "0",
          "afterProcessVacancy": "17",
          "enrolledStudents": "13",
          "medianBid": "0.00",
          "minBid": "0.00",
          "instructor": "ROBIN HUANG, ROBIN HUANG, ROBIN HUANG",
          "schoolDepartment": "SOL"
        },
        "Round 1 Window 4": {
          "term": "2015-16 Term 3B",
          "session": "Regular Academic Session",
          "biddingWindow": "Round 1 Window 4",
          "courseCode": "LAW471",
          "description": "Capital Markets Law in Asia",
          "section": "G51",
          "vacancy": "30",
          "openingVacancy": "30",
          "beforeProcessVacancy": "17",
          "DICE": "0",
          "afterProcessVacancy": "17",
          "enrolledStudents": "13",
          "medianBid": "0.00",
          "minBid": "0.00",
          "instructor": "ROBIN HUANG, ROBIN HUANG, ROBIN HUANG",
          "schoolDepartment": "SOL"
        },
        "Round 2 Window 1": {
          "term": "2015-16 Term 3B",
          "session": "Regular Academic Session",
          "biddingWindow": "Round 2 Window 1",
          "courseCode": "LAW471",
          "description": "Capital Markets Law in Asia",
          "section": "G51",
          "vacancy": "30",
          "openingVacancy": "30",
          "beforeProcessVacancy": "17",
          "DICE": "0",
          "afterProcessVacancy": "16",
          "enrolledStudents": "14",
          "medianBid": "10.00",
          "minBid": "10.00",
          "instructor": "ROBIN HUANG, ROBIN HUANG, ROBIN HUANG",
          "schoolDepartment": "SOL"
        },
        "Round 2 Window 2": {
          "term": "2015-16 Term 3B",
          "session": "Regular Academic Session",
          "biddingWindow": "Round 2 Window 2",
          "courseCode": "LAW471",
          "description": "Capital Markets Law in Asia",
          "section": "G51",
          "vacancy": "30",
          "openingVacancy": "30",
          "beforeProcessVacancy": "16",
          "DICE": "0",
          "afterProcessVacancy": "12",
          "enrolledStudents": "18",
          "medianBid": "10.00",
          "minBid": "10.00",
          "instructor": "ROBIN HUANG, ROBIN HUANG, ROBIN HUANG",
          "schoolDepartment": "SOL"
        },
        "Round 2 Window 3": {
          "term": "2015-16 Term 3B",
          "session": "Regular Academic Session",
          "biddingWindow": "Round 2 Window 3",
          "courseCode": "LAW471",
          "description": "Capital Markets Law in Asia",
          "section": "G51",
          "vacancy": "30",
          "openingVacancy": "30",
          "beforeProcessVacancy": "19",
          "DICE": "0",
          "afterProcessVacancy": "18",
          "enrolledStudents": "12",
          "medianBid": "10.00",
          "minBid": "10.00",
          "instructor": "ROBIN HUANG, ROBIN HUANG, ROBIN HUANG",
          "schoolDepartment": "SOL"
        },
        "Round 2 Window 4": {
          "term": "2015-16 Term 3B",
          "session": "Regular Academic Session",
          "biddingWindow": "Round 2 Window 4",
          "courseCode": "LAW471",
          "description": "Capital Markets Law in Asia",
          "section": "G51",
          "vacancy": "30",
          "openingVacancy": "30",
          "beforeProcessVacancy": "20",
          "DICE": "0",
          "afterProcessVacancy": "19",
          "enrolledStudents": "11",
          "medianBid": "10.00",
          "minBid": "10.00",
          "instructor": "ROBIN HUANG, ROBIN HUANG, ROBIN HUANG",
          "schoolDepartment": "SOL"
        }
      }
    }
  },
  "MGMT005 Managing in a Volatile, Uncertain, Complex and Ambiguous Context(SUTD cls, encrg SMU Std enrol)": {
    "SAUMYA SINDHWANI, SAUMYA SINDHWANI": {
      "G30": {
        "Round 1 Window 1": {
          "term": "2015-16 Term 3B",
          "session": "Modified Session",
          "biddingWindow": "Round 1 Window 1",
          "courseCode": "MGMT005",
          "description": "Managing in a Volatile, Uncertain, Complex and Ambiguous Context(SUTD cls, encrg SMU Std enrol)",
          "section": "G30",
          "vacancy": "45",
          "openingVacancy": "45",
          "beforeProcessVacancy": "24",
          "DICE": "0",
          "afterProcessVacancy": "18",
          "enrolledStudents": "27",
          "medianBid": "11.60",
          "minBid": "10.00",
          "instructor": "SAUMYA SINDHWANI, SAUMYA SINDHWANI",
          "schoolDepartment": "LKCSOB"
        },
        "Round 1 Window 2": {
          "term": "2015-16 Term 3B",
          "session": "Modified Session",
          "biddingWindow": "Round 1 Window 2",
          "courseCode": "MGMT005",
          "description": "Managing in a Volatile, Uncertain, Complex and Ambiguous Context(SUTD cls, encrg SMU Std enrol)",
          "section": "G30",
          "vacancy": "45",
          "openingVacancy": "45",
          "beforeProcessVacancy": "19",
          "DICE": "0",
          "afterProcessVacancy": "18",
          "enrolledStudents": "27",
          "medianBid": "10.07",
          "minBid": "10.07",
          "instructor": "SAUMYA SINDHWANI, SAUMYA SINDHWANI",
          "schoolDepartment": "LKCSOB"
        },
        "Round 1 Window 3": {
          "term": "2015-16 Term 3B",
          "session": "Modified Session",
          "biddingWindow": "Round 1 Window 3",
          "courseCode": "MGMT005",
          "description": "Managing in a Volatile, Uncertain, Complex and Ambiguous Context(SUTD cls, encrg SMU Std enrol)",
          "section": "G30",
          "vacancy": "45",
          "openingVacancy": "45",
          "beforeProcessVacancy": "18",
          "DICE": "0",
          "afterProcessVacancy": "18",
          "enrolledStudents": "27",
          "medianBid": "0.00",
          "minBid": "0.00",
          "instructor": "SAUMYA SINDHWANI, SAUMYA SINDHWANI",
          "schoolDepartment": "LKCSOB"
        },
        "Round 1 Window 4": {
          "term": "2015-16 Term 3B",
          "session": "Modified Session",
          "biddingWindow": "Round 1 Window 4",
          "courseCode": "MGMT005",
          "description": "Managing in a Volatile, Uncertain, Complex and Ambiguous Context(SUTD cls, encrg SMU Std enrol)",
          "section": "G30",
          "vacancy": "45",
          "openingVacancy": "45",
          "beforeProcessVacancy": "19",
          "DICE": "0",
          "afterProcessVacancy": "17",
          "enrolledStudents": "28",
          "medianBid": "13.53",
          "minBid": "10.05",
          "instructor": "SAUMYA SINDHWANI, SAUMYA SINDHWANI",
          "schoolDepartment": "LKCSOB"
        },
        "Round 2 Window 1": {
          "term": "2015-16 Term 3B",
          "session": "Modified Session",
          "biddingWindow": "Round 2 Window 1",
          "courseCode": "MGMT005",
          "description": "Managing in a Volatile, Uncertain, Complex and Ambiguous Context(SUTD cls, encrg SMU Std enrol)",
          "section": "G30",
          "vacancy": "45",
          "openingVacancy": "44",
          "beforeProcessVacancy": "17",
          "DICE": "0",
          "afterProcessVacancy": "15",
          "enrolledStudents": "29",
          "medianBid": "15.00",
          "minBid": "10.00",
          "instructor": "SAUMYA SINDHWANI, SAUMYA SINDHWANI",
          "schoolDepartment": "LKCSOB"
        },
        "Round 2 Window 2": {
          "term": "2015-16 Term 3B",
          "session": "Modified Session",
          "biddingWindow": "Round 2 Window 2",
          "courseCode": "MGMT005",
          "description": "Managing in a Volatile, Uncertain, Complex and Ambiguous Context(SUTD cls, encrg SMU Std enrol)",
          "section": "G30",
          "vacancy": "45",
          "openingVacancy": "44",
          "beforeProcessVacancy": "17",
          "DICE": "0",
          "afterProcessVacancy": "13",
          "enrolledStudents": "31",
          "medianBid": "22.00",
          "minBid": "10.00",
          "instructor": "SAUMYA SINDHWANI, SAUMYA SINDHWANI",
          "schoolDepartment": "LKCSOB"
        },
        "Round 2 Window 3": {
          "term": "2015-16 Term 3B",
          "session": "Modified Session",
          "biddingWindow": "Round 2 Window 3",
          "courseCode": "MGMT005",
          "description": "Managing in a Volatile, Uncertain, Complex and Ambiguous Context(SUTD cls, encrg SMU Std enrol)",
          "section": "G30",
          "vacancy": "45",
          "openingVacancy": "44",
          "beforeProcessVacancy": "12",
          "DICE": "0",
          "afterProcessVacancy": "6",
          "enrolledStudents": "38",
          "medianBid": "22.76",
          "minBid": "13.30",
          "instructor": "SAUMYA SINDHWANI, SAUMYA SINDHWANI",
          "schoolDepartment": "LKCSOB"
        },
        "Round 2 Window 4": {
          "term": "2015-16 Term 3B",
          "session": "Modified Session",
          "biddingWindow": "Round 2 Window 4",
          "courseCode": "MGMT005",
          "description": "Managing in a Volatile, Uncertain, Complex and Ambiguous Context(SUTD cls, encrg SMU Std enrol)",
          "section": "G30",
          "vacancy": "45",
          "openingVacancy": "44",
          "beforeProcessVacancy": "8",
          "DICE": "0",
          "afterProcessVacancy": "7",
          "enrolledStudents": "37",
          "medianBid": "10.00",
          "minBid": "10.00",
          "instructor": "SAUMYA SINDHWANI, SAUMYA SINDHWANI",
          "schoolDepartment": "LKCSOB"
        }
      }
    }
  },
  "MGMT102 Strategy": {
    "JAMAL SHAMSIE, JAMAL SHAMSIE, JAMAL SHAMSIE": {
      "G1": {
        "Round 1 Window 1": {
          "term": "2015-16 Term 3B",
          "session": "Regular Academic Session",
          "biddingWindow": "Round 1 Window 1",
          "courseCode": "MGMT102",
          "description": "Strategy",
          "section": "G1",
          "vacancy": "45",
          "openingVacancy": "45",
          "beforeProcessVacancy": "45",
          "DICE": "0",
          "afterProcessVacancy": "29",
          "enrolledStudents": "16",
          "medianBid": "15.00",
          "minBid": "10.00",
          "instructor": "JAMAL SHAMSIE, JAMAL SHAMSIE, JAMAL SHAMSIE",
          "schoolDepartment": "LKCSOB"
        },
        "Round 1 Window 2": {
          "term": "2015-16 Term 3B",
          "session": "Regular Academic Session",
          "biddingWindow": "Round 1 Window 2",
          "courseCode": "MGMT102",
          "description": "Strategy",
          "section": "G1",
          "vacancy": "45",
          "openingVacancy": "45",
          "beforeProcessVacancy": "31",
          "DICE": "0",
          "afterProcessVacancy": "29",
          "enrolledStudents": "16",
          "medianBid": "10.00",
          "minBid": "10.00",
          "instructor": "JAMAL SHAMSIE, JAMAL SHAMSIE, JAMAL SHAMSIE",
          "schoolDepartment": "LKCSOB"
        },
        "Round 1 Window 3": {
          "term": "2015-16 Term 3B",
          "session": "Regular Academic Session",
          "biddingWindow": "Round 1 Window 3",
          "courseCode": "MGMT102",
          "description": "Strategy",
          "section": "G1",
          "vacancy": "45",
          "openingVacancy": "45",
          "beforeProcessVacancy": "29",
          "DICE": "0",
          "afterProcessVacancy": "29",
          "enrolledStudents": "16",
          "medianBid": "0.00",
          "minBid": "0.00",
          "instructor": "JAMAL SHAMSIE, JAMAL SHAMSIE, JAMAL SHAMSIE",
          "schoolDepartment": "LKCSOB"
        },
        "Round 1 Window 4": {
          "term": "2015-16 Term 3B",
          "session": "Regular Academic Session",
          "biddingWindow": "Round 1 Window 4",
          "courseCode": "MGMT102",
          "description": "Strategy",
          "section": "G1",
          "vacancy": "45",
          "openingVacancy": "45",
          "beforeProcessVacancy": "31",
          "DICE": "0",
          "afterProcessVacancy": "29",
          "enrolledStudents": "16",
          "medianBid": "12.50",
          "minBid": "10.00",
          "instructor": "JAMAL SHAMSIE, JAMAL SHAMSIE, JAMAL SHAMSIE",
          "schoolDepartment": "LKCSOB"
        },
        "Round 2 Window 1": {
          "term": "2015-16 Term 3B",
          "session": "Regular Academic Session",
          "biddingWindow": "Round 2 Window 1",
          "courseCode": "MGMT102",
          "description": "Strategy",
          "section": "G1",
          "vacancy": "45",
          "openingVacancy": "45",
          "beforeProcessVacancy": "30",
          "DICE": "0",
          "afterProcessVacancy": "27",
          "enrolledStudents": "18",
          "medianBid": "10.00",
          "minBid": "10.00",
          "instructor": "JAMAL SHAMSIE, JAMAL SHAMSIE, JAMAL SHAMSIE",
          "schoolDepartment": "LKCSOB"
        },
        "Round 2 Window 2": {
          "term": "2015-16 Term 3B",
          "session": "Regular Academic Session",
          "biddingWindow": "Round 2 Window 2",
          "courseCode": "MGMT102",
          "description": "Strategy",
          "section": "G1",
          "vacancy": "45",
          "openingVacancy": "45",
          "beforeProcessVacancy": "27",
          "DICE": "0",
          "afterProcessVacancy": "25",
          "enrolledStudents": "20",
          "medianBid": "20.06",
          "minBid": "10.11",
          "instructor": "JAMAL SHAMSIE, JAMAL SHAMSIE, JAMAL SHAMSIE",
          "schoolDepartment": "LKCSOB"
        },
        "Round 2 Window 3": {
          "term": "2015-16 Term 3B",
          "session": "Regular Academic Session",
          "biddingWindow": "Round 2 Window 3",
          "courseCode": "MGMT102",
          "description": "Strategy",
          "section": "G1",
          "vacancy": "45",
          "openingVacancy": "45",
          "beforeProcessVacancy": "26",
          "DICE": "0",
          "afterProcessVacancy": "19",
          "enrolledStudents": "26",
          "medianBid": "10.00",
          "minBid": "10.00",
          "instructor": "JAMAL SHAMSIE, JAMAL SHAMSIE, JAMAL SHAMSIE",
          "schoolDepartment": "LKCSOB"
        },
        "Round 2 Window 4": {
          "term": "2015-16 Term 3B",
          "session": "Regular Academic Session",
          "biddingWindow": "Round 2 Window 4",
          "courseCode": "MGMT102",
          "description": "Strategy",
          "section": "G1",
          "vacancy": "45",
          "openingVacancy": "45",
          "beforeProcessVacancy": "20",
          "DICE": "0",
          "afterProcessVacancy": "19",
          "enrolledStudents": "26",
          "medianBid": "10.00",
          "minBid": "10.00",
          "instructor": "JAMAL SHAMSIE, JAMAL SHAMSIE, JAMAL SHAMSIE",
          "schoolDepartment": "LKCSOB"
        }
      }
    }
  },
  "STEC202 Environmental Science": {
    "": {
      "G1": {
        "Round 1 Window 1": {
          "term": "2015-16 Term 3B",
          "session": "Regular Academic Session",
          "biddingWindow": "Round 1 Window 1",
          "courseCode": "STEC202",
          "description": "Environmental Science",
          "section": "G1",
          "vacancy": "45",
          "openingVacancy": "45",
          "beforeProcessVacancy": "45",
          "DICE": "0",
          "afterProcessVacancy": "32",
          "enrolledStudents": "13",
          "medianBid": "10.65",
          "minBid": "10.00",
          "instructor": "",
          "schoolDepartment": "SOSS"
        },
        "Round 1 Window 2": {
          "term": "2015-16 Term 3B",
          "session": "Regular Academic Session",
          "biddingWindow": "Round 1 Window 2",
          "courseCode": "STEC202",
          "description": "Environmental Science",
          "section": "G1",
          "vacancy": "45",
          "openingVacancy": "45",
          "beforeProcessVacancy": "32",
          "DICE": "0",
          "afterProcessVacancy": "30",
          "enrolledStudents": "15",
          "medianBid": "15.05",
          "minBid": "10.10",
          "instructor": "",
          "schoolDepartment": "SOSS"
        },
        "Round 1 Window 3": {
          "term": "2015-16 Term 3B",
          "session": "Regular Academic Session",
          "biddingWindow": "Round 1 Window 3",
          "courseCode": "STEC202",
          "description": "Environmental Science",
          "section": "G1",
          "vacancy": "45",
          "openingVacancy": "45",
          "beforeProcessVacancy": "30",
          "DICE": "0",
          "afterProcessVacancy": "30",
          "enrolledStudents": "15",
          "medianBid": "0.00",
          "minBid": "0.00",
          "instructor": "",
          "schoolDepartment": "SOSS"
        }
      }
    }
  }
}