{
  "ACCT002 Accounting for Entrepreneurs": {
    "YUANTO KUSNADI, YUANTO KUSNADI, YUANTO KUSNADI": {
      "G1": {
        "Round 2 Window 3": {
          "term": "2016-17 Term 3B",
          "session": "Modified Session",
          "biddingWindow": "Round 2 Window 3",
          "courseCode": "ACCT002",
          "description": "Accounting for Entrepreneurs",
          "section": "G1",
          "vacancy": "45",
          "openingVacancy": "0",
          "beforeProcessVacancy": "0",
          "DICE": "0",
          "afterProcessVacancy": "0",
          "enrolledStudents": "0",
          "medianBid": "0.00",
          "minBid": "0.00",
          "instructor": "YUANTO KUSNADI, YUANTO KUSNADI, YUANTO KUSNADI",
          "schoolDepartment": "SOA"
        },
        "Round 2 Window 4": {
          "term": "2016-17 Term 3B",
          "session": "Modified Session",
          "biddingWindow": "Round 2 Window 4",
          "courseCode": "ACCT002",
          "description": "Accounting for Entrepreneurs",
          "section": "G1",
          "vacancy": "45",
          "openingVacancy": "0",
          "beforeProcessVacancy": "0",
          "DICE": "0",
          "afterProcessVacancy": "0",
          "enrolledStudents": "0",
          "medianBid": "0.00",
          "minBid": "0.00",
          "instructor": "YUANTO KUSNADI, YUANTO KUSNADI, YUANTO KUSNADI",
          "schoolDepartment": "SOA"
        }
      }
    }
  },
  "ACCT003 Capital Markets in China": {
    "WANG JIWEI, WANG JIWEI, WANG JIWEI": {
      "G1": {
        "Round 2 Window 3": {
          "term": "2016-17 Term 3B",
          "session": "Modified Session",
          "biddingWindow": "Round 2 Window 3",
          "courseCode": "ACCT003",
          "description": "Capital Markets in China",
          "section": "G1",
          "vacancy": "45",
          "openingVacancy": "0",
          "beforeProcessVacancy": "0",
          "DICE": "0",
          "afterProcessVacancy": "0",
          "enrolledStudents": "0",
          "medianBid": "0.00",
          "minBid": "0.00",
          "instructor": "WANG JIWEI, WANG JIWEI, WANG JIWEI",
          "schoolDepartment": "SOA"
        },
        "Round 2 Window 4": {
          "term": "2016-17 Term 3B",
          "session": "Modified Session",
          "biddingWindow": "Round 2 Window 4",
          "courseCode": "ACCT003",
          "description": "Capital Markets in China",
          "section": "G1",
          "vacancy": "45",
          "openingVacancy": "0",
          "beforeProcessVacancy": "0",
          "DICE": "0",
          "afterProcessVacancy": "0",
          "enrolledStudents": "0",
          "medianBid": "0.00",
          "minBid": "0.00",
          "instructor": "WANG JIWEI, WANG JIWEI, WANG JIWEI",
          "schoolDepartment": "SOA"
        }
      }
    }
  },
  "ACCT201 Corporate Reporting and Financial Analysis": {
    "ZANG YOONSEOK, ZANG YOONSEOK": {
      "SG91": {
        "Round 2 Window 3": {
          "term": "2016-17 Term 3B",
          "session": "Regular Academic Session",
          "biddingWindow": "Round 2 Window 3",
          "courseCode": "ACCT201",
          "description": "Corporate Reporting and Financial Analysis",
          "section": "SG91",
          "vacancy": "45",
          "openingVacancy": "0",
          "beforeProcessVacancy": "0",
          "DICE": "0",
          "afterProcessVacancy": "0",
          "enrolledStudents": "1",
          "medianBid": "0.00",
          "minBid": "0.00",
          "instructor": "ZANG YOONSEOK, ZANG YOONSEOK",
          "schoolDepartment": "SOA"
        },
        "Round 2 Window 4": {
          "term": "2016-17 Term 3B",
          "session": "Regular Academic Session",
          "biddingWindow": "Round 2 Window 4",
          "courseCode": "ACCT201",
          "description": "Corporate Reporting and Financial Analysis",
          "section": "SG91",
          "vacancy": "45",
          "openingVacancy": "0",
          "beforeProcessVacancy": "0",
          "DICE": "0",
          "afterProcessVacancy": "0",
          "enrolledStudents": "1",
          "medianBid": "0.00",
          "minBid": "0.00",
          "instructor": "ZANG YOONSEOK, ZANG YOONSEOK",
          "schoolDepartment": "SOA"
        }
      }
    }
  },
  "ACCT335 Advanced Financial Accounting": {
    "YUE HENG": {
      "SG91": {
        "Round 2 Window 3": {
          "term": "2016-17 Term 3B",
          "session": "Regular Academic Session",
          "biddingWindow": "Round 2 Window 3",
          "courseCode": "ACCT335",
          "description": "Advanced Financial Accounting",
          "section": "SG91",
          "vacancy": "1",
          "openingVacancy": "0",
          "beforeProcessVacancy": "0",
          "DICE": "0",
          "afterProcessVacancy": "0",
          "enrolledStudents": "1",
          "medianBid": "0.00",
          "minBid": "0.00",
          "instructor": "YUE HENG",
          "schoolDepartment": "SOA"
        },
        "Round 2 Window 4": {
          "term": "2016-17 Term 3B",
          "session": "Regular Academic Session",
          "biddingWindow": "Round 2 Window 4",
          "courseCode": "ACCT335",
          "description": "Advanced Financial Accounting",
          "section": "SG91",
          "vacancy": "1",
          "openingVacancy": "0",
          "beforeProcessVacancy": "0",
          "DICE": "0",
          "afterProcessVacancy": "0",
          "enrolledStudents": "1",
          "medianBid": "0.00",
          "minBid": "0.00",
          "instructor": "YUE HENG",
          "schoolDepartment": "SOA"
        }
      }
    }
  },
  "ECON103 International Economics A(SUTD cls, encrg SMU Std enrol)": {
    "WONG FOT CHYI, WONG FOT CHYI, WONG FOT CHYI": {
      "G1": {
        "Round 1 Window 1": {
          "term": "2016-17 Term 3B",
          "session": "Regular Academic Session",
          "biddingWindow": "Round 1 Window 1",
          "courseCode": "ECON103",
          "description": "International Economics A(SUTD cls, encrg SMU Std enrol)",
          "section": "G1",
          "vacancy": "45",
          "openingVacancy": "45",
          "beforeProcessVacancy": "15",
          "DICE": "0",
          "afterProcessVacancy": "6",
          "enrolledStudents": "39",
          "medianBid": "15.00",
          "minBid": "10.00",
          "instructor": "WONG FOT CHYI, WONG FOT CHYI, WONG FOT CHYI",
          "schoolDepartment": "SOE"
        },
        "Round 1 Window 2": {
          "term": "2016-17 Term 3B",
          "session": "Regular Academic Session",
          "biddingWindow": "Round 1 Window 2",
          "courseCode": "ECON103",
          "description": "International Economics A(SUTD cls, encrg SMU Std enrol)",
          "section": "G1",
          "vacancy": "45",
          "openingVacancy": "45",
          "beforeProcessVacancy": "7",
          "DICE": "0",
          "afterProcessVacancy": "5",
          "enrolledStudents": "40",
          "medianBid": "27.50",
          "minBid": "10.00",
          "instructor": "WONG FOT CHYI, WONG FOT CHYI, WONG FOT CHYI",
          "schoolDepartment": "SOE"
        },
        "Round 1 Window 3": {
          "term": "2016-17 Term 3B",
          "session": "Regular Academic Session",
          "biddingWindow": "Round 1 Window 3",
          "courseCode": "ECON103",
          "description": "International Economics A(SUTD cls, encrg SMU Std enrol)",
          "section": "G1",
          "vacancy": "45",
          "openingVacancy": "45",
          "beforeProcessVacancy": "5",
          "DICE": "0",
          "afterProcessVacancy": "4",
          "enrolledStudents": "41",
          "medianBid": "10.00",
          "minBid": "10.00",
          "instructor": "WONG FOT CHYI, WONG FOT CHYI, WONG FOT CHYI",
          "schoolDepartment": "SOE"
        },
        "Round 1 Window 4": {
          "term": "2016-17 Term 3B",
          "session": "Regular Academic Session",
          "biddingWindow": "Round 1 Window 4",
          "courseCode": "ECON103",
          "description": "International Economics A(SUTD cls, encrg SMU Std enrol)",
          "section": "G1",
          "vacancy": "45",
          "openingVacancy": "45",
          "beforeProcessVacancy": "4",
          "DICE": "0",
          "afterProcessVacancy": "1",
          "enrolledStudents": "44",
          "medianBid": "15.00",
          "minBid": "10.00",
          "instructor": "WONG FOT CHYI, WONG FOT CHYI, WONG FOT CHYI",
          "schoolDepartment": "SOE"
        },
        "Round 2 Window 1": {
          "term": "2016-17 Term 3B",
          "session": "Regular Academic Session",
          "biddingWindow": "Round 2 Window 1",
          "courseCode": "ECON103",
          "description": "International Economics A(SUTD cls, encrg SMU Std enrol)",
          "section": "G1",
          "vacancy": "45",
          "openingVacancy": "45",
          "beforeProcessVacancy": "2",
          "DICE": "0",
          "afterProcessVacancy": "0",
          "enrolledStudents": "45",
          "medianBid": "62.29",
          "minBid": "41.57",
          "instructor": "WONG FOT CHYI, WONG FOT CHYI, WONG FOT CHYI",
          "schoolDepartment": "SOE"
        },
        "Round 2 Window 2": {
          "term": "2016-17 Term 3B",
          "session": "Regular Academic Session",
          "biddingWindow": "Round 2 Window 2",
          "courseCode": "ECON103",
          "description": "International Economics A(SUTD cls, encrg SMU Std enrol)",
          "section": "G1",
          "vacancy": "45",
          "openingVacancy": "45",
          "beforeProcessVacancy": "0",
          "DICE": "0",
          "afterProcessVacancy": "0",
          "enrolledStudents": "45",
          "medianBid": "0.00",
          "minBid": "0.00",
          "instructor": "WONG FOT CHYI, WONG FOT CHYI, WONG FOT CHYI",
          "schoolDepartment": "SOE"
        },
        "Round 2 Window 3": {
          "term": "2016-17 Term 3B",
          "session": "Regular Academic Session",
          "biddingWindow": "Round 2 Window 3",
          "courseCode": "ECON103",
          "description": "International Economics A(SUTD cls, encrg SMU Std enrol)",
          "section": "G1",
          "vacancy": "45",
          "openingVacancy": "45",
          "beforeProcessVacancy": "-2",
          "DICE": "0",
          "afterProcessVacancy": "-2",
          "enrolledStudents": "47",
          "medianBid": "0.00",
          "minBid": "0.00",
          "instructor": "WONG FOT CHYI, WONG FOT CHYI, WONG FOT CHYI",
          "schoolDepartment": "SOE"
        },
        "Round 2 Window 4": {
          "term": "2016-17 Term 3B",
          "session": "Regular Academic Session",
          "biddingWindow": "Round 2 Window 4",
          "courseCode": "ECON103",
          "description": "International Economics A(SUTD cls, encrg SMU Std enrol)",
          "section": "G1",
          "vacancy": "45",
          "openingVacancy": "45",
          "beforeProcessVacancy": "0",
          "DICE": "0",
          "afterProcessVacancy": "0",
          "enrolledStudents": "47",
          "medianBid": "0.00",
          "minBid": "0.00",
          "instructor": "WONG FOT CHYI, WONG FOT CHYI, WONG FOT CHYI",
          "schoolDepartment": "SOE"
        }
      }
    }
  },
  "ECON128 The Economic Growth of East and South Asia": {
    "JIANHUAN XU, JIANHUAN XU, JIANHUAN XU": {
      "G1": {
        "Round 2 Window 3": {
          "term": "2016-17 Term 3B",
          "session": "Modified Session",
          "biddingWindow": "Round 2 Window 3",
          "courseCode": "ECON128",
          "description": "The Economic Growth of East and South Asia",
          "section": "G1",
          "vacancy": "45",
          "openingVacancy": "0",
          "beforeProcessVacancy": "-10",
          "DICE": "0",
          "afterProcessVacancy": "-10",
          "enrolledStudents": "10",
          "medianBid": "0.00",
          "minBid": "0.00",
          "instructor": "JIANHUAN XU, JIANHUAN XU, JIANHUAN XU",
          "schoolDepartment": "SOE"
        },
        "Round 2 Window 4": {
          "term": "2016-17 Term 3B",
          "session": "Modified Session",
          "biddingWindow": "Round 2 Window 4",
          "courseCode": "ECON128",
          "description": "The Economic Growth of East and South Asia",
          "section": "G1",
          "vacancy": "45",
          "openingVacancy": "0",
          "beforeProcessVacancy": "0",
          "DICE": "0",
          "afterProcessVacancy": "0",
          "enrolledStudents": "11",
          "medianBid": "0.00",
          "minBid": "0.00",
          "instructor": "JIANHUAN XU, JIANHUAN XU, JIANHUAN XU",
          "schoolDepartment": "SOE"
        }
      }
    }
  },
  "ECON212 Real Estate Economics": {
    "LI JING, LI JING": {
      "SG91": {
        "Round 2 Window 3": {
          "term": "2016-17 Term 3B",
          "session": "Regular Academic Session",
          "biddingWindow": "Round 2 Window 3",
          "courseCode": "ECON212",
          "description": "Real Estate Economics",
          "section": "SG91",
          "vacancy": "45",
          "openingVacancy": "0",
          "beforeProcessVacancy": "0",
          "DICE": "0",
          "afterProcessVacancy": "0",
          "enrolledStudents": "1",
          "medianBid": "0.00",
          "minBid": "0.00",
          "instructor": "LI JING, LI JING",
          "schoolDepartment": "SOE"
        },
        "Round 2 Window 4": {
          "term": "2016-17 Term 3B",
          "session": "Regular Academic Session",
          "biddingWindow": "Round 2 Window 4",
          "courseCode": "ECON212",
          "description": "Real Estate Economics",
          "section": "SG91",
          "vacancy": "45",
          "openingVacancy": "0",
          "beforeProcessVacancy": "0",
          "DICE": "0",
          "afterProcessVacancy": "0",
          "enrolledStudents": "1",
          "medianBid": "0.00",
          "minBid": "0.00",
          "instructor": "LI JING, LI JING",
          "schoolDepartment": "SOE"
        }
      }
    }
  },
  "FNCE102 Financial Instruments, Institutions and Markets": {
    "KAREN GAN, KAREN GAN": {
      "SG91": {
        "Round 2 Window 3": {
          "term": "2016-17 Term 3B",
          "session": "Regular Academic Session",
          "biddingWindow": "Round 2 Window 3",
          "courseCode": "FNCE102",
          "description": "Financial Instruments, Institutions and Markets",
          "section": "SG91",
          "vacancy": "45",
          "openingVacancy": "0",
          "beforeProcessVacancy": "0",
          "DICE": "0",
          "afterProcessVacancy": "0",
          "enrolledStudents": "1",
          "medianBid": "0.00",
          "minBid": "0.00",
          "instructor": "KAREN GAN, KAREN GAN",
          "schoolDepartment": "LKCSOB"
        },
        "Round 2 Window 4": {
          "term": "2016-17 Term 3B",
          "session": "Regular Academic Session",
          "biddingWindow": "Round 2 Window 4",
          "courseCode": "FNCE102",
          "description": "Financial Instruments, Institutions and Markets",
          "section": "SG91",
          "vacancy": "45",
          "openingVacancy": "0",
          "beforeProcessVacancy": "0",
          "DICE": "0",
          "afterProcessVacancy": "0",
          "enrolledStudents": "1",
          "medianBid": "0.00",
          "minBid": "0.00",
          "instructor": "KAREN GAN, KAREN GAN",
          "schoolDepartment": "LKCSOB"
        }
      }
    }
  },
  "HUMN019 Asian Organised Crime: A Multidisciplinary Perspective": {
    "NAFIS HANIF, NAFIS HANIF, NAFIS HANIF": {
      "G1": {
        "Round 2 Window 3": {
          "term": "2016-17 Term 3B",
          "session": "Modified Session",
          "biddingWindow": "Round 2 Window 3",
          "courseCode": "HUMN019",
          "description": "Asian Organised Crime: A Multidisciplinary Perspective",
          "section": "G1",
          "vacancy": "45",
          "openingVacancy": "0",
          "beforeProcessVacancy": "0",
          "DICE": "0",
          "afterProcessVacancy": "0",
          "enrolledStudents": "4",
          "medianBid": "0.00",
          "minBid": "0.00",
          "instructor": "NAFIS HANIF, NAFIS HANIF, NAFIS HANIF",
          "schoolDepartment": "SOSS"
        },
        "Round 2 Window 4": {
          "term": "2016-17 Term 3B",
          "session": "Modified Session",
          "biddingWindow": "Round 2 Window 4",
          "courseCode": "HUMN019",
          "description": "Asian Organised Crime: A Multidisciplinary Perspective",
          "section": "G1",
          "vacancy": "45",
          "openingVacancy": "0",
          "beforeProcessVacancy": "0",
          "DICE": "0",
          "afterProcessVacancy": "0",
          "enrolledStudents": "4",
          "medianBid": "0.00",
          "minBid": "0.00",
          "instructor": "NAFIS HANIF, NAFIS HANIF, NAFIS HANIF",
          "schoolDepartment": "SOSS"
        }
      }
    }
  },
  "IAS201 Popular Culture in Asia": {
    "BRENDA CHAN, BRENDA CHAN, BRENDA CHAN": {
      "G1": {
        "Round 2 Window 3": {
          "term": "2016-17 Term 3B",
          "session": "Modified Session",
          "biddingWindow": "Round 2 Window 3",
          "courseCode": "IAS201",
          "description": "Popular Culture in Asia",
          "section": "G1",
          "vacancy": "45",
          "openingVacancy": "0",
          "beforeProcessVacancy": "0",
          "DICE": "0",
          "afterProcessVacancy": "0",
          "enrolledStudents": "0",
          "medianBid": "0.00",
          "minBid": "0.00",
          "instructor": "BRENDA CHAN, BRENDA CHAN, BRENDA CHAN",
          "schoolDepartment": "SOSS"
        },
        "Round 2 Window 4": {
          "term": "2016-17 Term 3B",
          "session": "Modified Session",
          "biddingWindow": "Round 2 Window 4",
          "courseCode": "IAS201",
          "description": "Popular Culture in Asia",
          "section": "G1",
          "vacancy": "45",
          "openingVacancy": "0",
          "beforeProcessVacancy": "0",
          "DICE": "0",
          "afterProcessVacancy": "0",
          "enrolledStudents": "0",
          "medianBid": "0.00",
          "minBid": "0.00",
          "instructor": "BRENDA CHAN, BRENDA CHAN, BRENDA CHAN",
          "schoolDepartment": "SOSS"
        }
      }
    }
  },
  "IDIS102 The Business of Fun": {
    "DARRELL METZGER, DARRELL METZGER, DARRELL METZGER": {
      "G1": {
        "Round 2 Window 3": {
          "term": "2016-17 Term 3B",
          "session": "Modified Session",
          "biddingWindow": "Round 2 Window 3",
          "courseCode": "IDIS102",
          "description": "The Business of Fun",
          "section": "G1",
          "vacancy": "45",
          "openingVacancy": "0",
          "beforeProcessVacancy": "0",
          "DICE": "0",
          "afterProcessVacancy": "0",
          "enrolledStudents": "9",
          "medianBid": "0.00",
          "minBid": "0.00",
          "instructor": "DARRELL METZGER, DARRELL METZGER, DARRELL METZGER",
          "schoolDepartment": "SOSS"
        },
        "Round 2 Window 4": {
          "term": "2016-17 Term 3B",
          "session": "Modified Session",
          "biddingWindow": "Round 2 Window 4",
          "courseCode": "IDIS102",
          "description": "The Business of Fun",
          "section": "G1",
          "vacancy": "45",
          "openingVacancy": "0",
          "beforeProcessVacancy": "0",
          "DICE": "0",
          "afterProcessVacancy": "0",
          "enrolledStudents": "9",
          "medianBid": "0.00",
          "minBid": "0.00",
          "instructor": "DARRELL METZGER, DARRELL METZGER, DARRELL METZGER",
          "schoolDepartment": "SOSS"
        }
      }
    }
  },
  "IS441 Digital Business - Technologies and Transformation": {
    "VENKY SHANKARARAMAN, SWAPNA GOTTIPATI, VENKY SHANKARARAMAN, SWAPNA GOTTIPATI, VENKY SHANKARARAMAN, SWAPNA GOTTIPATI": {
      "G1": {
        "Round 2 Window 3": {
          "term": "2016-17 Term 3B",
          "session": "Modified Session",
          "biddingWindow": "Round 2 Window 3",
          "courseCode": "IS441",
          "description": "Digital Business - Technologies and Transformation",
          "section": "G1",
          "vacancy": "50",
          "openingVacancy": "0",
          "beforeProcessVacancy": "-8",
          "DICE": "0",
          "afterProcessVacancy": "-8",
          "enrolledStudents": "8",
          "medianBid": "0.00",
          "minBid": "0.00",
          "instructor": "VENKY SHANKARARAMAN, SWAPNA GOTTIPATI, VENKY SHANKARARAMAN, SWAPNA GOTTIPATI, VENKY SHANKARARAMAN, SWAPNA GOTTIPATI",
          "schoolDepartment": "SIS"
        },
        "Round 2 Window 4": {
          "term": "2016-17 Term 3B",
          "session": "Modified Session",
          "biddingWindow": "Round 2 Window 4",
          "courseCode": "IS441",
          "description": "Digital Business - Technologies and Transformation",
          "section": "G1",
          "vacancy": "50",
          "openingVacancy": "0",
          "beforeProcessVacancy": "0",
          "DICE": "0",
          "afterProcessVacancy": "0",
          "enrolledStudents": "9",
          "medianBid": "0.00",
          "minBid": "0.00",
          "instructor": "VENKY SHANKARARAMAN, SWAPNA GOTTIPATI, VENKY SHANKARARAMAN, SWAPNA GOTTIPATI, VENKY SHANKARARAMAN, SWAPNA GOTTIPATI",
          "schoolDepartment": "SIS"
        }
      }
    }
  },
  "LAW470 Comparative Constitutional Law: Cultures, Continents and Constitutions": {
    "HOWARD HUNTER, HOWARD HUNTER, HOWARD HUNTER": {
      "G1": {
        "Round 2 Window 3": {
          "term": "2016-17 Term 3B",
          "session": "Modified Session",
          "biddingWindow": "Round 2 Window 3",
          "courseCode": "LAW470",
          "description": "Comparative Constitutional Law: Cultures, Continents and Constitutions",
          "section": "G1",
          "vacancy": "45",
          "openingVacancy": "45",
          "beforeProcessVacancy": "39",
          "DICE": "0",
          "afterProcessVacancy": "39",
          "enrolledStudents": "6",
          "medianBid": "0.00",
          "minBid": "0.00",
          "instructor": "HOWARD HUNTER, HOWARD HUNTER, HOWARD HUNTER",
          "schoolDepartment": "SOL"
        },
        "Round 2 Window 4": {
          "term": "2016-17 Term 3B",
          "session": "Modified Session",
          "biddingWindow": "Round 2 Window 4",
          "courseCode": "LAW470",
          "description": "Comparative Constitutional Law: Cultures, Continents and Constitutions",
          "section": "G1",
          "vacancy": "45",
          "openingVacancy": "45",
          "beforeProcessVacancy": "39",
          "DICE": "0",
          "afterProcessVacancy": "39",
          "enrolledStudents": "6",
          "medianBid": "0.00",
          "minBid": "0.00",
          "instructor": "HOWARD HUNTER, HOWARD HUNTER, HOWARD HUNTER",
          "schoolDepartment": "SOL"
        }
      }
    }
  },
  "MGMT005 Managing in a Volatile, Uncertain, Complex and Ambiguous Context(SUTD cls, encrg SMU Std enrol)": {
    "SAUMYA SINDHWANI, SAUMYA SINDHWANI": {
      "G1": {
        "Round 1 Window 1": {
          "term": "2016-17 Term 3B",
          "session": "Modified Session",
          "biddingWindow": "Round 1 Window 1",
          "courseCode": "MGMT005",
          "description": "Managing in a Volatile, Uncertain, Complex and Ambiguous Context(SUTD cls, encrg SMU Std enrol)",
          "section": "G1",
          "vacancy": "45",
          "openingVacancy": "45",
          "beforeProcessVacancy": "27",
          "DICE": "0",
          "afterProcessVacancy": "21",
          "enrolledStudents": "24",
          "medianBid": "15.61",
          "minBid": "10.00",
          "instructor": "SAUMYA SINDHWANI, SAUMYA SINDHWANI",
          "schoolDepartment": "LKCSOB"
        },
        "Round 1 Window 2": {
          "term": "2016-17 Term 3B",
          "session": "Modified Session",
          "biddingWindow": "Round 1 Window 2",
          "courseCode": "MGMT005",
          "description": "Managing in a Volatile, Uncertain, Complex and Ambiguous Context(SUTD cls, encrg SMU Std enrol)",
          "section": "G1",
          "vacancy": "45",
          "openingVacancy": "45",
          "beforeProcessVacancy": "22",
          "DICE": "0",
          "afterProcessVacancy": "21",
          "enrolledStudents": "24",
          "medianBid": "10.00",
          "minBid": "10.00",
          "instructor": "SAUMYA SINDHWANI, SAUMYA SINDHWANI",
          "schoolDepartment": "LKCSOB"
        },
        "Round 1 Window 3": {
          "term": "2016-17 Term 3B",
          "session": "Modified Session",
          "biddingWindow": "Round 1 Window 3",
          "courseCode": "MGMT005",
          "description": "Managing in a Volatile, Uncertain, Complex and Ambiguous Context(SUTD cls, encrg SMU Std enrol)",
          "section": "G1",
          "vacancy": "45",
          "openingVacancy": "45",
          "beforeProcessVacancy": "21",
          "DICE": "0",
          "afterProcessVacancy": "20",
          "enrolledStudents": "25",
          "medianBid": "10.25",
          "minBid": "10.25",
          "instructor": "SAUMYA SINDHWANI, SAUMYA SINDHWANI",
          "schoolDepartment": "LKCSOB"
        },
        "Round 1 Window 4": {
          "term": "2016-17 Term 3B",
          "session": "Modified Session",
          "biddingWindow": "Round 1 Window 4",
          "courseCode": "MGMT005",
          "description": "Managing in a Volatile, Uncertain, Complex and Ambiguous Context(SUTD cls, encrg SMU Std enrol)",
          "section": "G1",
          "vacancy": "45",
          "openingVacancy": "45",
          "beforeProcessVacancy": "20",
          "DICE": "0",
          "afterProcessVacancy": "20",
          "enrolledStudents": "25",
          "medianBid": "0.00",
          "minBid": "0.00",
          "instructor": "SAUMYA SINDHWANI, SAUMYA SINDHWANI",
          "schoolDepartment": "LKCSOB"
        },
        "Round 2 Window 1": {
          "term": "2016-17 Term 3B",
          "session": "Modified Session",
          "biddingWindow": "Round 2 Window 1",
          "courseCode": "MGMT005",
          "description": "Managing in a Volatile, Uncertain, Complex and Ambiguous Context(SUTD cls, encrg SMU Std enrol)",
          "section": "G1",
          "vacancy": "45",
          "openingVacancy": "45",
          "beforeProcessVacancy": "21",
          "DICE": "0",
          "afterProcessVacancy": "20",
          "enrolledStudents": "25",
          "medianBid": "11.50",
          "minBid": "11.50",
          "instructor": "SAUMYA SINDHWANI, SAUMYA SINDHWANI",
          "schoolDepartment": "LKCSOB"
        },
        "Round 2 Window 2": {
          "term": "2016-17 Term 3B",
          "session": "Modified Session",
          "biddingWindow": "Round 2 Window 2",
          "courseCode": "MGMT005",
          "description": "Managing in a Volatile, Uncertain, Complex and Ambiguous Context(SUTD cls, encrg SMU Std enrol)",
          "section": "G1",
          "vacancy": "45",
          "openingVacancy": "45",
          "beforeProcessVacancy": "20",
          "DICE": "0",
          "afterProcessVacancy": "18",
          "enrolledStudents": "27",
          "medianBid": "11.00",
          "minBid": "10.00",
          "instructor": "SAUMYA SINDHWANI, SAUMYA SINDHWANI",
          "schoolDepartment": "LKCSOB"
        },
        "Round 2 Window 3": {
          "term": "2016-17 Term 3B",
          "session": "Modified Session",
          "biddingWindow": "Round 2 Window 3",
          "courseCode": "MGMT005",
          "description": "Managing in a Volatile, Uncertain, Complex and Ambiguous Context(SUTD cls, encrg SMU Std enrol)",
          "section": "G1",
          "vacancy": "45",
          "openingVacancy": "45",
          "beforeProcessVacancy": "18",
          "DICE": "0",
          "afterProcessVacancy": "16",
          "enrolledStudents": "29",
          "medianBid": "10.50",
          "minBid": "10.00",
          "instructor": "SAUMYA SINDHWANI, SAUMYA SINDHWANI",
          "schoolDepartment": "LKCSOB"
        },
        "Round 2 Window 4": {
          "term": "2016-17 Term 3B",
          "session": "Modified Session",
          "biddingWindow": "Round 2 Window 4",
          "courseCode": "MGMT005",
          "description": "Managing in a Volatile, Uncertain, Complex and Ambiguous Context(SUTD cls, encrg SMU Std enrol)",
          "section": "G1",
          "vacancy": "45",
          "openingVacancy": "45",
          "beforeProcessVacancy": "16",
          "DICE": "0",
          "afterProcessVacancy": "15",
          "enrolledStudents": "30",
          "medianBid": "10.00",
          "minBid": "10.00",
          "instructor": "SAUMYA SINDHWANI, SAUMYA SINDHWANI",
          "schoolDepartment": "LKCSOB"
        }
      }
    }
  },
  "MGMT315 Global Mega-Trends": {
    "FRANK SIEGFRIED, FRANK SIEGFRIED, FRANK SIEGFRIED": {
      "G1": {
        "Round 2 Window 3": {
          "term": "2016-17 Term 3B",
          "session": "Modified Session",
          "biddingWindow": "Round 2 Window 3",
          "courseCode": "MGMT315",
          "description": "Global Mega-Trends",
          "section": "G1",
          "vacancy": "45",
          "openingVacancy": "0",
          "beforeProcessVacancy": "0",
          "DICE": "0",
          "afterProcessVacancy": "0",
          "enrolledStudents": "0",
          "medianBid": "0.00",
          "minBid": "0.00",
          "instructor": "FRANK SIEGFRIED, FRANK SIEGFRIED, FRANK SIEGFRIED",
          "schoolDepartment": "LKCSOB"
        },
        "Round 2 Window 4": {
          "term": "2016-17 Term 3B",
          "session": "Modified Session",
          "biddingWindow": "Round 2 Window 4",
          "courseCode": "MGMT315",
          "description": "Global Mega-Trends",
          "section": "G1",
          "vacancy": "45",
          "openingVacancy": "0",
          "beforeProcessVacancy": "0",
          "DICE": "0",
          "afterProcessVacancy": "0",
          "enrolledStudents": "0",
          "medianBid": "0.00",
          "minBid": "0.00",
          "instructor": "FRANK SIEGFRIED, FRANK SIEGFRIED, FRANK SIEGFRIED",
          "schoolDepartment": "LKCSOB"
        }
      }
    }
  },
  "MGMT320 Innovations for Asia’s Smart Cities": {
    "THOMAS MENKHOFF, KAN SIEW NING, THOMAS MENKHOFF, KAN SIEW NING, THOMAS MENKHOFF, KAN SIEW NING": {
      "G1": {
        "Round 2 Window 3": {
          "term": "2016-17 Term 3B",
          "session": "Modified Session",
          "biddingWindow": "Round 2 Window 3",
          "courseCode": "MGMT320",
          "description": "Innovations for Asia’s Smart Cities",
          "section": "G1",
          "vacancy": "45",
          "openingVacancy": "0",
          "beforeProcessVacancy": "0",
          "DICE": "0",
          "afterProcessVacancy": "0",
          "enrolledStudents": "0",
          "medianBid": "0.00",
          "minBid": "0.00",
          "instructor": "THOMAS MENKHOFF, KAN SIEW NING, THOMAS MENKHOFF, KAN SIEW NING, THOMAS MENKHOFF, KAN SIEW NING",
          "schoolDepartment": "LKCSOB"
        },
        "Round 2 Window 4": {
          "term": "2016-17 Term 3B",
          "session": "Modified Session",
          "biddingWindow": "Round 2 Window 4",
          "courseCode": "MGMT320",
          "description": "Innovations for Asia’s Smart Cities",
          "section": "G1",
          "vacancy": "45",
          "openingVacancy": "0",
          "beforeProcessVacancy": "0",
          "DICE": "0",
          "afterProcessVacancy": "0",
          "enrolledStudents": "0",
          "medianBid": "0.00",
          "minBid": "0.00",
          "instructor": "THOMAS MENKHOFF, KAN SIEW NING, THOMAS MENKHOFF, KAN SIEW NING, THOMAS MENKHOFF, KAN SIEW NING",
          "schoolDepartment": "LKCSOB"
        }
      }
    }
  },
  "MKTG101 Marketing(SUTD cls, encrg SMU Std enrol)": {
    "PATRICIA LUI, PATRICIA LUI, PATRICIA LUI": {
      "G1": {
        "Round 1 Window 1": {
          "term": "2016-17 Term 3B",
          "session": "Regular Academic Session",
          "biddingWindow": "Round 1 Window 1",
          "courseCode": "MKTG101",
          "description": "Marketing(SUTD cls, encrg SMU Std enrol)",
          "section": "G1",
          "vacancy": "45",
          "openingVacancy": "45",
          "beforeProcessVacancy": "15",
          "DICE": "0",
          "afterProcessVacancy": "12",
          "enrolledStudents": "33",
          "medianBid": "10.00",
          "minBid": "10.00",
          "instructor": "PATRICIA LUI, PATRICIA LUI, PATRICIA LUI",
          "schoolDepartment": "LKCSOB"
        },
        "Round 1 Window 2": {
          "term": "2016-17 Term 3B",
          "session": "Regular Academic Session",
          "biddingWindow": "Round 1 Window 2",
          "courseCode": "MKTG101",
          "description": "Marketing(SUTD cls, encrg SMU Std enrol)",
          "section": "G1",
          "vacancy": "45",
          "openingVacancy": "45",
          "beforeProcessVacancy": "12",
          "DICE": "0",
          "afterProcessVacancy": "11",
          "enrolledStudents": "34",
          "medianBid": "10.00",
          "minBid": "10.00",
          "instructor": "PATRICIA LUI, PATRICIA LUI, PATRICIA LUI",
          "schoolDepartment": "LKCSOB"
        },
        "Round 1 Window 3": {
          "term": "2016-17 Term 3B",
          "session": "Regular Academic Session",
          "biddingWindow": "Round 1 Window 3",
          "courseCode": "MKTG101",
          "description": "Marketing(SUTD cls, encrg SMU Std enrol)",
          "section": "G1",
          "vacancy": "45",
          "openingVacancy": "45",
          "beforeProcessVacancy": "11",
          "DICE": "0",
          "afterProcessVacancy": "11",
          "enrolledStudents": "34",
          "medianBid": "0.00",
          "minBid": "0.00",
          "instructor": "PATRICIA LUI, PATRICIA LUI, PATRICIA LUI",
          "schoolDepartment": "LKCSOB"
        },
        "Round 1 Window 4": {
          "term": "2016-17 Term 3B",
          "session": "Regular Academic Session",
          "biddingWindow": "Round 1 Window 4",
          "courseCode": "MKTG101",
          "description": "Marketing(SUTD cls, encrg SMU Std enrol)",
          "section": "G1",
          "vacancy": "45",
          "openingVacancy": "45",
          "beforeProcessVacancy": "11",
          "DICE": "0",
          "afterProcessVacancy": "9",
          "enrolledStudents": "36",
          "medianBid": "10.00",
          "minBid": "10.00",
          "instructor": "PATRICIA LUI, PATRICIA LUI, PATRICIA LUI",
          "schoolDepartment": "LKCSOB"
        },
        "Round 2 Window 1": {
          "term": "2016-17 Term 3B",
          "session": "Regular Academic Session",
          "biddingWindow": "Round 2 Window 1",
          "courseCode": "MKTG101",
          "description": "Marketing(SUTD cls, encrg SMU Std enrol)",
          "section": "G1",
          "vacancy": "45",
          "openingVacancy": "45",
          "beforeProcessVacancy": "9",
          "DICE": "0",
          "afterProcessVacancy": "7",
          "enrolledStudents": "38",
          "medianBid": "11.00",
          "minBid": "10.00",
          "instructor": "PATRICIA LUI, PATRICIA LUI, PATRICIA LUI",
          "schoolDepartment": "LKCSOB"
        },
        "Round 2 Window 2": {
          "term": "2016-17 Term 3B",
          "session": "Regular Academic Session",
          "biddingWindow": "Round 2 Window 2",
          "courseCode": "MKTG101",
          "description": "Marketing(SUTD cls, encrg SMU Std enrol)",
          "section": "G1",
          "vacancy": "45",
          "openingVacancy": "45",
          "beforeProcessVacancy": "7",
          "DICE": "0",
          "afterProcessVacancy": "5",
          "enrolledStudents": "40",
          "medianBid": "11.51",
          "minBid": "10.01",
          "instructor": "PATRICIA LUI, PATRICIA LUI, PATRICIA LUI",
          "schoolDepartment": "LKCSOB"
        },
        "Round 2 Window 3": {
          "term": "2016-17 Term 3B",
          "session": "Regular Academic Session",
          "biddingWindow": "Round 2 Window 3",
          "courseCode": "MKTG101",
          "description": "Marketing(SUTD cls, encrg SMU Std enrol)",
          "section": "G1",
          "vacancy": "45",
          "openingVacancy": "45",
          "beforeProcessVacancy": "6",
          "DICE": "0",
          "afterProcessVacancy": "3",
          "enrolledStudents": "42",
          "medianBid": "12.00",
          "minBid": "10.00",
          "instructor": "PATRICIA LUI, PATRICIA LUI, PATRICIA LUI",
          "schoolDepartment": "LKCSOB"
        },
        "Round 2 Window 4": {
          "term": "2016-17 Term 3B",
          "session": "Regular Academic Session",
          "biddingWindow": "Round 2 Window 4",
          "courseCode": "MKTG101",
          "description": "Marketing(SUTD cls, encrg SMU Std enrol)",
          "section": "G1",
          "vacancy": "45",
          "openingVacancy": "45",
          "beforeProcessVacancy": "3",
          "DICE": "0",
          "afterProcessVacancy": "2",
          "enrolledStudents": "43",
          "medianBid": "55.66",
          "minBid": "55.66",
          "instructor": "PATRICIA LUI, PATRICIA LUI, PATRICIA LUI",
          "schoolDepartment": "LKCSOB"
        }
      }
    }
  },
  "OBHR101 Management of People at Work(SUTD cls, encrg SMU Std enrol)": {
    "MA KHENG MIN, MA KHENG MIN": {
      "G1": {
        "Round 1 Window 1": {
          "term": "2016-17 Term 3B",
          "session": "Modified Session",
          "biddingWindow": "Round 1 Window 1",
          "courseCode": "OBHR101",
          "description": "Management of People at Work(SUTD cls, encrg SMU Std enrol)",
          "section": "G1",
          "vacancy": "45",
          "openingVacancy": "45",
          "beforeProcessVacancy": "27",
          "DICE": "0",
          "afterProcessVacancy": "23",
          "enrolledStudents": "22",
          "medianBid": "10.16",
          "minBid": "10.01",
          "instructor": "MA KHENG MIN, MA KHENG MIN",
          "schoolDepartment": "LKCSOB"
        },
        "Round 1 Window 2": {
          "term": "2016-17 Term 3B",
          "session": "Modified Session",
          "biddingWindow": "Round 1 Window 2",
          "courseCode": "OBHR101",
          "description": "Management of People at Work(SUTD cls, encrg SMU Std enrol)",
          "section": "G1",
          "vacancy": "45",
          "openingVacancy": "45",
          "beforeProcessVacancy": "24",
          "DICE": "0",
          "afterProcessVacancy": "23",
          "enrolledStudents": "22",
          "medianBid": "12.01",
          "minBid": "12.01",
          "instructor": "MA KHENG MIN, MA KHENG MIN",
          "schoolDepartment": "LKCSOB"
        },
        "Round 1 Window 3": {
          "term": "2016-17 Term 3B",
          "session": "Modified Session",
          "biddingWindow": "Round 1 Window 3",
          "courseCode": "OBHR101",
          "description": "Management of People at Work(SUTD cls, encrg SMU Std enrol)",
          "section": "G1",
          "vacancy": "45",
          "openingVacancy": "45",
          "beforeProcessVacancy": "23",
          "DICE": "0",
          "afterProcessVacancy": "18",
          "enrolledStudents": "27",
          "medianBid": "11.80",
          "minBid": "10.00",
          "instructor": "MA KHENG MIN, MA KHENG MIN",
          "schoolDepartment": "LKCSOB"
        },
        "Round 1 Window 4": {
          "term": "2016-17 Term 3B",
          "session": "Modified Session",
          "biddingWindow": "Round 1 Window 4",
          "courseCode": "OBHR101",
          "description": "Management of People at Work(SUTD cls, encrg SMU Std enrol)",
          "section": "G1",
          "vacancy": "45",
          "openingVacancy": "45",
          "beforeProcessVacancy": "18",
          "DICE": "0",
          "afterProcessVacancy": "17",
          "enrolledStudents": "28",
          "medianBid": "11.00",
          "minBid": "11.00",
          "instructor": "MA KHENG MIN, MA KHENG MIN",
          "schoolDepartment": "LKCSOB"
        },
        "Round 2 Window 1": {
          "term": "2016-17 Term 3B",
          "session": "Modified Session",
          "biddingWindow": "Round 2 Window 1",
          "courseCode": "OBHR101",
          "description": "Management of People at Work(SUTD cls, encrg SMU Std enrol)",
          "section": "G1",
          "vacancy": "45",
          "openingVacancy": "45",
          "beforeProcessVacancy": "18",
          "DICE": "0",
          "afterProcessVacancy": "17",
          "enrolledStudents": "28",
          "medianBid": "10.02",
          "minBid": "10.02",
          "instructor": "MA KHENG MIN, MA KHENG MIN",
          "schoolDepartment": "LKCSOB"
        },
        "Round 2 Window 2": {
          "term": "2016-17 Term 3B",
          "session": "Modified Session",
          "biddingWindow": "Round 2 Window 2",
          "courseCode": "OBHR101",
          "description": "Management of People at Work(SUTD cls, encrg SMU Std enrol)",
          "section": "G1",
          "vacancy": "45",
          "openingVacancy": "45",
          "beforeProcessVacancy": "17",
          "DICE": "0",
          "afterProcessVacancy": "15",
          "enrolledStudents": "30",
          "medianBid": "15.01",
          "minBid": "10.00",
          "instructor": "MA KHENG MIN, MA KHENG MIN",
          "schoolDepartment": "LKCSOB"
        },
        "Round 2 Window 3": {
          "term": "2016-17 Term 3B",
          "session": "Modified Session",
          "biddingWindow": "Round 2 Window 3",
          "courseCode": "OBHR101",
          "description": "Management of People at Work(SUTD cls, encrg SMU Std enrol)",
          "section": "G1",
          "vacancy": "45",
          "openingVacancy": "45",
          "beforeProcessVacancy": "17",
          "DICE": "0",
          "afterProcessVacancy": "15",
          "enrolledStudents": "30",
          "medianBid": "12.50",
          "minBid": "10.00",
          "instructor": "MA KHENG MIN, MA KHENG MIN",
          "schoolDepartment": "LKCSOB"
        },
        "Round 2 Window 4": {
          "term": "2016-17 Term 3B",
          "session": "Modified Session",
          "biddingWindow": "Round 2 Window 4",
          "courseCode": "OBHR101",
          "description": "Management of People at Work(SUTD cls, encrg SMU Std enrol)",
          "section": "G1",
          "vacancy": "45",
          "openingVacancy": "45",
          "beforeProcessVacancy": "15",
          "DICE": "0",
          "afterProcessVacancy": "14",
          "enrolledStudents": "31",
          "medianBid": "10.00",
          "minBid": "10.00",
          "instructor": "MA KHENG MIN, MA KHENG MIN",
          "schoolDepartment": "LKCSOB"
        }
      }
    }
  },
  "POSC103 World Politics": {
    "CLARA PORTELA, CLARA PORTELA, CLARA PORTELA": {
      "G1": {
        "Round 1 Window 1": {
          "term": "2016-17 Term 3B",
          "session": "Regular Academic Session",
          "biddingWindow": "Round 1 Window 1",
          "courseCode": "POSC103",
          "description": "World Politics",
          "section": "G1",
          "vacancy": "45",
          "openingVacancy": "45",
          "beforeProcessVacancy": "45",
          "DICE": "0",
          "afterProcessVacancy": "32",
          "enrolledStudents": "13",
          "medianBid": "11.12",
          "minBid": "10.00",
          "instructor": "CLARA PORTELA, CLARA PORTELA, CLARA PORTELA",
          "schoolDepartment": "SOSS"
        },
        "Round 1 Window 2": {
          "term": "2016-17 Term 3B",
          "session": "Regular Academic Session",
          "biddingWindow": "Round 1 Window 2",
          "courseCode": "POSC103",
          "description": "World Politics",
          "section": "G1",
          "vacancy": "45",
          "openingVacancy": "45",
          "beforeProcessVacancy": "34",
          "DICE": "0",
          "afterProcessVacancy": "28",
          "enrolledStudents": "17",
          "medianBid": "10.00",
          "minBid": "10.00",
          "instructor": "CLARA PORTELA, CLARA PORTELA, CLARA PORTELA",
          "schoolDepartment": "SOSS"
        },
        "Round 1 Window 3": {
          "term": "2016-17 Term 3B",
          "session": "Regular Academic Session",
          "biddingWindow": "Round 1 Window 3",
          "courseCode": "POSC103",
          "description": "World Politics",
          "section": "G1",
          "vacancy": "45",
          "openingVacancy": "45",
          "beforeProcessVacancy": "28",
          "DICE": "0",
          "afterProcessVacancy": "27",
          "enrolledStudents": "18",
          "medianBid": "10.00",
          "minBid": "10.00",
          "instructor": "CLARA PORTELA, CLARA PORTELA, CLARA PORTELA",
          "schoolDepartment": "SOSS"
        },
        "Round 1 Window 4": {
          "term": "2016-17 Term 3B",
          "session": "Regular Academic Session",
          "biddingWindow": "Round 1 Window 4",
          "courseCode": "POSC103",
          "description": "World Politics",
          "section": "G1",
          "vacancy": "45",
          "openingVacancy": "45",
          "beforeProcessVacancy": "29",
          "DICE": "0",
          "afterProcessVacancy": "28",
          "enrolledStudents": "17",
          "medianBid": "10.00",
          "minBid": "10.00",
          "instructor": "CLARA PORTELA, CLARA PORTELA, CLARA PORTELA",
          "schoolDepartment": "SOSS"
        },
        "Round 2 Window 1": {
          "term": "2016-17 Term 3B",
          "session": "Regular Academic Session",
          "biddingWindow": "Round 2 Window 1",
          "courseCode": "POSC103",
          "description": "World Politics",
          "section": "G1",
          "vacancy": "45",
          "openingVacancy": "45",
          "beforeProcessVacancy": "30",
          "DICE": "0",
          "afterProcessVacancy": "27",
          "enrolledStudents": "18",
          "medianBid": "15.00",
          "minBid": "10.00",
          "instructor": "CLARA PORTELA, CLARA PORTELA, CLARA PORTELA",
          "schoolDepartment": "SOSS"
        },
        "Round 2 Window 2": {
          "term": "2016-17 Term 3B",
          "session": "Regular Academic Session",
          "biddingWindow": "Round 2 Window 2",
          "courseCode": "POSC103",
          "description": "World Politics",
          "section": "G1",
          "vacancy": "45",
          "openingVacancy": "45",
          "beforeProcessVacancy": "27",
          "DICE": "0",
          "afterProcessVacancy": "26",
          "enrolledStudents": "19",
          "medianBid": "10.00",
          "minBid": "10.00",
          "instructor": "CLARA PORTELA, CLARA PORTELA, CLARA PORTELA",
          "schoolDepartment": "SOSS"
        },
        "Round 2 Window 3": {
          "term": "2016-17 Term 3B",
          "session": "Regular Academic Session",
          "biddingWindow": "Round 2 Window 3",
          "courseCode": "POSC103",
          "description": "World Politics",
          "section": "G1",
          "vacancy": "45",
          "openingVacancy": "45",
          "beforeProcessVacancy": "27",
          "DICE": "0",
          "afterProcessVacancy": "21",
          "enrolledStudents": "24",
          "medianBid": "10.50",
          "minBid": "10.00",
          "instructor": "CLARA PORTELA, CLARA PORTELA, CLARA PORTELA",
          "schoolDepartment": "SOSS"
        },
        "Round 2 Window 4": {
          "term": "2016-17 Term 3B",
          "session": "Regular Academic Session",
          "biddingWindow": "Round 2 Window 4",
          "courseCode": "POSC103",
          "description": "World Politics",
          "section": "G1",
          "vacancy": "45",
          "openingVacancy": "45",
          "beforeProcessVacancy": "23",
          "DICE": "0",
          "afterProcessVacancy": "22",
          "enrolledStudents": "23",
          "medianBid": "20.00",
          "minBid": "20.00",
          "instructor": "CLARA PORTELA, CLARA PORTELA, CLARA PORTELA",
          "schoolDepartment": "SOSS"
        }
      }
    }
  },
  "OPIM201 Operations Management": {
    "": {
      "G1": {
        "Round 1 Window 1": {
          "term": "2016-17 Term 3B",
          "session": "Regular Academic Session",
          "biddingWindow": "Round 1 Window 1",
          "courseCode": "OPIM201",
          "description": "Operations Management",
          "section": "G1",
          "vacancy": "45",
          "openingVacancy": "45",
          "beforeProcessVacancy": "45",
          "DICE": "0",
          "afterProcessVacancy": "33",
          "enrolledStudents": "12",
          "medianBid": "12.65",
          "minBid": "10.00",
          "instructor": "",
          "schoolDepartment": "LKCSOB"
        },
        "Round 1 Window 2": {
          "term": "2016-17 Term 3B",
          "session": "Regular Academic Session",
          "biddingWindow": "Round 1 Window 2",
          "courseCode": "OPIM201",
          "description": "Operations Management",
          "section": "G1",
          "vacancy": "45",
          "openingVacancy": "45",
          "beforeProcessVacancy": "34",
          "DICE": "0",
          "afterProcessVacancy": "29",
          "enrolledStudents": "16",
          "medianBid": "11.68",
          "minBid": "10.01",
          "instructor": "",
          "schoolDepartment": "LKCSOB"
        }
      }
    }
  }
}