{
  "COMM120 Intercultural Communication": {
    "ONG SIOW HENG, ONG SIOW HENG, ONG SIOW HENG": {
      "G1": {
        "Round 1 Window 1": {
          "term": "2016-17 Term 3A",
          "session": "Regular Academic Session",
          "biddingWindow": "Round 1 Window 1",
          "courseCode": "COMM120",
          "description": "Intercultural Communication",
          "section": "G1",
          "vacancy": "45",
          "openingVacancy": "45",
          "beforeProcessVacancy": "45",
          "DICE": "0",
          "afterProcessVacancy": "20",
          "enrolledStudents": "25",
          "medianBid": "23.99",
          "minBid": "10.00",
          "instructor": "ONG SIOW HENG, ONG SIOW HENG, ONG SIOW HENG",
          "schoolDepartment": "LKCSOB"
        },
        "Round 1 Window 2": {
          "term": "2016-17 Term 3A",
          "session": "Regular Academic Session",
          "biddingWindow": "Round 1 Window 2",
          "courseCode": "COMM120",
          "description": "Intercultural Communication",
          "section": "G1",
          "vacancy": "45",
          "openingVacancy": "45",
          "beforeProcessVacancy": "20",
          "DICE": "0",
          "afterProcessVacancy": "18",
          "enrolledStudents": "27",
          "medianBid": "16.00",
          "minBid": "12.00",
          "instructor": "ONG SIOW HENG, ONG SIOW HENG, ONG SIOW HENG",
          "schoolDepartment": "LKCSOB"
        },
        "Round 1 Window 3": {
          "term": "2016-17 Term 3A",
          "session": "Regular Academic Session",
          "biddingWindow": "Round 1 Window 3",
          "courseCode": "COMM120",
          "description": "Intercultural Communication",
          "section": "G1",
          "vacancy": "45",
          "openingVacancy": "45",
          "beforeProcessVacancy": "19",
          "DICE": "0",
          "afterProcessVacancy": "16",
          "enrolledStudents": "29",
          "medianBid": "20.00",
          "minBid": "11.60",
          "instructor": "ONG SIOW HENG, ONG SIOW HENG, ONG SIOW HENG",
          "schoolDepartment": "LKCSOB"
        },
        "Round 1 Window 4": {
          "term": "2016-17 Term 3A",
          "session": "Regular Academic Session",
          "biddingWindow": "Round 1 Window 4",
          "courseCode": "COMM120",
          "description": "Intercultural Communication",
          "section": "G1",
          "vacancy": "45",
          "openingVacancy": "45",
          "beforeProcessVacancy": "16",
          "DICE": "0",
          "afterProcessVacancy": "14",
          "enrolledStudents": "31",
          "medianBid": "21.25",
          "minBid": "20.00",
          "instructor": "ONG SIOW HENG, ONG SIOW HENG, ONG SIOW HENG",
          "schoolDepartment": "LKCSOB"
        },
        "Round 2 Window 1": {
          "term": "2016-17 Term 3A",
          "session": "Regular Academic Session",
          "biddingWindow": "Round 2 Window 1",
          "courseCode": "COMM120",
          "description": "Intercultural Communication",
          "section": "G1",
          "vacancy": "45",
          "openingVacancy": "45",
          "beforeProcessVacancy": "14",
          "DICE": "0",
          "afterProcessVacancy": "8",
          "enrolledStudents": "37",
          "medianBid": "16.00",
          "minBid": "10.12",
          "instructor": "ONG SIOW HENG, ONG SIOW HENG, ONG SIOW HENG",
          "schoolDepartment": "LKCSOB"
        },
        "Round 2 Window 2": {
          "term": "2016-17 Term 3A",
          "session": "Regular Academic Session",
          "biddingWindow": "Round 2 Window 2",
          "courseCode": "COMM120",
          "description": "Intercultural Communication",
          "section": "G1",
          "vacancy": "45",
          "openingVacancy": "45",
          "beforeProcessVacancy": "8",
          "DICE": "0",
          "afterProcessVacancy": "8",
          "enrolledStudents": "37",
          "medianBid": "0.00",
          "minBid": "0.00",
          "instructor": "ONG SIOW HENG, ONG SIOW HENG, ONG SIOW HENG",
          "schoolDepartment": "LKCSOB"
        }
      }
    }
  },
  "IS201 Object Oriented Application Development": {
    "LEE YEOW LEONG, LEE YEOW LEONG, LEE YEOW LEONG": {
      "G1": {
        "Round 1 Window 1": {
          "term": "2016-17 Term 3A",
          "session": "Regular Academic Session",
          "biddingWindow": "Round 1 Window 1",
          "courseCode": "IS201",
          "description": "Object Oriented Application Development",
          "section": "G1",
          "vacancy": "40",
          "openingVacancy": "40",
          "beforeProcessVacancy": "40",
          "DICE": "0",
          "afterProcessVacancy": "21",
          "enrolledStudents": "19",
          "medianBid": "10.00",
          "minBid": "10.00",
          "instructor": "LEE YEOW LEONG, LEE YEOW LEONG, LEE YEOW LEONG",
          "schoolDepartment": "SIS"
        },
        "Round 1 Window 2": {
          "term": "2016-17 Term 3A",
          "session": "Regular Academic Session",
          "biddingWindow": "Round 1 Window 2",
          "courseCode": "IS201",
          "description": "Object Oriented Application Development",
          "section": "G1",
          "vacancy": "40",
          "openingVacancy": "40",
          "beforeProcessVacancy": "21",
          "DICE": "0",
          "afterProcessVacancy": "21",
          "enrolledStudents": "19",
          "medianBid": "0.00",
          "minBid": "0.00",
          "instructor": "LEE YEOW LEONG, LEE YEOW LEONG, LEE YEOW LEONG",
          "schoolDepartment": "SIS"
        },
        "Round 1 Window 3": {
          "term": "2016-17 Term 3A",
          "session": "Regular Academic Session",
          "biddingWindow": "Round 1 Window 3",
          "courseCode": "IS201",
          "description": "Object Oriented Application Development",
          "section": "G1",
          "vacancy": "40",
          "openingVacancy": "40",
          "beforeProcessVacancy": "21",
          "DICE": "0",
          "afterProcessVacancy": "19",
          "enrolledStudents": "21",
          "medianBid": "11.50",
          "minBid": "10.00",
          "instructor": "LEE YEOW LEONG, LEE YEOW LEONG, LEE YEOW LEONG",
          "schoolDepartment": "SIS"
        },
        "Round 1 Window 4": {
          "term": "2016-17 Term 3A",
          "session": "Regular Academic Session",
          "biddingWindow": "Round 1 Window 4",
          "courseCode": "IS201",
          "description": "Object Oriented Application Development",
          "section": "G1",
          "vacancy": "40",
          "openingVacancy": "40",
          "beforeProcessVacancy": "19",
          "DICE": "0",
          "afterProcessVacancy": "17",
          "enrolledStudents": "23",
          "medianBid": "10.00",
          "minBid": "10.00",
          "instructor": "LEE YEOW LEONG, LEE YEOW LEONG, LEE YEOW LEONG",
          "schoolDepartment": "SIS"
        },
        "Round 2 Window 1": {
          "term": "2016-17 Term 3A",
          "session": "Regular Academic Session",
          "biddingWindow": "Round 2 Window 1",
          "courseCode": "IS201",
          "description": "Object Oriented Application Development",
          "section": "G1",
          "vacancy": "40",
          "openingVacancy": "40",
          "beforeProcessVacancy": "17",
          "DICE": "0",
          "afterProcessVacancy": "11",
          "enrolledStudents": "29",
          "medianBid": "10.00",
          "minBid": "10.00",
          "instructor": "LEE YEOW LEONG, LEE YEOW LEONG, LEE YEOW LEONG",
          "schoolDepartment": "SIS"
        },
        "Round 2 Window 2": {
          "term": "2016-17 Term 3A",
          "session": "Regular Academic Session",
          "biddingWindow": "Round 2 Window 2",
          "courseCode": "IS201",
          "description": "Object Oriented Application Development",
          "section": "G1",
          "vacancy": "40",
          "openingVacancy": "40",
          "beforeProcessVacancy": "11",
          "DICE": "0",
          "afterProcessVacancy": "10",
          "enrolledStudents": "30",
          "medianBid": "10.00",
          "minBid": "10.00",
          "instructor": "LEE YEOW LEONG, LEE YEOW LEONG, LEE YEOW LEONG",
          "schoolDepartment": "SIS"
        }
      }
    }
  },
  "LAW401 Intellectual Property Law": {
    "DAVID LLEWELYN, DAVID LLEWELYN, DAVID LLEWELYN": {
      "G1": {
        "Round 1 Window 1": {
          "term": "2016-17 Term 3A",
          "session": "Regular Academic Session",
          "biddingWindow": "Round 1 Window 1",
          "courseCode": "LAW401",
          "description": "Intellectual Property Law",
          "section": "G1",
          "vacancy": "15",
          "openingVacancy": "15",
          "beforeProcessVacancy": "15",
          "DICE": "0",
          "afterProcessVacancy": "3",
          "enrolledStudents": "12",
          "medianBid": "18.50",
          "minBid": "10.02",
          "instructor": "DAVID LLEWELYN, DAVID LLEWELYN, DAVID LLEWELYN",
          "schoolDepartment": "SOL"
        },
        "Round 1 Window 2": {
          "term": "2016-17 Term 3A",
          "session": "Regular Academic Session",
          "biddingWindow": "Round 1 Window 2",
          "courseCode": "LAW401",
          "description": "Intellectual Property Law",
          "section": "G1",
          "vacancy": "15",
          "openingVacancy": "15",
          "beforeProcessVacancy": "3",
          "DICE": "0",
          "afterProcessVacancy": "1",
          "enrolledStudents": "14",
          "medianBid": "23.73",
          "minBid": "10.00",
          "instructor": "DAVID LLEWELYN, DAVID LLEWELYN, DAVID LLEWELYN",
          "schoolDepartment": "SOL"
        },
        "Round 1 Window 3": {
          "term": "2016-17 Term 3A",
          "session": "Regular Academic Session",
          "biddingWindow": "Round 1 Window 3",
          "courseCode": "LAW401",
          "description": "Intellectual Property Law",
          "section": "G1",
          "vacancy": "15",
          "openingVacancy": "15",
          "beforeProcessVacancy": "2",
          "DICE": "0",
          "afterProcessVacancy": "0",
          "enrolledStudents": "15",
          "medianBid": "25.07",
          "minBid": "20.01",
          "instructor": "DAVID LLEWELYN, DAVID LLEWELYN, DAVID LLEWELYN",
          "schoolDepartment": "SOL"
        },
        "Round 1 Window 4": {
          "term": "2016-17 Term 3A",
          "session": "Regular Academic Session",
          "biddingWindow": "Round 1 Window 4",
          "courseCode": "LAW401",
          "description": "Intellectual Property Law",
          "section": "G1",
          "vacancy": "15",
          "openingVacancy": "15",
          "beforeProcessVacancy": "2",
          "DICE": "0",
          "afterProcessVacancy": "1",
          "enrolledStudents": "14",
          "medianBid": "12.88",
          "minBid": "12.88",
          "instructor": "DAVID LLEWELYN, DAVID LLEWELYN, DAVID LLEWELYN",
          "schoolDepartment": "SOL"
        },
        "Round 2 Window 1": {
          "term": "2016-17 Term 3A",
          "session": "Regular Academic Session",
          "biddingWindow": "Round 2 Window 1",
          "courseCode": "LAW401",
          "description": "Intellectual Property Law",
          "section": "G1",
          "vacancy": "15",
          "openingVacancy": "15",
          "beforeProcessVacancy": "6",
          "DICE": "0",
          "afterProcessVacancy": "5",
          "enrolledStudents": "10",
          "medianBid": "25.00",
          "minBid": "25.00",
          "instructor": "DAVID LLEWELYN, DAVID LLEWELYN, DAVID LLEWELYN",
          "schoolDepartment": "SOL"
        },
        "Round 2 Window 2": {
          "term": "2016-17 Term 3A",
          "session": "Regular Academic Session",
          "biddingWindow": "Round 2 Window 2",
          "courseCode": "LAW401",
          "description": "Intellectual Property Law",
          "section": "G1",
          "vacancy": "15",
          "openingVacancy": "15",
          "beforeProcessVacancy": "5",
          "DICE": "0",
          "afterProcessVacancy": "4",
          "enrolledStudents": "11",
          "medianBid": "10.00",
          "minBid": "10.00",
          "instructor": "DAVID LLEWELYN, DAVID LLEWELYN, DAVID LLEWELYN",
          "schoolDepartment": "SOL"
        }
      },
      "G51": {
        "Round 1 Window 1": {
          "term": "2016-17 Term 3A",
          "session": "Regular Academic Session",
          "biddingWindow": "Round 1 Window 1",
          "courseCode": "LAW401",
          "description": "Intellectual Property Law",
          "section": "G51",
          "vacancy": "30",
          "openingVacancy": "30",
          "beforeProcessVacancy": "30",
          "DICE": "0",
          "afterProcessVacancy": "0",
          "enrolledStudents": "30",
          "medianBid": "42.01",
          "minBid": "20.00",
          "instructor": "DAVID LLEWELYN, DAVID LLEWELYN, DAVID LLEWELYN",
          "schoolDepartment": "SOL"
        },
        "Round 1 Window 2": {
          "term": "2016-17 Term 3A",
          "session": "Regular Academic Session",
          "biddingWindow": "Round 1 Window 2",
          "courseCode": "LAW401",
          "description": "Intellectual Property Law",
          "section": "G51",
          "vacancy": "30",
          "openingVacancy": "30",
          "beforeProcessVacancy": "0",
          "DICE": "0",
          "afterProcessVacancy": "0",
          "enrolledStudents": "30",
          "medianBid": "0.00",
          "minBid": "0.00",
          "instructor": "DAVID LLEWELYN, DAVID LLEWELYN, DAVID LLEWELYN",
          "schoolDepartment": "SOL"
        },
        "Round 1 Window 3": {
          "term": "2016-17 Term 3A",
          "session": "Regular Academic Session",
          "biddingWindow": "Round 1 Window 3",
          "courseCode": "LAW401",
          "description": "Intellectual Property Law",
          "section": "G51",
          "vacancy": "30",
          "openingVacancy": "30",
          "beforeProcessVacancy": "1",
          "DICE": "0",
          "afterProcessVacancy": "0",
          "enrolledStudents": "30",
          "medianBid": "51.00",
          "minBid": "51.00",
          "instructor": "DAVID LLEWELYN, DAVID LLEWELYN, DAVID LLEWELYN",
          "schoolDepartment": "SOL"
        },
        "Round 1 Window 4": {
          "term": "2016-17 Term 3A",
          "session": "Regular Academic Session",
          "biddingWindow": "Round 1 Window 4",
          "courseCode": "LAW401",
          "description": "Intellectual Property Law",
          "section": "G51",
          "vacancy": "30",
          "openingVacancy": "30",
          "beforeProcessVacancy": "0",
          "DICE": "0",
          "afterProcessVacancy": "0",
          "enrolledStudents": "30",
          "medianBid": "0.00",
          "minBid": "0.00",
          "instructor": "DAVID LLEWELYN, DAVID LLEWELYN, DAVID LLEWELYN",
          "schoolDepartment": "SOL"
        },
        "Round 2 Window 1": {
          "term": "2016-17 Term 3A",
          "session": "Regular Academic Session",
          "biddingWindow": "Round 2 Window 1",
          "courseCode": "LAW401",
          "description": "Intellectual Property Law",
          "section": "G51",
          "vacancy": "30",
          "openingVacancy": "30",
          "beforeProcessVacancy": "0",
          "DICE": "0",
          "afterProcessVacancy": "0",
          "enrolledStudents": "30",
          "medianBid": "0.00",
          "minBid": "0.00",
          "instructor": "DAVID LLEWELYN, DAVID LLEWELYN, DAVID LLEWELYN",
          "schoolDepartment": "SOL"
        },
        "Round 2 Window 2": {
          "term": "2016-17 Term 3A",
          "session": "Regular Academic Session",
          "biddingWindow": "Round 2 Window 2",
          "courseCode": "LAW401",
          "description": "Intellectual Property Law",
          "section": "G51",
          "vacancy": "30",
          "openingVacancy": "30",
          "beforeProcessVacancy": "7",
          "DICE": "0",
          "afterProcessVacancy": "6",
          "enrolledStudents": "24",
          "medianBid": "10.00",
          "minBid": "10.00",
          "instructor": "DAVID LLEWELYN, DAVID LLEWELYN, DAVID LLEWELYN",
          "schoolDepartment": "SOL"
        }
      }
    }
  },
  "LAW454 Law and the Changing Media Environment": {
    "JACK LEE, JACK LEE, JACK LEE": {
      "G1": {
        "Round 1 Window 1": {
          "term": "2016-17 Term 3A",
          "session": "Regular Academic Session",
          "biddingWindow": "Round 1 Window 1",
          "courseCode": "LAW454",
          "description": "Law and the Changing Media Environment",
          "section": "G1",
          "vacancy": "15",
          "openingVacancy": "15",
          "beforeProcessVacancy": "15",
          "DICE": "0",
          "afterProcessVacancy": "5",
          "enrolledStudents": "10",
          "medianBid": "13.20",
          "minBid": "10.00",
          "instructor": "JACK LEE, JACK LEE, JACK LEE",
          "schoolDepartment": "SOL"
        },
        "Round 1 Window 2": {
          "term": "2016-17 Term 3A",
          "session": "Regular Academic Session",
          "biddingWindow": "Round 1 Window 2",
          "courseCode": "LAW454",
          "description": "Law and the Changing Media Environment",
          "section": "G1",
          "vacancy": "15",
          "openingVacancy": "15",
          "beforeProcessVacancy": "5",
          "DICE": "0",
          "afterProcessVacancy": "5",
          "enrolledStudents": "10",
          "medianBid": "0.00",
          "minBid": "0.00",
          "instructor": "JACK LEE, JACK LEE, JACK LEE",
          "schoolDepartment": "SOL"
        },
        "Round 1 Window 3": {
          "term": "2016-17 Term 3A",
          "session": "Regular Academic Session",
          "biddingWindow": "Round 1 Window 3",
          "courseCode": "LAW454",
          "description": "Law and the Changing Media Environment",
          "section": "G1",
          "vacancy": "15",
          "openingVacancy": "15",
          "beforeProcessVacancy": "6",
          "DICE": "0",
          "afterProcessVacancy": "5",
          "enrolledStudents": "10",
          "medianBid": "10.01",
          "minBid": "10.01",
          "instructor": "JACK LEE, JACK LEE, JACK LEE",
          "schoolDepartment": "SOL"
        },
        "Round 1 Window 4": {
          "term": "2016-17 Term 3A",
          "session": "Regular Academic Session",
          "biddingWindow": "Round 1 Window 4",
          "courseCode": "LAW454",
          "description": "Law and the Changing Media Environment",
          "section": "G1",
          "vacancy": "15",
          "openingVacancy": "15",
          "beforeProcessVacancy": "5",
          "DICE": "0",
          "afterProcessVacancy": "4",
          "enrolledStudents": "11",
          "medianBid": "10.88",
          "minBid": "10.88",
          "instructor": "JACK LEE, JACK LEE, JACK LEE",
          "schoolDepartment": "SOL"
        },
        "Round 2 Window 1": {
          "term": "2016-17 Term 3A",
          "session": "Regular Academic Session",
          "biddingWindow": "Round 2 Window 1",
          "courseCode": "LAW454",
          "description": "Law and the Changing Media Environment",
          "section": "G1",
          "vacancy": "15",
          "openingVacancy": "15",
          "beforeProcessVacancy": "7",
          "DICE": "0",
          "afterProcessVacancy": "6",
          "enrolledStudents": "9",
          "medianBid": "21.09",
          "minBid": "21.09",
          "instructor": "JACK LEE, JACK LEE, JACK LEE",
          "schoolDepartment": "SOL"
        },
        "Round 2 Window 2": {
          "term": "2016-17 Term 3A",
          "session": "Regular Academic Session",
          "biddingWindow": "Round 2 Window 2",
          "courseCode": "LAW454",
          "description": "Law and the Changing Media Environment",
          "section": "G1",
          "vacancy": "15",
          "openingVacancy": "15",
          "beforeProcessVacancy": "6",
          "DICE": "0",
          "afterProcessVacancy": "5",
          "enrolledStudents": "10",
          "medianBid": "10.00",
          "minBid": "10.00",
          "instructor": "JACK LEE, JACK LEE, JACK LEE",
          "schoolDepartment": "SOL"
        }
      },
      "G51": {
        "Round 1 Window 1": {
          "term": "2016-17 Term 3A",
          "session": "Regular Academic Session",
          "biddingWindow": "Round 1 Window 1",
          "courseCode": "LAW454",
          "description": "Law and the Changing Media Environment",
          "section": "G51",
          "vacancy": "30",
          "openingVacancy": "30",
          "beforeProcessVacancy": "30",
          "DICE": "0",
          "afterProcessVacancy": "23",
          "enrolledStudents": "7",
          "medianBid": "10.10",
          "minBid": "10.00",
          "instructor": "JACK LEE, JACK LEE, JACK LEE",
          "schoolDepartment": "SOL"
        },
        "Round 1 Window 2": {
          "term": "2016-17 Term 3A",
          "session": "Regular Academic Session",
          "biddingWindow": "Round 1 Window 2",
          "courseCode": "LAW454",
          "description": "Law and the Changing Media Environment",
          "section": "G51",
          "vacancy": "30",
          "openingVacancy": "30",
          "beforeProcessVacancy": "23",
          "DICE": "0",
          "afterProcessVacancy": "21",
          "enrolledStudents": "9",
          "medianBid": "10.80",
          "minBid": "10.50",
          "instructor": "JACK LEE, JACK LEE, JACK LEE",
          "schoolDepartment": "SOL"
        },
        "Round 1 Window 3": {
          "term": "2016-17 Term 3A",
          "session": "Regular Academic Session",
          "biddingWindow": "Round 1 Window 3",
          "courseCode": "LAW454",
          "description": "Law and the Changing Media Environment",
          "section": "G51",
          "vacancy": "30",
          "openingVacancy": "30",
          "beforeProcessVacancy": "23",
          "DICE": "0",
          "afterProcessVacancy": "23",
          "enrolledStudents": "7",
          "medianBid": "0.00",
          "minBid": "0.00",
          "instructor": "JACK LEE, JACK LEE, JACK LEE",
          "schoolDepartment": "SOL"
        },
        "Round 1 Window 4": {
          "term": "2016-17 Term 3A",
          "session": "Regular Academic Session",
          "biddingWindow": "Round 1 Window 4",
          "courseCode": "LAW454",
          "description": "Law and the Changing Media Environment",
          "section": "G51",
          "vacancy": "30",
          "openingVacancy": "30",
          "beforeProcessVacancy": "23",
          "DICE": "0",
          "afterProcessVacancy": "23",
          "enrolledStudents": "7",
          "medianBid": "0.00",
          "minBid": "0.00",
          "instructor": "JACK LEE, JACK LEE, JACK LEE",
          "schoolDepartment": "SOL"
        },
        "Round 2 Window 1": {
          "term": "2016-17 Term 3A",
          "session": "Regular Academic Session",
          "biddingWindow": "Round 2 Window 1",
          "courseCode": "LAW454",
          "description": "Law and the Changing Media Environment",
          "section": "G51",
          "vacancy": "30",
          "openingVacancy": "30",
          "beforeProcessVacancy": "25",
          "DICE": "0",
          "afterProcessVacancy": "25",
          "enrolledStudents": "5",
          "medianBid": "0.00",
          "minBid": "0.00",
          "instructor": "JACK LEE, JACK LEE, JACK LEE",
          "schoolDepartment": "SOL"
        },
        "Round 2 Window 2": {
          "term": "2016-17 Term 3A",
          "session": "Regular Academic Session",
          "biddingWindow": "Round 2 Window 2",
          "courseCode": "LAW454",
          "description": "Law and the Changing Media Environment",
          "section": "G51",
          "vacancy": "30",
          "openingVacancy": "30",
          "beforeProcessVacancy": "25",
          "DICE": "0",
          "afterProcessVacancy": "25",
          "enrolledStudents": "5",
          "medianBid": "0.00",
          "minBid": "0.00",
          "instructor": "JACK LEE, JACK LEE, JACK LEE",
          "schoolDepartment": "SOL"
        }
      }
    }
  },
  "LAW463 Intellectual Assets and the Law in Asian Economies": {
    "LIU KUNG-CHUNG, LIU KUNG-CHUNG, LIU KUNG-CHUNG": {
      "G1": {
        "Round 1 Window 1": {
          "term": "2016-17 Term 3A",
          "session": "Regular Academic Session",
          "biddingWindow": "Round 1 Window 1",
          "courseCode": "LAW463",
          "description": "Intellectual Assets and the Law in Asian Economies",
          "section": "G1",
          "vacancy": "15",
          "openingVacancy": "15",
          "beforeProcessVacancy": "15",
          "DICE": "0",
          "afterProcessVacancy": "11",
          "enrolledStudents": "4",
          "medianBid": "10.10",
          "minBid": "10.10",
          "instructor": "LIU KUNG-CHUNG, LIU KUNG-CHUNG, LIU KUNG-CHUNG",
          "schoolDepartment": "SOL"
        },
        "Round 1 Window 2": {
          "term": "2016-17 Term 3A",
          "session": "Regular Academic Session",
          "biddingWindow": "Round 1 Window 2",
          "courseCode": "LAW463",
          "description": "Intellectual Assets and the Law in Asian Economies",
          "section": "G1",
          "vacancy": "15",
          "openingVacancy": "15",
          "beforeProcessVacancy": "11",
          "DICE": "0",
          "afterProcessVacancy": "10",
          "enrolledStudents": "5",
          "medianBid": "35.78",
          "minBid": "35.78",
          "instructor": "LIU KUNG-CHUNG, LIU KUNG-CHUNG, LIU KUNG-CHUNG",
          "schoolDepartment": "SOL"
        },
        "Round 1 Window 3": {
          "term": "2016-17 Term 3A",
          "session": "Regular Academic Session",
          "biddingWindow": "Round 1 Window 3",
          "courseCode": "LAW463",
          "description": "Intellectual Assets and the Law in Asian Economies",
          "section": "G1",
          "vacancy": "15",
          "openingVacancy": "15",
          "beforeProcessVacancy": "12",
          "DICE": "0",
          "afterProcessVacancy": "10",
          "enrolledStudents": "5",
          "medianBid": "13.06",
          "minBid": "11.00",
          "instructor": "LIU KUNG-CHUNG, LIU KUNG-CHUNG, LIU KUNG-CHUNG",
          "schoolDepartment": "SOL"
        },
        "Round 1 Window 4": {
          "term": "2016-17 Term 3A",
          "session": "Regular Academic Session",
          "biddingWindow": "Round 1 Window 4",
          "courseCode": "LAW463",
          "description": "Intellectual Assets and the Law in Asian Economies",
          "section": "G1",
          "vacancy": "15",
          "openingVacancy": "15",
          "beforeProcessVacancy": "10",
          "DICE": "0",
          "afterProcessVacancy": "10",
          "enrolledStudents": "5",
          "medianBid": "0.00",
          "minBid": "0.00",
          "instructor": "LIU KUNG-CHUNG, LIU KUNG-CHUNG, LIU KUNG-CHUNG",
          "schoolDepartment": "SOL"
        },
        "Round 2 Window 1": {
          "term": "2016-17 Term 3A",
          "session": "Regular Academic Session",
          "biddingWindow": "Round 2 Window 1",
          "courseCode": "LAW463",
          "description": "Intellectual Assets and the Law in Asian Economies",
          "section": "G1",
          "vacancy": "15",
          "openingVacancy": "15",
          "beforeProcessVacancy": "9",
          "DICE": "0",
          "afterProcessVacancy": "7",
          "enrolledStudents": "8",
          "medianBid": "11.17",
          "minBid": "11.11",
          "instructor": "LIU KUNG-CHUNG, LIU KUNG-CHUNG, LIU KUNG-CHUNG",
          "schoolDepartment": "SOL"
        },
        "Round 2 Window 2": {
          "term": "2016-17 Term 3A",
          "session": "Regular Academic Session",
          "biddingWindow": "Round 2 Window 2",
          "courseCode": "LAW463",
          "description": "Intellectual Assets and the Law in Asian Economies",
          "section": "G1",
          "vacancy": "15",
          "openingVacancy": "15",
          "beforeProcessVacancy": "7",
          "DICE": "0",
          "afterProcessVacancy": "7",
          "enrolledStudents": "8",
          "medianBid": "0.00",
          "minBid": "0.00",
          "instructor": "LIU KUNG-CHUNG, LIU KUNG-CHUNG, LIU KUNG-CHUNG",
          "schoolDepartment": "SOL"
        }
      },
      "G51": {
        "Round 1 Window 1": {
          "term": "2016-17 Term 3A",
          "session": "Regular Academic Session",
          "biddingWindow": "Round 1 Window 1",
          "courseCode": "LAW463",
          "description": "Intellectual Assets and the Law in Asian Economies",
          "section": "G51",
          "vacancy": "30",
          "openingVacancy": "30",
          "beforeProcessVacancy": "30",
          "DICE": "0",
          "afterProcessVacancy": "19",
          "enrolledStudents": "11",
          "medianBid": "10.00",
          "minBid": "10.00",
          "instructor": "LIU KUNG-CHUNG, LIU KUNG-CHUNG, LIU KUNG-CHUNG",
          "schoolDepartment": "SOL"
        },
        "Round 1 Window 2": {
          "term": "2016-17 Term 3A",
          "session": "Regular Academic Session",
          "biddingWindow": "Round 1 Window 2",
          "courseCode": "LAW463",
          "description": "Intellectual Assets and the Law in Asian Economies",
          "section": "G51",
          "vacancy": "30",
          "openingVacancy": "30",
          "beforeProcessVacancy": "19",
          "DICE": "0",
          "afterProcessVacancy": "19",
          "enrolledStudents": "11",
          "medianBid": "0.00",
          "minBid": "0.00",
          "instructor": "LIU KUNG-CHUNG, LIU KUNG-CHUNG, LIU KUNG-CHUNG",
          "schoolDepartment": "SOL"
        },
        "Round 1 Window 3": {
          "term": "2016-17 Term 3A",
          "session": "Regular Academic Session",
          "biddingWindow": "Round 1 Window 3",
          "courseCode": "LAW463",
          "description": "Intellectual Assets and the Law in Asian Economies",
          "section": "G51",
          "vacancy": "30",
          "openingVacancy": "30",
          "beforeProcessVacancy": "20",
          "DICE": "0",
          "afterProcessVacancy": "19",
          "enrolledStudents": "11",
          "medianBid": "10.00",
          "minBid": "10.00",
          "instructor": "LIU KUNG-CHUNG, LIU KUNG-CHUNG, LIU KUNG-CHUNG",
          "schoolDepartment": "SOL"
        },
        "Round 1 Window 4": {
          "term": "2016-17 Term 3A",
          "session": "Regular Academic Session",
          "biddingWindow": "Round 1 Window 4",
          "courseCode": "LAW463",
          "description": "Intellectual Assets and the Law in Asian Economies",
          "section": "G51",
          "vacancy": "30",
          "openingVacancy": "30",
          "beforeProcessVacancy": "20",
          "DICE": "0",
          "afterProcessVacancy": "19",
          "enrolledStudents": "11",
          "medianBid": "10.00",
          "minBid": "10.00",
          "instructor": "LIU KUNG-CHUNG, LIU KUNG-CHUNG, LIU KUNG-CHUNG",
          "schoolDepartment": "SOL"
        },
        "Round 2 Window 1": {
          "term": "2016-17 Term 3A",
          "session": "Regular Academic Session",
          "biddingWindow": "Round 2 Window 1",
          "courseCode": "LAW463",
          "description": "Intellectual Assets and the Law in Asian Economies",
          "section": "G51",
          "vacancy": "30",
          "openingVacancy": "30",
          "beforeProcessVacancy": "20",
          "DICE": "0",
          "afterProcessVacancy": "16",
          "enrolledStudents": "14",
          "medianBid": "10.00",
          "minBid": "10.00",
          "instructor": "LIU KUNG-CHUNG, LIU KUNG-CHUNG, LIU KUNG-CHUNG",
          "schoolDepartment": "SOL"
        },
        "Round 2 Window 2": {
          "term": "2016-17 Term 3A",
          "session": "Regular Academic Session",
          "biddingWindow": "Round 2 Window 2",
          "courseCode": "LAW463",
          "description": "Intellectual Assets and the Law in Asian Economies",
          "section": "G51",
          "vacancy": "30",
          "openingVacancy": "30",
          "beforeProcessVacancy": "20",
          "DICE": "0",
          "afterProcessVacancy": "20",
          "enrolledStudents": "10",
          "medianBid": "0.00",
          "minBid": "0.00",
          "instructor": "LIU KUNG-CHUNG, LIU KUNG-CHUNG, LIU KUNG-CHUNG",
          "schoolDepartment": "SOL"
        }
      }
    }
  },
  "MGMT003 Business, Government and Society(SUTD cls, encrg SMU Std enrol)": {
    "FRANCIS PAVRI, FRANCIS PAVRI": {
      "G1": {
        "Round 1 Window 1": {
          "term": "2016-17 Term 3A",
          "session": "Modified Session",
          "biddingWindow": "Round 1 Window 1",
          "courseCode": "MGMT003",
          "description": "Business, Government and Society(SUTD cls, encrg SMU Std enrol)",
          "section": "G1",
          "vacancy": "45",
          "openingVacancy": "45",
          "beforeProcessVacancy": "27",
          "DICE": "0",
          "afterProcessVacancy": "13",
          "enrolledStudents": "32",
          "medianBid": "15.43",
          "minBid": "10.00",
          "instructor": "FRANCIS PAVRI, FRANCIS PAVRI",
          "schoolDepartment": "LKCSOB"
        },
        "Round 1 Window 2": {
          "term": "2016-17 Term 3A",
          "session": "Modified Session",
          "biddingWindow": "Round 1 Window 2",
          "courseCode": "MGMT003",
          "description": "Business, Government and Society(SUTD cls, encrg SMU Std enrol)",
          "section": "G1",
          "vacancy": "45",
          "openingVacancy": "45",
          "beforeProcessVacancy": "17",
          "DICE": "0",
          "afterProcessVacancy": "13",
          "enrolledStudents": "32",
          "medianBid": "11.83",
          "minBid": "10.00",
          "instructor": "FRANCIS PAVRI, FRANCIS PAVRI",
          "schoolDepartment": "LKCSOB"
        },
        "Round 1 Window 3": {
          "term": "2016-17 Term 3A",
          "session": "Modified Session",
          "biddingWindow": "Round 1 Window 3",
          "courseCode": "MGMT003",
          "description": "Business, Government and Society(SUTD cls, encrg SMU Std enrol)",
          "section": "G1",
          "vacancy": "45",
          "openingVacancy": "45",
          "beforeProcessVacancy": "14",
          "DICE": "0",
          "afterProcessVacancy": "10",
          "enrolledStudents": "35",
          "medianBid": "11.55",
          "minBid": "11.00",
          "instructor": "FRANCIS PAVRI, FRANCIS PAVRI",
          "schoolDepartment": "LKCSOB"
        },
        "Round 1 Window 4": {
          "term": "2016-17 Term 3A",
          "session": "Modified Session",
          "biddingWindow": "Round 1 Window 4",
          "courseCode": "MGMT003",
          "description": "Business, Government and Society(SUTD cls, encrg SMU Std enrol)",
          "section": "G1",
          "vacancy": "45",
          "openingVacancy": "45",
          "beforeProcessVacancy": "10",
          "DICE": "0",
          "afterProcessVacancy": "9",
          "enrolledStudents": "36",
          "medianBid": "11.12",
          "minBid": "11.12",
          "instructor": "FRANCIS PAVRI, FRANCIS PAVRI",
          "schoolDepartment": "LKCSOB"
        },
        "Round 2 Window 1": {
          "term": "2016-17 Term 3A",
          "session": "Modified Session",
          "biddingWindow": "Round 2 Window 1",
          "courseCode": "MGMT003",
          "description": "Business, Government and Society(SUTD cls, encrg SMU Std enrol)",
          "section": "G1",
          "vacancy": "45",
          "openingVacancy": "45",
          "beforeProcessVacancy": "9",
          "DICE": "0",
          "afterProcessVacancy": "9",
          "enrolledStudents": "36",
          "medianBid": "0.00",
          "minBid": "0.00",
          "instructor": "FRANCIS PAVRI, FRANCIS PAVRI",
          "schoolDepartment": "LKCSOB"
        },
        "Round 2 Window 2": {
          "term": "2016-17 Term 3A",
          "session": "Modified Session",
          "biddingWindow": "Round 2 Window 2",
          "courseCode": "MGMT003",
          "description": "Business, Government and Society(SUTD cls, encrg SMU Std enrol)",
          "section": "G1",
          "vacancy": "45",
          "openingVacancy": "45",
          "beforeProcessVacancy": "9",
          "DICE": "0",
          "afterProcessVacancy": "9",
          "enrolledStudents": "36",
          "medianBid": "0.00",
          "minBid": "0.00",
          "instructor": "FRANCIS PAVRI, FRANCIS PAVRI",
          "schoolDepartment": "LKCSOB"
        }
      }
    }
  },
  "MGMT102 Strategy(SUTD cls, encrg SMU Std enrol)": {
    "VICTOR GOH, VICTOR GOH, VICTOR GOH": {
      "G1": {
        "Round 1 Window 1": {
          "term": "2016-17 Term 3A",
          "session": "Regular Academic Session",
          "biddingWindow": "Round 1 Window 1",
          "courseCode": "MGMT102",
          "description": "Strategy(SUTD cls, encrg SMU Std enrol)",
          "section": "G1",
          "vacancy": "45",
          "openingVacancy": "45",
          "beforeProcessVacancy": "15",
          "DICE": "0",
          "afterProcessVacancy": "0",
          "enrolledStudents": "45",
          "medianBid": "20.00",
          "minBid": "10.45",
          "instructor": "VICTOR GOH, VICTOR GOH, VICTOR GOH",
          "schoolDepartment": "LKCSOB"
        },
        "Round 1 Window 2": {
          "term": "2016-17 Term 3A",
          "session": "Regular Academic Session",
          "biddingWindow": "Round 1 Window 2",
          "courseCode": "MGMT102",
          "description": "Strategy(SUTD cls, encrg SMU Std enrol)",
          "section": "G1",
          "vacancy": "45",
          "openingVacancy": "45",
          "beforeProcessVacancy": "0",
          "DICE": "0",
          "afterProcessVacancy": "0",
          "enrolledStudents": "45",
          "medianBid": "0.00",
          "minBid": "0.00",
          "instructor": "VICTOR GOH, VICTOR GOH, VICTOR GOH",
          "schoolDepartment": "LKCSOB"
        },
        "Round 1 Window 3": {
          "term": "2016-17 Term 3A",
          "session": "Regular Academic Session",
          "biddingWindow": "Round 1 Window 3",
          "courseCode": "MGMT102",
          "description": "Strategy(SUTD cls, encrg SMU Std enrol)",
          "section": "G1",
          "vacancy": "45",
          "openingVacancy": "45",
          "beforeProcessVacancy": "0",
          "DICE": "0",
          "afterProcessVacancy": "0",
          "enrolledStudents": "45",
          "medianBid": "0.00",
          "minBid": "0.00",
          "instructor": "VICTOR GOH, VICTOR GOH, VICTOR GOH",
          "schoolDepartment": "LKCSOB"
        },
        "Round 1 Window 4": {
          "term": "2016-17 Term 3A",
          "session": "Regular Academic Session",
          "biddingWindow": "Round 1 Window 4",
          "courseCode": "MGMT102",
          "description": "Strategy(SUTD cls, encrg SMU Std enrol)",
          "section": "G1",
          "vacancy": "45",
          "openingVacancy": "45",
          "beforeProcessVacancy": "-1",
          "DICE": "0",
          "afterProcessVacancy": "-1",
          "enrolledStudents": "46",
          "medianBid": "0.00",
          "minBid": "0.00",
          "instructor": "VICTOR GOH, VICTOR GOH, VICTOR GOH",
          "schoolDepartment": "LKCSOB"
        },
        "Round 2 Window 1": {
          "term": "2016-17 Term 3A",
          "session": "Regular Academic Session",
          "biddingWindow": "Round 2 Window 1",
          "courseCode": "MGMT102",
          "description": "Strategy(SUTD cls, encrg SMU Std enrol)",
          "section": "G1",
          "vacancy": "45",
          "openingVacancy": "45",
          "beforeProcessVacancy": "-3",
          "DICE": "0",
          "afterProcessVacancy": "-3",
          "enrolledStudents": "48",
          "medianBid": "0.00",
          "minBid": "0.00",
          "instructor": "VICTOR GOH, VICTOR GOH, VICTOR GOH",
          "schoolDepartment": "LKCSOB"
        },
        "Round 2 Window 2": {
          "term": "2016-17 Term 3A",
          "session": "Regular Academic Session",
          "biddingWindow": "Round 2 Window 2",
          "courseCode": "MGMT102",
          "description": "Strategy(SUTD cls, encrg SMU Std enrol)",
          "section": "G1",
          "vacancy": "45",
          "openingVacancy": "45",
          "beforeProcessVacancy": "0",
          "DICE": "0",
          "afterProcessVacancy": "0",
          "enrolledStudents": "47",
          "medianBid": "0.00",
          "minBid": "0.00",
          "instructor": "VICTOR GOH, VICTOR GOH, VICTOR GOH",
          "schoolDepartment": "LKCSOB"
        }
      }
    }
  },
  "MGMT239 Play in History, Culture and Invention": {
    "TED FEICHIN TSCHANG, TED FEICHIN TSCHANG, TED FEICHIN TSCHANG": {
      "G1": {
        "Round 1 Window 1": {
          "term": "2016-17 Term 3A",
          "session": "Regular Academic Session",
          "biddingWindow": "Round 1 Window 1",
          "courseCode": "MGMT239",
          "description": "Play in History, Culture and Invention",
          "section": "G1",
          "vacancy": "45",
          "openingVacancy": "45",
          "beforeProcessVacancy": "37",
          "DICE": "0",
          "afterProcessVacancy": "5",
          "enrolledStudents": "40",
          "medianBid": "20.00",
          "minBid": "10.00",
          "instructor": "TED FEICHIN TSCHANG, TED FEICHIN TSCHANG, TED FEICHIN TSCHANG",
          "schoolDepartment": "LKCSOB"
        },
        "Round 1 Window 2": {
          "term": "2016-17 Term 3A",
          "session": "Regular Academic Session",
          "biddingWindow": "Round 1 Window 2",
          "courseCode": "MGMT239",
          "description": "Play in History, Culture and Invention",
          "section": "G1",
          "vacancy": "45",
          "openingVacancy": "45",
          "beforeProcessVacancy": "6",
          "DICE": "0",
          "afterProcessVacancy": "1",
          "enrolledStudents": "44",
          "medianBid": "16.00",
          "minBid": "12.00",
          "instructor": "TED FEICHIN TSCHANG, TED FEICHIN TSCHANG, TED FEICHIN TSCHANG",
          "schoolDepartment": "LKCSOB"
        },
        "Round 1 Window 3": {
          "term": "2016-17 Term 3A",
          "session": "Regular Academic Session",
          "biddingWindow": "Round 1 Window 3",
          "courseCode": "MGMT239",
          "description": "Play in History, Culture and Invention",
          "section": "G1",
          "vacancy": "45",
          "openingVacancy": "45",
          "beforeProcessVacancy": "1",
          "DICE": "0",
          "afterProcessVacancy": "0",
          "enrolledStudents": "45",
          "medianBid": "15.00",
          "minBid": "15.00",
          "instructor": "TED FEICHIN TSCHANG, TED FEICHIN TSCHANG, TED FEICHIN TSCHANG",
          "schoolDepartment": "LKCSOB"
        },
        "Round 1 Window 4": {
          "term": "2016-17 Term 3A",
          "session": "Regular Academic Session",
          "biddingWindow": "Round 1 Window 4",
          "courseCode": "MGMT239",
          "description": "Play in History, Culture and Invention",
          "section": "G1",
          "vacancy": "45",
          "openingVacancy": "45",
          "beforeProcessVacancy": "0",
          "DICE": "0",
          "afterProcessVacancy": "0",
          "enrolledStudents": "45",
          "medianBid": "0.00",
          "minBid": "0.00",
          "instructor": "TED FEICHIN TSCHANG, TED FEICHIN TSCHANG, TED FEICHIN TSCHANG",
          "schoolDepartment": "LKCSOB"
        },
        "Round 2 Window 1": {
          "term": "2016-17 Term 3A",
          "session": "Regular Academic Session",
          "biddingWindow": "Round 2 Window 1",
          "courseCode": "MGMT239",
          "description": "Play in History, Culture and Invention",
          "section": "G1",
          "vacancy": "45",
          "openingVacancy": "45",
          "beforeProcessVacancy": "2",
          "DICE": "0",
          "afterProcessVacancy": "2",
          "enrolledStudents": "43",
          "medianBid": "0.00",
          "minBid": "0.00",
          "instructor": "TED FEICHIN TSCHANG, TED FEICHIN TSCHANG, TED FEICHIN TSCHANG",
          "schoolDepartment": "LKCSOB"
        },
        "Round 2 Window 2": {
          "term": "2016-17 Term 3A",
          "session": "Regular Academic Session",
          "biddingWindow": "Round 2 Window 2",
          "courseCode": "MGMT239",
          "description": "Play in History, Culture and Invention",
          "section": "G1",
          "vacancy": "45",
          "openingVacancy": "45",
          "beforeProcessVacancy": "2",
          "DICE": "0",
          "afterProcessVacancy": "2",
          "enrolledStudents": "43",
          "medianBid": "0.00",
          "minBid": "0.00",
          "instructor": "TED FEICHIN TSCHANG, TED FEICHIN TSCHANG, TED FEICHIN TSCHANG",
          "schoolDepartment": "LKCSOB"
        }
      }
    }
  },
  "MGMT300 Business Capstone(SMU-X: The Design of Business)": {
    "MARKUS KARNER, MARKUS KARNER, MARKUS KARNER": {
      "G1": {
        "Round 1 Window 1": {
          "term": "2016-17 Term 3A",
          "session": "Regular Academic Session",
          "biddingWindow": "Round 1 Window 1",
          "courseCode": "MGMT300",
          "description": "Business Capstone(SMU-X: The Design of Business)",
          "section": "G1",
          "vacancy": "45",
          "openingVacancy": "45",
          "beforeProcessVacancy": "45",
          "DICE": "0",
          "afterProcessVacancy": "13",
          "enrolledStudents": "32",
          "medianBid": "25.00",
          "minBid": "10.00",
          "instructor": "MARKUS KARNER, MARKUS KARNER, MARKUS KARNER",
          "schoolDepartment": "LKCSOB"
        },
        "Round 1 Window 2": {
          "term": "2016-17 Term 3A",
          "session": "Regular Academic Session",
          "biddingWindow": "Round 1 Window 2",
          "courseCode": "MGMT300",
          "description": "Business Capstone(SMU-X: The Design of Business)",
          "section": "G1",
          "vacancy": "45",
          "openingVacancy": "45",
          "beforeProcessVacancy": "14",
          "DICE": "0",
          "afterProcessVacancy": "10",
          "enrolledStudents": "35",
          "medianBid": "13.50",
          "minBid": "10.00",
          "instructor": "MARKUS KARNER, MARKUS KARNER, MARKUS KARNER",
          "schoolDepartment": "LKCSOB"
        },
        "Round 1 Window 3": {
          "term": "2016-17 Term 3A",
          "session": "Regular Academic Session",
          "biddingWindow": "Round 1 Window 3",
          "courseCode": "MGMT300",
          "description": "Business Capstone(SMU-X: The Design of Business)",
          "section": "G1",
          "vacancy": "45",
          "openingVacancy": "45",
          "beforeProcessVacancy": "11",
          "DICE": "0",
          "afterProcessVacancy": "9",
          "enrolledStudents": "36",
          "medianBid": "27.50",
          "minBid": "10.00",
          "instructor": "MARKUS KARNER, MARKUS KARNER, MARKUS KARNER",
          "schoolDepartment": "LKCSOB"
        },
        "Round 1 Window 4": {
          "term": "2016-17 Term 3A",
          "session": "Regular Academic Session",
          "biddingWindow": "Round 1 Window 4",
          "courseCode": "MGMT300",
          "description": "Business Capstone(SMU-X: The Design of Business)",
          "section": "G1",
          "vacancy": "45",
          "openingVacancy": "45",
          "beforeProcessVacancy": "9",
          "DICE": "0",
          "afterProcessVacancy": "9",
          "enrolledStudents": "36",
          "medianBid": "0.00",
          "minBid": "0.00",
          "instructor": "MARKUS KARNER, MARKUS KARNER, MARKUS KARNER",
          "schoolDepartment": "LKCSOB"
        },
        "Round 2 Window 1": {
          "term": "2016-17 Term 3A",
          "session": "Regular Academic Session",
          "biddingWindow": "Round 2 Window 1",
          "courseCode": "MGMT300",
          "description": "Business Capstone(SMU-X: The Design of Business)",
          "section": "G1",
          "vacancy": "45",
          "openingVacancy": "45",
          "beforeProcessVacancy": "14",
          "DICE": "0",
          "afterProcessVacancy": "10",
          "enrolledStudents": "35",
          "medianBid": "25.00",
          "minBid": "10.00",
          "instructor": "MARKUS KARNER, MARKUS KARNER, MARKUS KARNER",
          "schoolDepartment": "LKCSOB"
        },
        "Round 2 Window 2": {
          "term": "2016-17 Term 3A",
          "session": "Regular Academic Session",
          "biddingWindow": "Round 2 Window 2",
          "courseCode": "MGMT300",
          "description": "Business Capstone(SMU-X: The Design of Business)",
          "section": "G1",
          "vacancy": "45",
          "openingVacancy": "45",
          "beforeProcessVacancy": "11",
          "DICE": "0",
          "afterProcessVacancy": "11",
          "enrolledStudents": "34",
          "medianBid": "0.00",
          "minBid": "0.00",
          "instructor": "MARKUS KARNER, MARKUS KARNER, MARKUS KARNER",
          "schoolDepartment": "LKCSOB"
        }
      }
    }
  },
  "MGMT315 Global Mega-Trends": {
    "FRANK SIEGFRIED, FRANK SIEGFRIED, FRANK SIEGFRIED": {
      "G1": {
        "Round 1 Window 1": {
          "term": "2016-17 Term 3A",
          "session": "Regular Academic Session",
          "biddingWindow": "Round 1 Window 1",
          "courseCode": "MGMT315",
          "description": "Global Mega-Trends",
          "section": "G1",
          "vacancy": "45",
          "openingVacancy": "45",
          "beforeProcessVacancy": "45",
          "DICE": "0",
          "afterProcessVacancy": "15",
          "enrolledStudents": "30",
          "medianBid": "20.00",
          "minBid": "10.00",
          "instructor": "FRANK SIEGFRIED, FRANK SIEGFRIED, FRANK SIEGFRIED",
          "schoolDepartment": "LKCSOB"
        },
        "Round 1 Window 2": {
          "term": "2016-17 Term 3A",
          "session": "Regular Academic Session",
          "biddingWindow": "Round 1 Window 2",
          "courseCode": "MGMT315",
          "description": "Global Mega-Trends",
          "section": "G1",
          "vacancy": "45",
          "openingVacancy": "45",
          "beforeProcessVacancy": "15",
          "DICE": "0",
          "afterProcessVacancy": "14",
          "enrolledStudents": "31",
          "medianBid": "19.97",
          "minBid": "19.97",
          "instructor": "FRANK SIEGFRIED, FRANK SIEGFRIED, FRANK SIEGFRIED",
          "schoolDepartment": "LKCSOB"
        },
        "Round 1 Window 3": {
          "term": "2016-17 Term 3A",
          "session": "Regular Academic Session",
          "biddingWindow": "Round 1 Window 3",
          "courseCode": "MGMT315",
          "description": "Global Mega-Trends",
          "section": "G1",
          "vacancy": "45",
          "openingVacancy": "45",
          "beforeProcessVacancy": "14",
          "DICE": "0",
          "afterProcessVacancy": "12",
          "enrolledStudents": "33",
          "medianBid": "11.17",
          "minBid": "10.00",
          "instructor": "FRANK SIEGFRIED, FRANK SIEGFRIED, FRANK SIEGFRIED",
          "schoolDepartment": "LKCSOB"
        },
        "Round 1 Window 4": {
          "term": "2016-17 Term 3A",
          "session": "Regular Academic Session",
          "biddingWindow": "Round 1 Window 4",
          "courseCode": "MGMT315",
          "description": "Global Mega-Trends",
          "section": "G1",
          "vacancy": "45",
          "openingVacancy": "45",
          "beforeProcessVacancy": "12",
          "DICE": "0",
          "afterProcessVacancy": "10",
          "enrolledStudents": "35",
          "medianBid": "27.50",
          "minBid": "25.00",
          "instructor": "FRANK SIEGFRIED, FRANK SIEGFRIED, FRANK SIEGFRIED",
          "schoolDepartment": "LKCSOB"
        },
        "Round 2 Window 1": {
          "term": "2016-17 Term 3A",
          "session": "Regular Academic Session",
          "biddingWindow": "Round 2 Window 1",
          "courseCode": "MGMT315",
          "description": "Global Mega-Trends",
          "section": "G1",
          "vacancy": "45",
          "openingVacancy": "45",
          "beforeProcessVacancy": "12",
          "DICE": "0",
          "afterProcessVacancy": "4",
          "enrolledStudents": "41",
          "medianBid": "15.01",
          "minBid": "10.00",
          "instructor": "FRANK SIEGFRIED, FRANK SIEGFRIED, FRANK SIEGFRIED",
          "schoolDepartment": "LKCSOB"
        },
        "Round 2 Window 2": {
          "term": "2016-17 Term 3A",
          "session": "Regular Academic Session",
          "biddingWindow": "Round 2 Window 2",
          "courseCode": "MGMT315",
          "description": "Global Mega-Trends",
          "section": "G1",
          "vacancy": "45",
          "openingVacancy": "45",
          "beforeProcessVacancy": "5",
          "DICE": "0",
          "afterProcessVacancy": "5",
          "enrolledStudents": "40",
          "medianBid": "0.00",
          "minBid": "0.00",
          "instructor": "FRANK SIEGFRIED, FRANK SIEGFRIED, FRANK SIEGFRIED",
          "schoolDepartment": "LKCSOB"
        }
      }
    }
  },
  "OBHR001 Leadership and Team Building(SUTD cls, encrg SMU Std enrol)": {
    "RANI TAN, RANI TAN": {
      "G1": {
        "Round 1 Window 1": {
          "term": "2016-17 Term 3A",
          "session": "Modified Session",
          "biddingWindow": "Round 1 Window 1",
          "courseCode": "OBHR001",
          "description": "Leadership and Team Building(SUTD cls, encrg SMU Std enrol)",
          "section": "G1",
          "vacancy": "45",
          "openingVacancy": "45",
          "beforeProcessVacancy": "27",
          "DICE": "0",
          "afterProcessVacancy": "18",
          "enrolledStudents": "27",
          "medianBid": "11.00",
          "minBid": "10.00",
          "instructor": "RANI TAN, RANI TAN",
          "schoolDepartment": "LKCSOB"
        },
        "Round 1 Window 2": {
          "term": "2016-17 Term 3A",
          "session": "Modified Session",
          "biddingWindow": "Round 1 Window 2",
          "courseCode": "OBHR001",
          "description": "Leadership and Team Building(SUTD cls, encrg SMU Std enrol)",
          "section": "G1",
          "vacancy": "45",
          "openingVacancy": "45",
          "beforeProcessVacancy": "18",
          "DICE": "0",
          "afterProcessVacancy": "15",
          "enrolledStudents": "30",
          "medianBid": "10.30",
          "minBid": "10.00",
          "instructor": "RANI TAN, RANI TAN",
          "schoolDepartment": "LKCSOB"
        },
        "Round 1 Window 3": {
          "term": "2016-17 Term 3A",
          "session": "Modified Session",
          "biddingWindow": "Round 1 Window 3",
          "courseCode": "OBHR001",
          "description": "Leadership and Team Building(SUTD cls, encrg SMU Std enrol)",
          "section": "G1",
          "vacancy": "45",
          "openingVacancy": "45",
          "beforeProcessVacancy": "15",
          "DICE": "1",
          "afterProcessVacancy": "16",
          "enrolledStudents": "29",
          "medianBid": "0.00",
          "minBid": "0.00",
          "instructor": "RANI TAN, RANI TAN",
          "schoolDepartment": "LKCSOB"
        },
        "Round 1 Window 4": {
          "term": "2016-17 Term 3A",
          "session": "Modified Session",
          "biddingWindow": "Round 1 Window 4",
          "courseCode": "OBHR001",
          "description": "Leadership and Team Building(SUTD cls, encrg SMU Std enrol)",
          "section": "G1",
          "vacancy": "45",
          "openingVacancy": "45",
          "beforeProcessVacancy": "16",
          "DICE": "0",
          "afterProcessVacancy": "16",
          "enrolledStudents": "29",
          "medianBid": "0.00",
          "minBid": "0.00",
          "instructor": "RANI TAN, RANI TAN",
          "schoolDepartment": "LKCSOB"
        },
        "Round 2 Window 1": {
          "term": "2016-17 Term 3A",
          "session": "Modified Session",
          "biddingWindow": "Round 2 Window 1",
          "courseCode": "OBHR001",
          "description": "Leadership and Team Building(SUTD cls, encrg SMU Std enrol)",
          "section": "G1",
          "vacancy": "45",
          "openingVacancy": "45",
          "beforeProcessVacancy": "16",
          "DICE": "0",
          "afterProcessVacancy": "15",
          "enrolledStudents": "30",
          "medianBid": "10.20",
          "minBid": "10.20",
          "instructor": "RANI TAN, RANI TAN",
          "schoolDepartment": "LKCSOB"
        },
        "Round 2 Window 2": {
          "term": "2016-17 Term 3A",
          "session": "Modified Session",
          "biddingWindow": "Round 2 Window 2",
          "courseCode": "OBHR001",
          "description": "Leadership and Team Building(SUTD cls, encrg SMU Std enrol)",
          "section": "G1",
          "vacancy": "45",
          "openingVacancy": "45",
          "beforeProcessVacancy": "15",
          "DICE": "0",
          "afterProcessVacancy": "14",
          "enrolledStudents": "31",
          "medianBid": "12.00",
          "minBid": "12.00",
          "instructor": "RANI TAN, RANI TAN",
          "schoolDepartment": "LKCSOB"
        }
      }
    }
  },
  "OBHR101 Management of People at Work": {
    "MA KHENG MIN, MA KHENG MIN, MA KHENG MIN": {
      "G1": {
        "Round 1 Window 1": {
          "term": "2016-17 Term 3A",
          "session": "Regular Academic Session",
          "biddingWindow": "Round 1 Window 1",
          "courseCode": "OBHR101",
          "description": "Management of People at Work",
          "section": "G1",
          "vacancy": "45",
          "openingVacancy": "45",
          "beforeProcessVacancy": "45",
          "DICE": "0",
          "afterProcessVacancy": "7",
          "enrolledStudents": "38",
          "medianBid": "11.45",
          "minBid": "10.00",
          "instructor": "MA KHENG MIN, MA KHENG MIN, MA KHENG MIN",
          "schoolDepartment": "LKCSOB"
        },
        "Round 1 Window 2": {
          "term": "2016-17 Term 3A",
          "session": "Regular Academic Session",
          "biddingWindow": "Round 1 Window 2",
          "courseCode": "OBHR101",
          "description": "Management of People at Work",
          "section": "G1",
          "vacancy": "45",
          "openingVacancy": "45",
          "beforeProcessVacancy": "7",
          "DICE": "0",
          "afterProcessVacancy": "4",
          "enrolledStudents": "41",
          "medianBid": "10.10",
          "minBid": "10.00",
          "instructor": "MA KHENG MIN, MA KHENG MIN, MA KHENG MIN",
          "schoolDepartment": "LKCSOB"
        },
        "Round 1 Window 3": {
          "term": "2016-17 Term 3A",
          "session": "Regular Academic Session",
          "biddingWindow": "Round 1 Window 3",
          "courseCode": "OBHR101",
          "description": "Management of People at Work",
          "section": "G1",
          "vacancy": "45",
          "openingVacancy": "45",
          "beforeProcessVacancy": "4",
          "DICE": "0",
          "afterProcessVacancy": "1",
          "enrolledStudents": "44",
          "medianBid": "13.10",
          "minBid": "11.56",
          "instructor": "MA KHENG MIN, MA KHENG MIN, MA KHENG MIN",
          "schoolDepartment": "LKCSOB"
        },
        "Round 1 Window 4": {
          "term": "2016-17 Term 3A",
          "session": "Regular Academic Session",
          "biddingWindow": "Round 1 Window 4",
          "courseCode": "OBHR101",
          "description": "Management of People at Work",
          "section": "G1",
          "vacancy": "45",
          "openingVacancy": "45",
          "beforeProcessVacancy": "1",
          "DICE": "0",
          "afterProcessVacancy": "0",
          "enrolledStudents": "45",
          "medianBid": "20.01",
          "minBid": "20.01",
          "instructor": "MA KHENG MIN, MA KHENG MIN, MA KHENG MIN",
          "schoolDepartment": "LKCSOB"
        },
        "Round 2 Window 1": {
          "term": "2016-17 Term 3A",
          "session": "Regular Academic Session",
          "biddingWindow": "Round 2 Window 1",
          "courseCode": "OBHR101",
          "description": "Management of People at Work",
          "section": "G1",
          "vacancy": "45",
          "openingVacancy": "45",
          "beforeProcessVacancy": "1",
          "DICE": "0",
          "afterProcessVacancy": "0",
          "enrolledStudents": "45",
          "medianBid": "20.00",
          "minBid": "20.00",
          "instructor": "MA KHENG MIN, MA KHENG MIN, MA KHENG MIN",
          "schoolDepartment": "LKCSOB"
        },
        "Round 2 Window 2": {
          "term": "2016-17 Term 3A",
          "session": "Regular Academic Session",
          "biddingWindow": "Round 2 Window 2",
          "courseCode": "OBHR101",
          "description": "Management of People at Work",
          "section": "G1",
          "vacancy": "45",
          "openingVacancy": "45",
          "beforeProcessVacancy": "3",
          "DICE": "0",
          "afterProcessVacancy": "2",
          "enrolledStudents": "43",
          "medianBid": "11.00",
          "minBid": "11.00",
          "instructor": "MA KHENG MIN, MA KHENG MIN, MA KHENG MIN",
          "schoolDepartment": "LKCSOB"
        }
      }
    }
  },
  "OBHR211 Governing, Managing and Protecting Knowledge in Organisations": {
    "THOMAS MENKHOFF, THOMAS MENKHOFF, THOMAS MENKHOFF": {
      "G1": {
        "Round 1 Window 1": {
          "term": "2016-17 Term 3A",
          "session": "Regular Academic Session",
          "biddingWindow": "Round 1 Window 1",
          "courseCode": "OBHR211",
          "description": "Governing, Managing and Protecting Knowledge in Organisations",
          "section": "G1",
          "vacancy": "45",
          "openingVacancy": "45",
          "beforeProcessVacancy": "42",
          "DICE": "0",
          "afterProcessVacancy": "27",
          "enrolledStudents": "18",
          "medianBid": "15.00",
          "minBid": "10.00",
          "instructor": "THOMAS MENKHOFF, THOMAS MENKHOFF, THOMAS MENKHOFF",
          "schoolDepartment": "LKCSOB"
        },
        "Round 1 Window 2": {
          "term": "2016-17 Term 3A",
          "session": "Regular Academic Session",
          "biddingWindow": "Round 1 Window 2",
          "courseCode": "OBHR211",
          "description": "Governing, Managing and Protecting Knowledge in Organisations",
          "section": "G1",
          "vacancy": "45",
          "openingVacancy": "45",
          "beforeProcessVacancy": "27",
          "DICE": "0",
          "afterProcessVacancy": "26",
          "enrolledStudents": "19",
          "medianBid": "10.00",
          "minBid": "10.00",
          "instructor": "THOMAS MENKHOFF, THOMAS MENKHOFF, THOMAS MENKHOFF",
          "schoolDepartment": "LKCSOB"
        },
        "Round 1 Window 3": {
          "term": "2016-17 Term 3A",
          "session": "Regular Academic Session",
          "biddingWindow": "Round 1 Window 3",
          "courseCode": "OBHR211",
          "description": "Governing, Managing and Protecting Knowledge in Organisations",
          "section": "G1",
          "vacancy": "45",
          "openingVacancy": "45",
          "beforeProcessVacancy": "26",
          "DICE": "0",
          "afterProcessVacancy": "21",
          "enrolledStudents": "24",
          "medianBid": "12.66",
          "minBid": "10.00",
          "instructor": "THOMAS MENKHOFF, THOMAS MENKHOFF, THOMAS MENKHOFF",
          "schoolDepartment": "LKCSOB"
        },
        "Round 1 Window 4": {
          "term": "2016-17 Term 3A",
          "session": "Regular Academic Session",
          "biddingWindow": "Round 1 Window 4",
          "courseCode": "OBHR211",
          "description": "Governing, Managing and Protecting Knowledge in Organisations",
          "section": "G1",
          "vacancy": "45",
          "openingVacancy": "45",
          "beforeProcessVacancy": "21",
          "DICE": "0",
          "afterProcessVacancy": "20",
          "enrolledStudents": "25",
          "medianBid": "50.00",
          "minBid": "50.00",
          "instructor": "THOMAS MENKHOFF, THOMAS MENKHOFF, THOMAS MENKHOFF",
          "schoolDepartment": "LKCSOB"
        },
        "Round 2 Window 1": {
          "term": "2016-17 Term 3A",
          "session": "Regular Academic Session",
          "biddingWindow": "Round 2 Window 1",
          "courseCode": "OBHR211",
          "description": "Governing, Managing and Protecting Knowledge in Organisations",
          "section": "G1",
          "vacancy": "45",
          "openingVacancy": "45",
          "beforeProcessVacancy": "22",
          "DICE": "0",
          "afterProcessVacancy": "18",
          "enrolledStudents": "27",
          "medianBid": "10.00",
          "minBid": "10.00",
          "instructor": "THOMAS MENKHOFF, THOMAS MENKHOFF, THOMAS MENKHOFF",
          "schoolDepartment": "LKCSOB"
        },
        "Round 2 Window 2": {
          "term": "2016-17 Term 3A",
          "session": "Regular Academic Session",
          "biddingWindow": "Round 2 Window 2",
          "courseCode": "OBHR211",
          "description": "Governing, Managing and Protecting Knowledge in Organisations",
          "section": "G1",
          "vacancy": "45",
          "openingVacancy": "45",
          "beforeProcessVacancy": "19",
          "DICE": "0",
          "afterProcessVacancy": "18",
          "enrolledStudents": "27",
          "medianBid": "18.00",
          "minBid": "18.00",
          "instructor": "THOMAS MENKHOFF, THOMAS MENKHOFF, THOMAS MENKHOFF",
          "schoolDepartment": "LKCSOB"
        }
      }
    }
  },
  "OPIM331 Computer Simulation": {
    "YANG KUM KHIONG, YANG KUM KHIONG, YANG KUM KHIONG": {
      "G1": {
        "Round 1 Window 1": {
          "term": "2016-17 Term 3A",
          "session": "Regular Academic Session",
          "biddingWindow": "Round 1 Window 1",
          "courseCode": "OPIM331",
          "description": "Computer Simulation",
          "section": "G1",
          "vacancy": "45",
          "openingVacancy": "45",
          "beforeProcessVacancy": "45",
          "DICE": "0",
          "afterProcessVacancy": "21",
          "enrolledStudents": "24",
          "medianBid": "13.50",
          "minBid": "10.00",
          "instructor": "YANG KUM KHIONG, YANG KUM KHIONG, YANG KUM KHIONG",
          "schoolDepartment": "LKCSOB"
        },
        "Round 1 Window 2": {
          "term": "2016-17 Term 3A",
          "session": "Regular Academic Session",
          "biddingWindow": "Round 1 Window 2",
          "courseCode": "OPIM331",
          "description": "Computer Simulation",
          "section": "G1",
          "vacancy": "45",
          "openingVacancy": "45",
          "beforeProcessVacancy": "21",
          "DICE": "0",
          "afterProcessVacancy": "18",
          "enrolledStudents": "27",
          "medianBid": "10.00",
          "minBid": "10.00",
          "instructor": "YANG KUM KHIONG, YANG KUM KHIONG, YANG KUM KHIONG",
          "schoolDepartment": "LKCSOB"
        },
        "Round 1 Window 3": {
          "term": "2016-17 Term 3A",
          "session": "Regular Academic Session",
          "biddingWindow": "Round 1 Window 3",
          "courseCode": "OPIM331",
          "description": "Computer Simulation",
          "section": "G1",
          "vacancy": "45",
          "openingVacancy": "45",
          "beforeProcessVacancy": "18",
          "DICE": "0",
          "afterProcessVacancy": "15",
          "enrolledStudents": "30",
          "medianBid": "10.00",
          "minBid": "10.00",
          "instructor": "YANG KUM KHIONG, YANG KUM KHIONG, YANG KUM KHIONG",
          "schoolDepartment": "LKCSOB"
        },
        "Round 1 Window 4": {
          "term": "2016-17 Term 3A",
          "session": "Regular Academic Session",
          "biddingWindow": "Round 1 Window 4",
          "courseCode": "OPIM331",
          "description": "Computer Simulation",
          "section": "G1",
          "vacancy": "45",
          "openingVacancy": "45",
          "beforeProcessVacancy": "15",
          "DICE": "0",
          "afterProcessVacancy": "14",
          "enrolledStudents": "31",
          "medianBid": "10.00",
          "minBid": "10.00",
          "instructor": "YANG KUM KHIONG, YANG KUM KHIONG, YANG KUM KHIONG",
          "schoolDepartment": "LKCSOB"
        },
        "Round 2 Window 1": {
          "term": "2016-17 Term 3A",
          "session": "Regular Academic Session",
          "biddingWindow": "Round 2 Window 1",
          "courseCode": "OPIM331",
          "description": "Computer Simulation",
          "section": "G1",
          "vacancy": "45",
          "openingVacancy": "45",
          "beforeProcessVacancy": "18",
          "DICE": "0",
          "afterProcessVacancy": "15",
          "enrolledStudents": "30",
          "medianBid": "10.00",
          "minBid": "10.00",
          "instructor": "YANG KUM KHIONG, YANG KUM KHIONG, YANG KUM KHIONG",
          "schoolDepartment": "LKCSOB"
        },
        "Round 2 Window 2": {
          "term": "2016-17 Term 3A",
          "session": "Regular Academic Session",
          "biddingWindow": "Round 2 Window 2",
          "courseCode": "OPIM331",
          "description": "Computer Simulation",
          "section": "G1",
          "vacancy": "45",
          "openingVacancy": "45",
          "beforeProcessVacancy": "15",
          "DICE": "0",
          "afterProcessVacancy": "14",
          "enrolledStudents": "31",
          "medianBid": "10.00",
          "minBid": "10.00",
          "instructor": "YANG KUM KHIONG, YANG KUM KHIONG, YANG KUM KHIONG",
          "schoolDepartment": "LKCSOB"
        }
      }
    }
  },
  "PSYC108 Social Psychology": {
    "EVELYN AU, EVELYN AU, EVELYN AU": {
      "G1": {
        "Round 1 Window 1": {
          "term": "2016-17 Term 3A",
          "session": "Regular Academic Session",
          "biddingWindow": "Round 1 Window 1",
          "courseCode": "PSYC108",
          "description": "Social Psychology",
          "section": "G1",
          "vacancy": "45",
          "openingVacancy": "45",
          "beforeProcessVacancy": "45",
          "DICE": "0",
          "afterProcessVacancy": "4",
          "enrolledStudents": "41",
          "medianBid": "15.00",
          "minBid": "10.00",
          "instructor": "EVELYN AU, EVELYN AU, EVELYN AU",
          "schoolDepartment": "SOSS"
        },
        "Round 1 Window 2": {
          "term": "2016-17 Term 3A",
          "session": "Regular Academic Session",
          "biddingWindow": "Round 1 Window 2",
          "courseCode": "PSYC108",
          "description": "Social Psychology",
          "section": "G1",
          "vacancy": "45",
          "openingVacancy": "45",
          "beforeProcessVacancy": "4",
          "DICE": "0",
          "afterProcessVacancy": "0",
          "enrolledStudents": "45",
          "medianBid": "19.00",
          "minBid": "15.00",
          "instructor": "EVELYN AU, EVELYN AU, EVELYN AU",
          "schoolDepartment": "SOSS"
        },
        "Round 1 Window 3": {
          "term": "2016-17 Term 3A",
          "session": "Regular Academic Session",
          "biddingWindow": "Round 1 Window 3",
          "courseCode": "PSYC108",
          "description": "Social Psychology",
          "section": "G1",
          "vacancy": "45",
          "openingVacancy": "45",
          "beforeProcessVacancy": "2",
          "DICE": "0",
          "afterProcessVacancy": "0",
          "enrolledStudents": "45",
          "medianBid": "62.52",
          "minBid": "45.00",
          "instructor": "EVELYN AU, EVELYN AU, EVELYN AU",
          "schoolDepartment": "SOSS"
        },
        "Round 1 Window 4": {
          "term": "2016-17 Term 3A",
          "session": "Regular Academic Session",
          "biddingWindow": "Round 1 Window 4",
          "courseCode": "PSYC108",
          "description": "Social Psychology",
          "section": "G1",
          "vacancy": "45",
          "openingVacancy": "45",
          "beforeProcessVacancy": "0",
          "DICE": "0",
          "afterProcessVacancy": "0",
          "enrolledStudents": "45",
          "medianBid": "0.00",
          "minBid": "0.00",
          "instructor": "EVELYN AU, EVELYN AU, EVELYN AU",
          "schoolDepartment": "SOSS"
        },
        "Round 2 Window 1": {
          "term": "2016-17 Term 3A",
          "session": "Regular Academic Session",
          "biddingWindow": "Round 2 Window 1",
          "courseCode": "PSYC108",
          "description": "Social Psychology",
          "section": "G1",
          "vacancy": "45",
          "openingVacancy": "45",
          "beforeProcessVacancy": "3",
          "DICE": "0",
          "afterProcessVacancy": "1",
          "enrolledStudents": "44",
          "medianBid": "30.51",
          "minBid": "16.02",
          "instructor": "EVELYN AU, EVELYN AU, EVELYN AU",
          "schoolDepartment": "SOSS"
        },
        "Round 2 Window 2": {
          "term": "2016-17 Term 3A",
          "session": "Regular Academic Session",
          "biddingWindow": "Round 2 Window 2",
          "courseCode": "PSYC108",
          "description": "Social Psychology",
          "section": "G1",
          "vacancy": "45",
          "openingVacancy": "45",
          "beforeProcessVacancy": "1",
          "DICE": "0",
          "afterProcessVacancy": "0",
          "enrolledStudents": "45",
          "medianBid": "124.84",
          "minBid": "124.84",
          "instructor": "EVELYN AU, EVELYN AU, EVELYN AU",
          "schoolDepartment": "SOSS"
        }
      }
    }
  },
  "SOCG201 Social Stratification and Inequality": {
    "BUSSARAWAN TEERAWICHITCHAINAN": {
      "SG91": {
        "Round 1 Window 1": {
          "term": "2016-17 Term 3A",
          "session": "Regular Academic Session",
          "biddingWindow": "Round 1 Window 1",
          "courseCode": "SOCG201",
          "description": "Social Stratification and Inequality",
          "section": "SG91",
          "vacancy": "1",
          "openingVacancy": "0",
          "beforeProcessVacancy": "0",
          "DICE": "0",
          "afterProcessVacancy": "0",
          "enrolledStudents": "1",
          "medianBid": "0.00",
          "minBid": "0.00",
          "instructor": "BUSSARAWAN TEERAWICHITCHAINAN",
          "schoolDepartment": "SOSS"
        },
        "Round 1 Window 2": {
          "term": "2016-17 Term 3A",
          "session": "Regular Academic Session",
          "biddingWindow": "Round 1 Window 2",
          "courseCode": "SOCG201",
          "description": "Social Stratification and Inequality",
          "section": "SG91",
          "vacancy": "1",
          "openingVacancy": "0",
          "beforeProcessVacancy": "0",
          "DICE": "0",
          "afterProcessVacancy": "0",
          "enrolledStudents": "1",
          "medianBid": "0.00",
          "minBid": "0.00",
          "instructor": "BUSSARAWAN TEERAWICHITCHAINAN",
          "schoolDepartment": "SOSS"
        },
        "Round 1 Window 3": {
          "term": "2016-17 Term 3A",
          "session": "Regular Academic Session",
          "biddingWindow": "Round 1 Window 3",
          "courseCode": "SOCG201",
          "description": "Social Stratification and Inequality",
          "section": "SG91",
          "vacancy": "1",
          "openingVacancy": "0",
          "beforeProcessVacancy": "0",
          "DICE": "0",
          "afterProcessVacancy": "0",
          "enrolledStudents": "1",
          "medianBid": "0.00",
          "minBid": "0.00",
          "instructor": "BUSSARAWAN TEERAWICHITCHAINAN",
          "schoolDepartment": "SOSS"
        },
        "Round 1 Window 4": {
          "term": "2016-17 Term 3A",
          "session": "Regular Academic Session",
          "biddingWindow": "Round 1 Window 4",
          "courseCode": "SOCG201",
          "description": "Social Stratification and Inequality",
          "section": "SG91",
          "vacancy": "1",
          "openingVacancy": "0",
          "beforeProcessVacancy": "0",
          "DICE": "0",
          "afterProcessVacancy": "0",
          "enrolledStudents": "1",
          "medianBid": "0.00",
          "minBid": "0.00",
          "instructor": "BUSSARAWAN TEERAWICHITCHAINAN",
          "schoolDepartment": "SOSS"
        },
        "Round 2 Window 1": {
          "term": "2016-17 Term 3A",
          "session": "Regular Academic Session",
          "biddingWindow": "Round 2 Window 1",
          "courseCode": "SOCG201",
          "description": "Social Stratification and Inequality",
          "section": "SG91",
          "vacancy": "1",
          "openingVacancy": "0",
          "beforeProcessVacancy": "0",
          "DICE": "0",
          "afterProcessVacancy": "0",
          "enrolledStudents": "1",
          "medianBid": "0.00",
          "minBid": "0.00",
          "instructor": "BUSSARAWAN TEERAWICHITCHAINAN",
          "schoolDepartment": "SOSS"
        },
        "Round 2 Window 2": {
          "term": "2016-17 Term 3A",
          "session": "Regular Academic Session",
          "biddingWindow": "Round 2 Window 2",
          "courseCode": "SOCG201",
          "description": "Social Stratification and Inequality",
          "section": "SG91",
          "vacancy": "1",
          "openingVacancy": "0",
          "beforeProcessVacancy": "0",
          "DICE": "0",
          "afterProcessVacancy": "0",
          "enrolledStudents": "1",
          "medianBid": "0.00",
          "minBid": "0.00",
          "instructor": "BUSSARAWAN TEERAWICHITCHAINAN",
          "schoolDepartment": "SOSS"
        }
      }
    }
  },
  "COMM331 Public Relations Strategy": {
    "": {
      "G1": {
        "Round 1 Window 1": {
          "term": "2016-17 Term 3A",
          "session": "Regular Academic Session",
          "biddingWindow": "Round 1 Window 1",
          "courseCode": "COMM331",
          "description": "Public Relations Strategy",
          "section": "G1",
          "vacancy": "45",
          "openingVacancy": "45",
          "beforeProcessVacancy": "45",
          "DICE": "0",
          "afterProcessVacancy": "42",
          "enrolledStudents": "3",
          "medianBid": "15.88",
          "minBid": "10.00",
          "instructor": "",
          "schoolDepartment": "LKCSOB"
        },
        "Round 1 Window 2": {
          "term": "2016-17 Term 3A",
          "session": "Regular Academic Session",
          "biddingWindow": "Round 1 Window 2",
          "courseCode": "COMM331",
          "description": "Public Relations Strategy",
          "section": "G1",
          "vacancy": "45",
          "openingVacancy": "45",
          "beforeProcessVacancy": "42",
          "DICE": "0",
          "afterProcessVacancy": "42",
          "enrolledStudents": "3",
          "medianBid": "0.00",
          "minBid": "0.00",
          "instructor": "",
          "schoolDepartment": "LKCSOB"
        },
        "Round 1 Window 3": {
          "term": "2016-17 Term 3A",
          "session": "Regular Academic Session",
          "biddingWindow": "Round 1 Window 3",
          "courseCode": "COMM331",
          "description": "Public Relations Strategy",
          "section": "G1",
          "vacancy": "45",
          "openingVacancy": "45",
          "beforeProcessVacancy": "43",
          "DICE": "0",
          "afterProcessVacancy": "43",
          "enrolledStudents": "2",
          "medianBid": "0.00",
          "minBid": "0.00",
          "instructor": "",
          "schoolDepartment": "LKCSOB"
        }
      }
    }
  },
  "FNCE213 Entrepreneurial Finance": {
    "": {
      "G1": {
        "Round 1 Window 1": {
          "term": "2016-17 Term 3A",
          "session": "Regular Academic Session",
          "biddingWindow": "Round 1 Window 1",
          "courseCode": "FNCE213",
          "description": "Entrepreneurial Finance",
          "section": "G1",
          "vacancy": "45",
          "openingVacancy": "45",
          "beforeProcessVacancy": "45",
          "DICE": "0",
          "afterProcessVacancy": "33",
          "enrolledStudents": "12",
          "medianBid": "13.30",
          "minBid": "10.00",
          "instructor": "",
          "schoolDepartment": "LKCSOB"
        },
        "Round 1 Window 2": {
          "term": "2016-17 Term 3A",
          "session": "Regular Academic Session",
          "biddingWindow": "Round 1 Window 2",
          "courseCode": "FNCE213",
          "description": "Entrepreneurial Finance",
          "section": "G1",
          "vacancy": "45",
          "openingVacancy": "45",
          "beforeProcessVacancy": "33",
          "DICE": "0",
          "afterProcessVacancy": "33",
          "enrolledStudents": "12",
          "medianBid": "0.00",
          "minBid": "0.00",
          "instructor": "",
          "schoolDepartment": "LKCSOB"
        },
        "Round 1 Window 3": {
          "term": "2016-17 Term 3A",
          "session": "Regular Academic Session",
          "biddingWindow": "Round 1 Window 3",
          "courseCode": "FNCE213",
          "description": "Entrepreneurial Finance",
          "section": "G1",
          "vacancy": "45",
          "openingVacancy": "45",
          "beforeProcessVacancy": "36",
          "DICE": "0",
          "afterProcessVacancy": "32",
          "enrolledStudents": "13",
          "medianBid": "25.01",
          "minBid": "10.00",
          "instructor": "",
          "schoolDepartment": "LKCSOB"
        }
      }
    }
  }
}