{
  "ACCT003 Capital Markets in China": {
    " WANG JIWEI, WANG JIWEI, WANG JIWEI": {
      "G1": {
        "Round 1 Window 1": {
          "term": "2017-18 Term 3B",
          "session": "Modified Session",
          "biddingWindow": "Round 1 Window 1",
          "courseCode": "ACCT003",
          "description": "Capital Markets in China",
          "section": "G1",
          "vacancy": "45",
          "openingVacancy": "0",
          "beforeProcessVacancy": "0",
          "DICE": "0",
          "afterProcessVacancy": "0",
          "enrolledStudents": "0",
          "medianBid": "0.00",
          "minBid": "0.00",
          "instructor": " WANG JIWEI, WANG JIWEI, WANG JIWEI",
          "schoolDepartment": "SOA"
        },
        "Round 1 Window 2": {
          "term": "2017-18 Term 3B",
          "session": "Modified Session",
          "biddingWindow": "Round 1 Window 2",
          "courseCode": "ACCT003",
          "description": "Capital Markets in China",
          "section": "G1",
          "vacancy": "45",
          "openingVacancy": "0",
          "beforeProcessVacancy": "0",
          "DICE": "0",
          "afterProcessVacancy": "0",
          "enrolledStudents": "0",
          "medianBid": "0.00",
          "minBid": "0.00",
          "instructor": " WANG JIWEI, WANG JIWEI, WANG JIWEI",
          "schoolDepartment": "SOA"
        },
        "Round 1 Window 3": {
          "term": "2017-18 Term 3B",
          "session": "Modified Session",
          "biddingWindow": "Round 1 Window 3",
          "courseCode": "ACCT003",
          "description": "Capital Markets in China",
          "section": "G1",
          "vacancy": "45",
          "openingVacancy": "0",
          "beforeProcessVacancy": "0",
          "DICE": "0",
          "afterProcessVacancy": "0",
          "enrolledStudents": "0",
          "medianBid": "0.00",
          "minBid": "0.00",
          "instructor": " WANG JIWEI, WANG JIWEI, WANG JIWEI",
          "schoolDepartment": "SOA"
        },
        "Round 1 Window 4": {
          "term": "2017-18 Term 3B",
          "session": "Modified Session",
          "biddingWindow": "Round 1 Window 4",
          "courseCode": "ACCT003",
          "description": "Capital Markets in China",
          "section": "G1",
          "vacancy": "45",
          "openingVacancy": "0",
          "beforeProcessVacancy": "0",
          "DICE": "0",
          "afterProcessVacancy": "0",
          "enrolledStudents": "0",
          "medianBid": "0.00",
          "minBid": "0.00",
          "instructor": " WANG JIWEI, WANG JIWEI, WANG JIWEI",
          "schoolDepartment": "SOA"
        },
        "Round 2 Window 1": {
          "term": "2017-18 Term 3B",
          "session": "Modified Session",
          "biddingWindow": "Round 2 Window 1",
          "courseCode": "ACCT003",
          "description": "Capital Markets in China",
          "section": "G1",
          "vacancy": "45",
          "openingVacancy": "0",
          "beforeProcessVacancy": "0",
          "DICE": "0",
          "afterProcessVacancy": "0",
          "enrolledStudents": "0",
          "medianBid": "0.00",
          "minBid": "0.00",
          "instructor": " WANG JIWEI, WANG JIWEI, WANG JIWEI",
          "schoolDepartment": "SOA"
        },
        "Round 2 Window 2": {
          "term": "2017-18 Term 3B",
          "session": "Modified Session",
          "biddingWindow": "Round 2 Window 2",
          "courseCode": "ACCT003",
          "description": "Capital Markets in China",
          "section": "G1",
          "vacancy": "45",
          "openingVacancy": "0",
          "beforeProcessVacancy": "0",
          "DICE": "0",
          "afterProcessVacancy": "0",
          "enrolledStudents": "0",
          "medianBid": "0.00",
          "minBid": "0.00",
          "instructor": " WANG JIWEI, WANG JIWEI, WANG JIWEI",
          "schoolDepartment": "SOA"
        },
        "Round 2 Window 3": {
          "term": "2017-18 Term 3B",
          "session": "Modified Session",
          "biddingWindow": "Round 2 Window 3",
          "courseCode": "ACCT003",
          "description": "Capital Markets in China",
          "section": "G1",
          "vacancy": "45",
          "openingVacancy": "0",
          "beforeProcessVacancy": "0",
          "DICE": "0",
          "afterProcessVacancy": "0",
          "enrolledStudents": "17",
          "medianBid": "0.00",
          "minBid": "0.00",
          "instructor": " WANG JIWEI, WANG JIWEI, WANG JIWEI",
          "schoolDepartment": "SOA"
        },
        "Round 2 Window 4": {
          "term": "2017-18 Term 3B",
          "session": "Modified Session",
          "biddingWindow": "Round 2 Window 4",
          "courseCode": "ACCT003",
          "description": "Capital Markets in China",
          "section": "G1",
          "vacancy": "45",
          "openingVacancy": "0",
          "beforeProcessVacancy": "0",
          "DICE": "0",
          "afterProcessVacancy": "0",
          "enrolledStudents": "17",
          "medianBid": "0.00",
          "minBid": "0.00",
          "instructor": " WANG JIWEI, WANG JIWEI, WANG JIWEI",
          "schoolDepartment": "SOA"
        }
      }
    }
  },
  "HUMN021 Religions in Asia": {
    " MARGARET CHAN, MARGARET CHAN, MARGARET CHAN": {
      "G1": {
        "Round 1 Window 1": {
          "term": "2017-18 Term 3B",
          "session": "Modified Session",
          "biddingWindow": "Round 1 Window 1",
          "courseCode": "HUMN021",
          "description": "Religions in Asia",
          "section": "G1",
          "vacancy": "45",
          "openingVacancy": "0",
          "beforeProcessVacancy": "0",
          "DICE": "0",
          "afterProcessVacancy": "0",
          "enrolledStudents": "0",
          "medianBid": "0.00",
          "minBid": "0.00",
          "instructor": " MARGARET CHAN, MARGARET CHAN, MARGARET CHAN",
          "schoolDepartment": "SOSS"
        },
        "Round 1 Window 2": {
          "term": "2017-18 Term 3B",
          "session": "Modified Session",
          "biddingWindow": "Round 1 Window 2",
          "courseCode": "HUMN021",
          "description": "Religions in Asia",
          "section": "G1",
          "vacancy": "45",
          "openingVacancy": "0",
          "beforeProcessVacancy": "0",
          "DICE": "0",
          "afterProcessVacancy": "0",
          "enrolledStudents": "0",
          "medianBid": "0.00",
          "minBid": "0.00",
          "instructor": " MARGARET CHAN, MARGARET CHAN, MARGARET CHAN",
          "schoolDepartment": "SOSS"
        },
        "Round 1 Window 3": {
          "term": "2017-18 Term 3B",
          "session": "Modified Session",
          "biddingWindow": "Round 1 Window 3",
          "courseCode": "HUMN021",
          "description": "Religions in Asia",
          "section": "G1",
          "vacancy": "45",
          "openingVacancy": "0",
          "beforeProcessVacancy": "0",
          "DICE": "0",
          "afterProcessVacancy": "0",
          "enrolledStudents": "0",
          "medianBid": "0.00",
          "minBid": "0.00",
          "instructor": " MARGARET CHAN, MARGARET CHAN, MARGARET CHAN",
          "schoolDepartment": "SOSS"
        },
        "Round 1 Window 4": {
          "term": "2017-18 Term 3B",
          "session": "Modified Session",
          "biddingWindow": "Round 1 Window 4",
          "courseCode": "HUMN021",
          "description": "Religions in Asia",
          "section": "G1",
          "vacancy": "45",
          "openingVacancy": "0",
          "beforeProcessVacancy": "0",
          "DICE": "0",
          "afterProcessVacancy": "0",
          "enrolledStudents": "0",
          "medianBid": "0.00",
          "minBid": "0.00",
          "instructor": " MARGARET CHAN, MARGARET CHAN, MARGARET CHAN",
          "schoolDepartment": "SOSS"
        },
        "Round 2 Window 1": {
          "term": "2017-18 Term 3B",
          "session": "Modified Session",
          "biddingWindow": "Round 2 Window 1",
          "courseCode": "HUMN021",
          "description": "Religions in Asia",
          "section": "G1",
          "vacancy": "45",
          "openingVacancy": "0",
          "beforeProcessVacancy": "0",
          "DICE": "0",
          "afterProcessVacancy": "0",
          "enrolledStudents": "0",
          "medianBid": "0.00",
          "minBid": "0.00",
          "instructor": " MARGARET CHAN, MARGARET CHAN, MARGARET CHAN",
          "schoolDepartment": "SOSS"
        },
        "Round 2 Window 2": {
          "term": "2017-18 Term 3B",
          "session": "Modified Session",
          "biddingWindow": "Round 2 Window 2",
          "courseCode": "HUMN021",
          "description": "Religions in Asia",
          "section": "G1",
          "vacancy": "45",
          "openingVacancy": "0",
          "beforeProcessVacancy": "0",
          "DICE": "0",
          "afterProcessVacancy": "0",
          "enrolledStudents": "0",
          "medianBid": "0.00",
          "minBid": "0.00",
          "instructor": " MARGARET CHAN, MARGARET CHAN, MARGARET CHAN",
          "schoolDepartment": "SOSS"
        },
        "Round 2 Window 3": {
          "term": "2017-18 Term 3B",
          "session": "Modified Session",
          "biddingWindow": "Round 2 Window 3",
          "courseCode": "HUMN021",
          "description": "Religions in Asia",
          "section": "G1",
          "vacancy": "45",
          "openingVacancy": "0",
          "beforeProcessVacancy": "0",
          "DICE": "0",
          "afterProcessVacancy": "0",
          "enrolledStudents": "10",
          "medianBid": "0.00",
          "minBid": "0.00",
          "instructor": " MARGARET CHAN, MARGARET CHAN, MARGARET CHAN",
          "schoolDepartment": "SOSS"
        },
        "Round 2 Window 4": {
          "term": "2017-18 Term 3B",
          "session": "Modified Session",
          "biddingWindow": "Round 2 Window 4",
          "courseCode": "HUMN021",
          "description": "Religions in Asia",
          "section": "G1",
          "vacancy": "45",
          "openingVacancy": "0",
          "beforeProcessVacancy": "0",
          "DICE": "0",
          "afterProcessVacancy": "0",
          "enrolledStudents": "10",
          "medianBid": "0.00",
          "minBid": "0.00",
          "instructor": " MARGARET CHAN, MARGARET CHAN, MARGARET CHAN",
          "schoolDepartment": "SOSS"
        }
      }
    }
  },
  "IS446 Managing Customer Relations with Analytics: Asian Insights": {
    " RAFAEL J. BARROS, RAFAEL J. BARROS, RAFAEL J. BARROS": {
      "G1": {
        "Round 1 Window 1": {
          "term": "2017-18 Term 3B",
          "session": "Modified Session",
          "biddingWindow": "Round 1 Window 1",
          "courseCode": "IS446",
          "description": "Managing Customer Relations with Analytics: Asian Insights",
          "section": "G1",
          "vacancy": "45",
          "openingVacancy": "0",
          "beforeProcessVacancy": "0",
          "DICE": "0",
          "afterProcessVacancy": "0",
          "enrolledStudents": "0",
          "medianBid": "0.00",
          "minBid": "0.00",
          "instructor": " RAFAEL J. BARROS, RAFAEL J. BARROS, RAFAEL J. BARROS",
          "schoolDepartment": "SIS"
        },
        "Round 1 Window 2": {
          "term": "2017-18 Term 3B",
          "session": "Modified Session",
          "biddingWindow": "Round 1 Window 2",
          "courseCode": "IS446",
          "description": "Managing Customer Relations with Analytics: Asian Insights",
          "section": "G1",
          "vacancy": "45",
          "openingVacancy": "0",
          "beforeProcessVacancy": "0",
          "DICE": "0",
          "afterProcessVacancy": "0",
          "enrolledStudents": "0",
          "medianBid": "0.00",
          "minBid": "0.00",
          "instructor": " RAFAEL J. BARROS, RAFAEL J. BARROS, RAFAEL J. BARROS",
          "schoolDepartment": "SIS"
        },
        "Round 1 Window 3": {
          "term": "2017-18 Term 3B",
          "session": "Modified Session",
          "biddingWindow": "Round 1 Window 3",
          "courseCode": "IS446",
          "description": "Managing Customer Relations with Analytics: Asian Insights",
          "section": "G1",
          "vacancy": "45",
          "openingVacancy": "0",
          "beforeProcessVacancy": "0",
          "DICE": "0",
          "afterProcessVacancy": "0",
          "enrolledStudents": "0",
          "medianBid": "0.00",
          "minBid": "0.00",
          "instructor": " RAFAEL J. BARROS, RAFAEL J. BARROS, RAFAEL J. BARROS",
          "schoolDepartment": "SIS"
        },
        "Round 1 Window 4": {
          "term": "2017-18 Term 3B",
          "session": "Modified Session",
          "biddingWindow": "Round 1 Window 4",
          "courseCode": "IS446",
          "description": "Managing Customer Relations with Analytics: Asian Insights",
          "section": "G1",
          "vacancy": "45",
          "openingVacancy": "0",
          "beforeProcessVacancy": "0",
          "DICE": "0",
          "afterProcessVacancy": "0",
          "enrolledStudents": "0",
          "medianBid": "0.00",
          "minBid": "0.00",
          "instructor": " RAFAEL J. BARROS, RAFAEL J. BARROS, RAFAEL J. BARROS",
          "schoolDepartment": "SIS"
        },
        "Round 2 Window 1": {
          "term": "2017-18 Term 3B",
          "session": "Modified Session",
          "biddingWindow": "Round 2 Window 1",
          "courseCode": "IS446",
          "description": "Managing Customer Relations with Analytics: Asian Insights",
          "section": "G1",
          "vacancy": "45",
          "openingVacancy": "0",
          "beforeProcessVacancy": "0",
          "DICE": "0",
          "afterProcessVacancy": "0",
          "enrolledStudents": "0",
          "medianBid": "0.00",
          "minBid": "0.00",
          "instructor": " RAFAEL J. BARROS, RAFAEL J. BARROS, RAFAEL J. BARROS",
          "schoolDepartment": "SIS"
        },
        "Round 2 Window 2": {
          "term": "2017-18 Term 3B",
          "session": "Modified Session",
          "biddingWindow": "Round 2 Window 2",
          "courseCode": "IS446",
          "description": "Managing Customer Relations with Analytics: Asian Insights",
          "section": "G1",
          "vacancy": "45",
          "openingVacancy": "0",
          "beforeProcessVacancy": "0",
          "DICE": "0",
          "afterProcessVacancy": "0",
          "enrolledStudents": "0",
          "medianBid": "0.00",
          "minBid": "0.00",
          "instructor": " RAFAEL J. BARROS, RAFAEL J. BARROS, RAFAEL J. BARROS",
          "schoolDepartment": "SIS"
        },
        "Round 2 Window 3": {
          "term": "2017-18 Term 3B",
          "session": "Modified Session",
          "biddingWindow": "Round 2 Window 3",
          "courseCode": "IS446",
          "description": "Managing Customer Relations with Analytics: Asian Insights",
          "section": "G1",
          "vacancy": "45",
          "openingVacancy": "0",
          "beforeProcessVacancy": "0",
          "DICE": "0",
          "afterProcessVacancy": "0",
          "enrolledStudents": "7",
          "medianBid": "0.00",
          "minBid": "0.00",
          "instructor": " RAFAEL J. BARROS, RAFAEL J. BARROS, RAFAEL J. BARROS",
          "schoolDepartment": "SIS"
        },
        "Round 2 Window 4": {
          "term": "2017-18 Term 3B",
          "session": "Modified Session",
          "biddingWindow": "Round 2 Window 4",
          "courseCode": "IS446",
          "description": "Managing Customer Relations with Analytics: Asian Insights",
          "section": "G1",
          "vacancy": "45",
          "openingVacancy": "0",
          "beforeProcessVacancy": "0",
          "DICE": "0",
          "afterProcessVacancy": "0",
          "enrolledStudents": "7",
          "medianBid": "0.00",
          "minBid": "0.00",
          "instructor": " RAFAEL J. BARROS, RAFAEL J. BARROS, RAFAEL J. BARROS",
          "schoolDepartment": "SIS"
        }
      }
    }
  },
  "IS447 Smart Healthcare in Asia": {
    " TAN HWEE XIAN, TAN HWEE XIAN, TAN HWEE XIAN": {
      "G1": {
        "Round 1 Window 1": {
          "term": "2017-18 Term 3B",
          "session": "Modified Session",
          "biddingWindow": "Round 1 Window 1",
          "courseCode": "IS447",
          "description": "Smart Healthcare in Asia",
          "section": "G1",
          "vacancy": "45",
          "openingVacancy": "0",
          "beforeProcessVacancy": "0",
          "DICE": "0",
          "afterProcessVacancy": "0",
          "enrolledStudents": "0",
          "medianBid": "0.00",
          "minBid": "0.00",
          "instructor": " TAN HWEE XIAN, TAN HWEE XIAN, TAN HWEE XIAN",
          "schoolDepartment": "SIS"
        },
        "Round 1 Window 2": {
          "term": "2017-18 Term 3B",
          "session": "Modified Session",
          "biddingWindow": "Round 1 Window 2",
          "courseCode": "IS447",
          "description": "Smart Healthcare in Asia",
          "section": "G1",
          "vacancy": "45",
          "openingVacancy": "0",
          "beforeProcessVacancy": "0",
          "DICE": "0",
          "afterProcessVacancy": "0",
          "enrolledStudents": "0",
          "medianBid": "0.00",
          "minBid": "0.00",
          "instructor": " TAN HWEE XIAN, TAN HWEE XIAN, TAN HWEE XIAN",
          "schoolDepartment": "SIS"
        },
        "Round 1 Window 3": {
          "term": "2017-18 Term 3B",
          "session": "Modified Session",
          "biddingWindow": "Round 1 Window 3",
          "courseCode": "IS447",
          "description": "Smart Healthcare in Asia",
          "section": "G1",
          "vacancy": "45",
          "openingVacancy": "0",
          "beforeProcessVacancy": "0",
          "DICE": "0",
          "afterProcessVacancy": "0",
          "enrolledStudents": "0",
          "medianBid": "0.00",
          "minBid": "0.00",
          "instructor": " TAN HWEE XIAN, TAN HWEE XIAN, TAN HWEE XIAN",
          "schoolDepartment": "SIS"
        },
        "Round 1 Window 4": {
          "term": "2017-18 Term 3B",
          "session": "Modified Session",
          "biddingWindow": "Round 1 Window 4",
          "courseCode": "IS447",
          "description": "Smart Healthcare in Asia",
          "section": "G1",
          "vacancy": "45",
          "openingVacancy": "0",
          "beforeProcessVacancy": "0",
          "DICE": "0",
          "afterProcessVacancy": "0",
          "enrolledStudents": "0",
          "medianBid": "0.00",
          "minBid": "0.00",
          "instructor": " TAN HWEE XIAN, TAN HWEE XIAN, TAN HWEE XIAN",
          "schoolDepartment": "SIS"
        },
        "Round 2 Window 1": {
          "term": "2017-18 Term 3B",
          "session": "Modified Session",
          "biddingWindow": "Round 2 Window 1",
          "courseCode": "IS447",
          "description": "Smart Healthcare in Asia",
          "section": "G1",
          "vacancy": "45",
          "openingVacancy": "0",
          "beforeProcessVacancy": "0",
          "DICE": "0",
          "afterProcessVacancy": "0",
          "enrolledStudents": "0",
          "medianBid": "0.00",
          "minBid": "0.00",
          "instructor": " TAN HWEE XIAN, TAN HWEE XIAN, TAN HWEE XIAN",
          "schoolDepartment": "SIS"
        },
        "Round 2 Window 2": {
          "term": "2017-18 Term 3B",
          "session": "Modified Session",
          "biddingWindow": "Round 2 Window 2",
          "courseCode": "IS447",
          "description": "Smart Healthcare in Asia",
          "section": "G1",
          "vacancy": "45",
          "openingVacancy": "0",
          "beforeProcessVacancy": "0",
          "DICE": "0",
          "afterProcessVacancy": "0",
          "enrolledStudents": "0",
          "medianBid": "0.00",
          "minBid": "0.00",
          "instructor": " TAN HWEE XIAN, TAN HWEE XIAN, TAN HWEE XIAN",
          "schoolDepartment": "SIS"
        },
        "Round 2 Window 3": {
          "term": "2017-18 Term 3B",
          "session": "Modified Session",
          "biddingWindow": "Round 2 Window 3",
          "courseCode": "IS447",
          "description": "Smart Healthcare in Asia",
          "section": "G1",
          "vacancy": "45",
          "openingVacancy": "0",
          "beforeProcessVacancy": "0",
          "DICE": "0",
          "afterProcessVacancy": "0",
          "enrolledStudents": "8",
          "medianBid": "0.00",
          "minBid": "0.00",
          "instructor": " TAN HWEE XIAN, TAN HWEE XIAN, TAN HWEE XIAN",
          "schoolDepartment": "SIS"
        },
        "Round 2 Window 4": {
          "term": "2017-18 Term 3B",
          "session": "Modified Session",
          "biddingWindow": "Round 2 Window 4",
          "courseCode": "IS447",
          "description": "Smart Healthcare in Asia",
          "section": "G1",
          "vacancy": "45",
          "openingVacancy": "0",
          "beforeProcessVacancy": "0",
          "DICE": "0",
          "afterProcessVacancy": "0",
          "enrolledStudents": "8",
          "medianBid": "0.00",
          "minBid": "0.00",
          "instructor": " TAN HWEE XIAN, TAN HWEE XIAN, TAN HWEE XIAN",
          "schoolDepartment": "SIS"
        }
      }
    }
  },
  "LAW464 Legal Issues in E-commerce": {
    " ELIZA MIK, ELIZA MIK, ELIZA MIK": {
      "G1": {
        "Round 1 Window 1": {
          "term": "2017-18 Term 3B",
          "session": "Regular Academic Session",
          "biddingWindow": "Round 1 Window 1",
          "courseCode": "LAW464",
          "description": "Legal Issues in E-commerce",
          "section": "G1",
          "vacancy": "15",
          "openingVacancy": "15",
          "beforeProcessVacancy": "15",
          "DICE": "0",
          "afterProcessVacancy": "12",
          "enrolledStudents": "3",
          "medianBid": "14.00",
          "minBid": "10.00",
          "instructor": " ELIZA MIK, ELIZA MIK, ELIZA MIK",
          "schoolDepartment": "SOL"
        },
        "Round 1 Window 2": {
          "term": "2017-18 Term 3B",
          "session": "Regular Academic Session",
          "biddingWindow": "Round 1 Window 2",
          "courseCode": "LAW464",
          "description": "Legal Issues in E-commerce",
          "section": "G1",
          "vacancy": "15",
          "openingVacancy": "15",
          "beforeProcessVacancy": "12",
          "DICE": "0",
          "afterProcessVacancy": "12",
          "enrolledStudents": "3",
          "medianBid": "0.00",
          "minBid": "0.00",
          "instructor": " ELIZA MIK, ELIZA MIK, ELIZA MIK",
          "schoolDepartment": "SOL"
        },
        "Round 1 Window 3": {
          "term": "2017-18 Term 3B",
          "session": "Regular Academic Session",
          "biddingWindow": "Round 1 Window 3",
          "courseCode": "LAW464",
          "description": "Legal Issues in E-commerce",
          "section": "G1",
          "vacancy": "15",
          "openingVacancy": "15",
          "beforeProcessVacancy": "12",
          "DICE": "0",
          "afterProcessVacancy": "12",
          "enrolledStudents": "3",
          "medianBid": "0.00",
          "minBid": "0.00",
          "instructor": " ELIZA MIK, ELIZA MIK, ELIZA MIK",
          "schoolDepartment": "SOL"
        },
        "Round 1 Window 4": {
          "term": "2017-18 Term 3B",
          "session": "Regular Academic Session",
          "biddingWindow": "Round 1 Window 4",
          "courseCode": "LAW464",
          "description": "Legal Issues in E-commerce",
          "section": "G1",
          "vacancy": "15",
          "openingVacancy": "15",
          "beforeProcessVacancy": "12",
          "DICE": "0",
          "afterProcessVacancy": "12",
          "enrolledStudents": "3",
          "medianBid": "0.00",
          "minBid": "0.00",
          "instructor": " ELIZA MIK, ELIZA MIK, ELIZA MIK",
          "schoolDepartment": "SOL"
        },
        "Round 2 Window 1": {
          "term": "2017-18 Term 3B",
          "session": "Regular Academic Session",
          "biddingWindow": "Round 2 Window 1",
          "courseCode": "LAW464",
          "description": "Legal Issues in E-commerce",
          "section": "G1",
          "vacancy": "15",
          "openingVacancy": "15",
          "beforeProcessVacancy": "11",
          "DICE": "0",
          "afterProcessVacancy": "11",
          "enrolledStudents": "4",
          "medianBid": "0.00",
          "minBid": "0.00",
          "instructor": " ELIZA MIK, ELIZA MIK, ELIZA MIK",
          "schoolDepartment": "SOL"
        },
        "Round 2 Window 2": {
          "term": "2017-18 Term 3B",
          "session": "Regular Academic Session",
          "biddingWindow": "Round 2 Window 2",
          "courseCode": "LAW464",
          "description": "Legal Issues in E-commerce",
          "section": "G1",
          "vacancy": "15",
          "openingVacancy": "15",
          "beforeProcessVacancy": "11",
          "DICE": "0",
          "afterProcessVacancy": "11",
          "enrolledStudents": "4",
          "medianBid": "0.00",
          "minBid": "0.00",
          "instructor": " ELIZA MIK, ELIZA MIK, ELIZA MIK",
          "schoolDepartment": "SOL"
        },
        "Round 2 Window 3": {
          "term": "2017-18 Term 3B",
          "session": "Regular Academic Session",
          "biddingWindow": "Round 2 Window 3",
          "courseCode": "LAW464",
          "description": "Legal Issues in E-commerce",
          "section": "G1",
          "vacancy": "15",
          "openingVacancy": "15",
          "beforeProcessVacancy": "11",
          "DICE": "0",
          "afterProcessVacancy": "10",
          "enrolledStudents": "5",
          "medianBid": "10.00",
          "minBid": "10.00",
          "instructor": " ELIZA MIK, ELIZA MIK, ELIZA MIK",
          "schoolDepartment": "SOL"
        },
        "Round 2 Window 4": {
          "term": "2017-18 Term 3B",
          "session": "Regular Academic Session",
          "biddingWindow": "Round 2 Window 4",
          "courseCode": "LAW464",
          "description": "Legal Issues in E-commerce",
          "section": "G1",
          "vacancy": "15",
          "openingVacancy": "15",
          "beforeProcessVacancy": "10",
          "DICE": "0",
          "afterProcessVacancy": "10",
          "enrolledStudents": "5",
          "medianBid": "0.00",
          "minBid": "0.00",
          "instructor": " ELIZA MIK, ELIZA MIK, ELIZA MIK",
          "schoolDepartment": "SOL"
        }
      },
      "G51": {
        "Round 1 Window 1": {
          "term": "2017-18 Term 3B",
          "session": "Regular Academic Session",
          "biddingWindow": "Round 1 Window 1",
          "courseCode": "LAW464",
          "description": "Legal Issues in E-commerce",
          "section": "G51",
          "vacancy": "30",
          "openingVacancy": "30",
          "beforeProcessVacancy": "30",
          "DICE": "0",
          "afterProcessVacancy": "21",
          "enrolledStudents": "9",
          "medianBid": "11.71",
          "minBid": "10.00",
          "instructor": " ELIZA MIK, ELIZA MIK, ELIZA MIK",
          "schoolDepartment": "SOL"
        },
        "Round 1 Window 2": {
          "term": "2017-18 Term 3B",
          "session": "Regular Academic Session",
          "biddingWindow": "Round 1 Window 2",
          "courseCode": "LAW464",
          "description": "Legal Issues in E-commerce",
          "section": "G51",
          "vacancy": "30",
          "openingVacancy": "30",
          "beforeProcessVacancy": "21",
          "DICE": "0",
          "afterProcessVacancy": "21",
          "enrolledStudents": "9",
          "medianBid": "0.00",
          "minBid": "0.00",
          "instructor": " ELIZA MIK, ELIZA MIK, ELIZA MIK",
          "schoolDepartment": "SOL"
        },
        "Round 1 Window 3": {
          "term": "2017-18 Term 3B",
          "session": "Regular Academic Session",
          "biddingWindow": "Round 1 Window 3",
          "courseCode": "LAW464",
          "description": "Legal Issues in E-commerce",
          "section": "G51",
          "vacancy": "30",
          "openingVacancy": "30",
          "beforeProcessVacancy": "21",
          "DICE": "0",
          "afterProcessVacancy": "21",
          "enrolledStudents": "9",
          "medianBid": "0.00",
          "minBid": "0.00",
          "instructor": " ELIZA MIK, ELIZA MIK, ELIZA MIK",
          "schoolDepartment": "SOL"
        },
        "Round 1 Window 4": {
          "term": "2017-18 Term 3B",
          "session": "Regular Academic Session",
          "biddingWindow": "Round 1 Window 4",
          "courseCode": "LAW464",
          "description": "Legal Issues in E-commerce",
          "section": "G51",
          "vacancy": "30",
          "openingVacancy": "30",
          "beforeProcessVacancy": "21",
          "DICE": "0",
          "afterProcessVacancy": "21",
          "enrolledStudents": "9",
          "medianBid": "0.00",
          "minBid": "0.00",
          "instructor": " ELIZA MIK, ELIZA MIK, ELIZA MIK",
          "schoolDepartment": "SOL"
        },
        "Round 2 Window 1": {
          "term": "2017-18 Term 3B",
          "session": "Regular Academic Session",
          "biddingWindow": "Round 2 Window 1",
          "courseCode": "LAW464",
          "description": "Legal Issues in E-commerce",
          "section": "G51",
          "vacancy": "30",
          "openingVacancy": "30",
          "beforeProcessVacancy": "22",
          "DICE": "0",
          "afterProcessVacancy": "20",
          "enrolledStudents": "10",
          "medianBid": "10.01",
          "minBid": "10.00",
          "instructor": " ELIZA MIK, ELIZA MIK, ELIZA MIK",
          "schoolDepartment": "SOL"
        },
        "Round 2 Window 2": {
          "term": "2017-18 Term 3B",
          "session": "Regular Academic Session",
          "biddingWindow": "Round 2 Window 2",
          "courseCode": "LAW464",
          "description": "Legal Issues in E-commerce",
          "section": "G51",
          "vacancy": "30",
          "openingVacancy": "30",
          "beforeProcessVacancy": "21",
          "DICE": "0",
          "afterProcessVacancy": "21",
          "enrolledStudents": "9",
          "medianBid": "0.00",
          "minBid": "0.00",
          "instructor": " ELIZA MIK, ELIZA MIK, ELIZA MIK",
          "schoolDepartment": "SOL"
        },
        "Round 2 Window 3": {
          "term": "2017-18 Term 3B",
          "session": "Regular Academic Session",
          "biddingWindow": "Round 2 Window 3",
          "courseCode": "LAW464",
          "description": "Legal Issues in E-commerce",
          "section": "G51",
          "vacancy": "30",
          "openingVacancy": "30",
          "beforeProcessVacancy": "21",
          "DICE": "0",
          "afterProcessVacancy": "19",
          "enrolledStudents": "11",
          "medianBid": "10.00",
          "minBid": "10.00",
          "instructor": " ELIZA MIK, ELIZA MIK, ELIZA MIK",
          "schoolDepartment": "SOL"
        },
        "Round 2 Window 4": {
          "term": "2017-18 Term 3B",
          "session": "Regular Academic Session",
          "biddingWindow": "Round 2 Window 4",
          "courseCode": "LAW464",
          "description": "Legal Issues in E-commerce",
          "section": "G51",
          "vacancy": "30",
          "openingVacancy": "30",
          "beforeProcessVacancy": "19",
          "DICE": "0",
          "afterProcessVacancy": "19",
          "enrolledStudents": "11",
          "medianBid": "0.00",
          "minBid": "0.00",
          "instructor": " ELIZA MIK, ELIZA MIK, ELIZA MIK",
          "schoolDepartment": "SOL"
        }
      }
    }
  },
  "LGST232 The Law and Information Technology in Asia: Developments and Issues": {
    " KAM WAI WARREN BARTHOLOMEW CHIK, KAM WAI WARREN BARTHOLOMEW CHIK, KAM WAI WARREN BARTHOLOMEW CHIK": {
      "G1": {
        "Round 1 Window 1": {
          "term": "2017-18 Term 3B",
          "session": "Modified Session",
          "biddingWindow": "Round 1 Window 1",
          "courseCode": "LGST232",
          "description": "The Law and Information Technology in Asia: Developments and Issues",
          "section": "G1",
          "vacancy": "45",
          "openingVacancy": "45",
          "beforeProcessVacancy": "45",
          "DICE": "0",
          "afterProcessVacancy": "45",
          "enrolledStudents": "0",
          "medianBid": "0.00",
          "minBid": "0.00",
          "instructor": " KAM WAI WARREN BARTHOLOMEW CHIK, KAM WAI WARREN BARTHOLOMEW CHIK, KAM WAI WARREN BARTHOLOMEW CHIK",
          "schoolDepartment": "SOL"
        },
        "Round 1 Window 2": {
          "term": "2017-18 Term 3B",
          "session": "Modified Session",
          "biddingWindow": "Round 1 Window 2",
          "courseCode": "LGST232",
          "description": "The Law and Information Technology in Asia: Developments and Issues",
          "section": "G1",
          "vacancy": "45",
          "openingVacancy": "45",
          "beforeProcessVacancy": "45",
          "DICE": "0",
          "afterProcessVacancy": "45",
          "enrolledStudents": "0",
          "medianBid": "0.00",
          "minBid": "0.00",
          "instructor": " KAM WAI WARREN BARTHOLOMEW CHIK, KAM WAI WARREN BARTHOLOMEW CHIK, KAM WAI WARREN BARTHOLOMEW CHIK",
          "schoolDepartment": "SOL"
        },
        "Round 1 Window 3": {
          "term": "2017-18 Term 3B",
          "session": "Modified Session",
          "biddingWindow": "Round 1 Window 3",
          "courseCode": "LGST232",
          "description": "The Law and Information Technology in Asia: Developments and Issues",
          "section": "G1",
          "vacancy": "45",
          "openingVacancy": "45",
          "beforeProcessVacancy": "45",
          "DICE": "0",
          "afterProcessVacancy": "45",
          "enrolledStudents": "0",
          "medianBid": "0.00",
          "minBid": "0.00",
          "instructor": " KAM WAI WARREN BARTHOLOMEW CHIK, KAM WAI WARREN BARTHOLOMEW CHIK, KAM WAI WARREN BARTHOLOMEW CHIK",
          "schoolDepartment": "SOL"
        },
        "Round 1 Window 4": {
          "term": "2017-18 Term 3B",
          "session": "Modified Session",
          "biddingWindow": "Round 1 Window 4",
          "courseCode": "LGST232",
          "description": "The Law and Information Technology in Asia: Developments and Issues",
          "section": "G1",
          "vacancy": "45",
          "openingVacancy": "45",
          "beforeProcessVacancy": "45",
          "DICE": "0",
          "afterProcessVacancy": "45",
          "enrolledStudents": "0",
          "medianBid": "0.00",
          "minBid": "0.00",
          "instructor": " KAM WAI WARREN BARTHOLOMEW CHIK, KAM WAI WARREN BARTHOLOMEW CHIK, KAM WAI WARREN BARTHOLOMEW CHIK",
          "schoolDepartment": "SOL"
        },
        "Round 2 Window 1": {
          "term": "2017-18 Term 3B",
          "session": "Modified Session",
          "biddingWindow": "Round 2 Window 1",
          "courseCode": "LGST232",
          "description": "The Law and Information Technology in Asia: Developments and Issues",
          "section": "G1",
          "vacancy": "45",
          "openingVacancy": "45",
          "beforeProcessVacancy": "45",
          "DICE": "0",
          "afterProcessVacancy": "45",
          "enrolledStudents": "0",
          "medianBid": "0.00",
          "minBid": "0.00",
          "instructor": " KAM WAI WARREN BARTHOLOMEW CHIK, KAM WAI WARREN BARTHOLOMEW CHIK, KAM WAI WARREN BARTHOLOMEW CHIK",
          "schoolDepartment": "SOL"
        },
        "Round 2 Window 2": {
          "term": "2017-18 Term 3B",
          "session": "Modified Session",
          "biddingWindow": "Round 2 Window 2",
          "courseCode": "LGST232",
          "description": "The Law and Information Technology in Asia: Developments and Issues",
          "section": "G1",
          "vacancy": "45",
          "openingVacancy": "45",
          "beforeProcessVacancy": "45",
          "DICE": "0",
          "afterProcessVacancy": "45",
          "enrolledStudents": "0",
          "medianBid": "0.00",
          "minBid": "0.00",
          "instructor": " KAM WAI WARREN BARTHOLOMEW CHIK, KAM WAI WARREN BARTHOLOMEW CHIK, KAM WAI WARREN BARTHOLOMEW CHIK",
          "schoolDepartment": "SOL"
        },
        "Round 2 Window 3": {
          "term": "2017-18 Term 3B",
          "session": "Modified Session",
          "biddingWindow": "Round 2 Window 3",
          "courseCode": "LGST232",
          "description": "The Law and Information Technology in Asia: Developments and Issues",
          "section": "G1",
          "vacancy": "45",
          "openingVacancy": "45",
          "beforeProcessVacancy": "35",
          "DICE": "0",
          "afterProcessVacancy": "35",
          "enrolledStudents": "10",
          "medianBid": "0.00",
          "minBid": "0.00",
          "instructor": " KAM WAI WARREN BARTHOLOMEW CHIK, KAM WAI WARREN BARTHOLOMEW CHIK, KAM WAI WARREN BARTHOLOMEW CHIK",
          "schoolDepartment": "SOL"
        },
        "Round 2 Window 4": {
          "term": "2017-18 Term 3B",
          "session": "Modified Session",
          "biddingWindow": "Round 2 Window 4",
          "courseCode": "LGST232",
          "description": "The Law and Information Technology in Asia: Developments and Issues",
          "section": "G1",
          "vacancy": "45",
          "openingVacancy": "45",
          "beforeProcessVacancy": "35",
          "DICE": "0",
          "afterProcessVacancy": "35",
          "enrolledStudents": "10",
          "medianBid": "0.00",
          "minBid": "0.00",
          "instructor": " KAM WAI WARREN BARTHOLOMEW CHIK, KAM WAI WARREN BARTHOLOMEW CHIK, KAM WAI WARREN BARTHOLOMEW CHIK",
          "schoolDepartment": "SOL"
        }
      }
    }
  },
  "MGMT005 Managing in a Volatile, Uncertain, Complex and Ambiguous Context(SUTD cls, encrg SMU Std enrol)": {
    " WHITNEY ZHANG, WHITNEY ZHANG": {
      "G30": {
        "Round 1 Window 1": {
          "term": "2017-18 Term 3B",
          "session": "Modified Session",
          "biddingWindow": "Round 1 Window 1",
          "courseCode": "MGMT005",
          "description": "Managing in a Volatile, Uncertain, Complex and Ambiguous Context(SUTD cls, encrg SMU Std enrol)",
          "section": "G30",
          "vacancy": "45",
          "openingVacancy": "45",
          "beforeProcessVacancy": "28",
          "DICE": "0",
          "afterProcessVacancy": "19",
          "enrolledStudents": "26",
          "medianBid": "13.00",
          "minBid": "10.00",
          "instructor": " WHITNEY ZHANG, WHITNEY ZHANG",
          "schoolDepartment": "LKCSOB"
        },
        "Round 1 Window 2": {
          "term": "2017-18 Term 3B",
          "session": "Modified Session",
          "biddingWindow": "Round 1 Window 2",
          "courseCode": "MGMT005",
          "description": "Managing in a Volatile, Uncertain, Complex and Ambiguous Context(SUTD cls, encrg SMU Std enrol)",
          "section": "G30",
          "vacancy": "45",
          "openingVacancy": "45",
          "beforeProcessVacancy": "19",
          "DICE": "0",
          "afterProcessVacancy": "18",
          "enrolledStudents": "27",
          "medianBid": "12.00",
          "minBid": "12.00",
          "instructor": " WHITNEY ZHANG, WHITNEY ZHANG",
          "schoolDepartment": "LKCSOB"
        },
        "Round 1 Window 3": {
          "term": "2017-18 Term 3B",
          "session": "Modified Session",
          "biddingWindow": "Round 1 Window 3",
          "courseCode": "MGMT005",
          "description": "Managing in a Volatile, Uncertain, Complex and Ambiguous Context(SUTD cls, encrg SMU Std enrol)",
          "section": "G30",
          "vacancy": "45",
          "openingVacancy": "45",
          "beforeProcessVacancy": "18",
          "DICE": "0",
          "afterProcessVacancy": "18",
          "enrolledStudents": "27",
          "medianBid": "0.00",
          "minBid": "0.00",
          "instructor": " WHITNEY ZHANG, WHITNEY ZHANG",
          "schoolDepartment": "LKCSOB"
        },
        "Round 1 Window 4": {
          "term": "2017-18 Term 3B",
          "session": "Modified Session",
          "biddingWindow": "Round 1 Window 4",
          "courseCode": "MGMT005",
          "description": "Managing in a Volatile, Uncertain, Complex and Ambiguous Context(SUTD cls, encrg SMU Std enrol)",
          "section": "G30",
          "vacancy": "45",
          "openingVacancy": "45",
          "beforeProcessVacancy": "18",
          "DICE": "0",
          "afterProcessVacancy": "18",
          "enrolledStudents": "27",
          "medianBid": "0.00",
          "minBid": "0.00",
          "instructor": " WHITNEY ZHANG, WHITNEY ZHANG",
          "schoolDepartment": "LKCSOB"
        },
        "Round 2 Window 1": {
          "term": "2017-18 Term 3B",
          "session": "Modified Session",
          "biddingWindow": "Round 2 Window 1",
          "courseCode": "MGMT005",
          "description": "Managing in a Volatile, Uncertain, Complex and Ambiguous Context(SUTD cls, encrg SMU Std enrol)",
          "section": "G30",
          "vacancy": "45",
          "openingVacancy": "45",
          "beforeProcessVacancy": "19",
          "DICE": "0",
          "afterProcessVacancy": "19",
          "enrolledStudents": "26",
          "medianBid": "0.00",
          "minBid": "0.00",
          "instructor": " WHITNEY ZHANG, WHITNEY ZHANG",
          "schoolDepartment": "LKCSOB"
        },
        "Round 2 Window 2": {
          "term": "2017-18 Term 3B",
          "session": "Modified Session",
          "biddingWindow": "Round 2 Window 2",
          "courseCode": "MGMT005",
          "description": "Managing in a Volatile, Uncertain, Complex and Ambiguous Context(SUTD cls, encrg SMU Std enrol)",
          "section": "G30",
          "vacancy": "45",
          "openingVacancy": "45",
          "beforeProcessVacancy": "19",
          "DICE": "0",
          "afterProcessVacancy": "18",
          "enrolledStudents": "27",
          "medianBid": "10.21",
          "minBid": "10.21",
          "instructor": " WHITNEY ZHANG, WHITNEY ZHANG",
          "schoolDepartment": "LKCSOB"
        },
        "Round 2 Window 3": {
          "term": "2017-18 Term 3B",
          "session": "Modified Session",
          "biddingWindow": "Round 2 Window 3",
          "courseCode": "MGMT005",
          "description": "Managing in a Volatile, Uncertain, Complex and Ambiguous Context(SUTD cls, encrg SMU Std enrol)",
          "section": "G30",
          "vacancy": "45",
          "openingVacancy": "45",
          "beforeProcessVacancy": "19",
          "DICE": "0",
          "afterProcessVacancy": "17",
          "enrolledStudents": "28",
          "medianBid": "22.50",
          "minBid": "10.00",
          "instructor": " WHITNEY ZHANG, WHITNEY ZHANG",
          "schoolDepartment": "LKCSOB"
        },
        "Round 2 Window 4": {
          "term": "2017-18 Term 3B",
          "session": "Modified Session",
          "biddingWindow": "Round 2 Window 4",
          "courseCode": "MGMT005",
          "description": "Managing in a Volatile, Uncertain, Complex and Ambiguous Context(SUTD cls, encrg SMU Std enrol)",
          "section": "G30",
          "vacancy": "45",
          "openingVacancy": "45",
          "beforeProcessVacancy": "17",
          "DICE": "0",
          "afterProcessVacancy": "17",
          "enrolledStudents": "28",
          "medianBid": "0.00",
          "minBid": "0.00",
          "instructor": " WHITNEY ZHANG, WHITNEY ZHANG",
          "schoolDepartment": "LKCSOB"
        }
      }
    }
  },
  "MGMT222S Asian Family Businesses": {
    " ROGER LOW, ROGER LOW, ROGER LOW": {
      "G1": {
        "Round 1 Window 1": {
          "term": "2017-18 Term 3B",
          "session": "Modified Session",
          "biddingWindow": "Round 1 Window 1",
          "courseCode": "MGMT222S",
          "description": "Asian Family Businesses",
          "section": "G1",
          "vacancy": "45",
          "openingVacancy": "0",
          "beforeProcessVacancy": "0",
          "DICE": "0",
          "afterProcessVacancy": "0",
          "enrolledStudents": "0",
          "medianBid": "0.00",
          "minBid": "0.00",
          "instructor": " ROGER LOW, ROGER LOW, ROGER LOW",
          "schoolDepartment": "LKCSOB"
        },
        "Round 1 Window 2": {
          "term": "2017-18 Term 3B",
          "session": "Modified Session",
          "biddingWindow": "Round 1 Window 2",
          "courseCode": "MGMT222S",
          "description": "Asian Family Businesses",
          "section": "G1",
          "vacancy": "45",
          "openingVacancy": "0",
          "beforeProcessVacancy": "0",
          "DICE": "0",
          "afterProcessVacancy": "0",
          "enrolledStudents": "0",
          "medianBid": "0.00",
          "minBid": "0.00",
          "instructor": " ROGER LOW, ROGER LOW, ROGER LOW",
          "schoolDepartment": "LKCSOB"
        },
        "Round 1 Window 3": {
          "term": "2017-18 Term 3B",
          "session": "Modified Session",
          "biddingWindow": "Round 1 Window 3",
          "courseCode": "MGMT222S",
          "description": "Asian Family Businesses",
          "section": "G1",
          "vacancy": "45",
          "openingVacancy": "0",
          "beforeProcessVacancy": "0",
          "DICE": "0",
          "afterProcessVacancy": "0",
          "enrolledStudents": "0",
          "medianBid": "0.00",
          "minBid": "0.00",
          "instructor": " ROGER LOW, ROGER LOW, ROGER LOW",
          "schoolDepartment": "LKCSOB"
        },
        "Round 1 Window 4": {
          "term": "2017-18 Term 3B",
          "session": "Modified Session",
          "biddingWindow": "Round 1 Window 4",
          "courseCode": "MGMT222S",
          "description": "Asian Family Businesses",
          "section": "G1",
          "vacancy": "45",
          "openingVacancy": "0",
          "beforeProcessVacancy": "0",
          "DICE": "0",
          "afterProcessVacancy": "0",
          "enrolledStudents": "0",
          "medianBid": "0.00",
          "minBid": "0.00",
          "instructor": " ROGER LOW, ROGER LOW, ROGER LOW",
          "schoolDepartment": "LKCSOB"
        },
        "Round 2 Window 1": {
          "term": "2017-18 Term 3B",
          "session": "Modified Session",
          "biddingWindow": "Round 2 Window 1",
          "courseCode": "MGMT222S",
          "description": "Asian Family Businesses",
          "section": "G1",
          "vacancy": "45",
          "openingVacancy": "0",
          "beforeProcessVacancy": "0",
          "DICE": "0",
          "afterProcessVacancy": "0",
          "enrolledStudents": "0",
          "medianBid": "0.00",
          "minBid": "0.00",
          "instructor": " ROGER LOW, ROGER LOW, ROGER LOW",
          "schoolDepartment": "LKCSOB"
        },
        "Round 2 Window 2": {
          "term": "2017-18 Term 3B",
          "session": "Modified Session",
          "biddingWindow": "Round 2 Window 2",
          "courseCode": "MGMT222S",
          "description": "Asian Family Businesses",
          "section": "G1",
          "vacancy": "45",
          "openingVacancy": "0",
          "beforeProcessVacancy": "0",
          "DICE": "0",
          "afterProcessVacancy": "0",
          "enrolledStudents": "0",
          "medianBid": "0.00",
          "minBid": "0.00",
          "instructor": " ROGER LOW, ROGER LOW, ROGER LOW",
          "schoolDepartment": "LKCSOB"
        },
        "Round 2 Window 3": {
          "term": "2017-18 Term 3B",
          "session": "Modified Session",
          "biddingWindow": "Round 2 Window 3",
          "courseCode": "MGMT222S",
          "description": "Asian Family Businesses",
          "section": "G1",
          "vacancy": "45",
          "openingVacancy": "0",
          "beforeProcessVacancy": "0",
          "DICE": "0",
          "afterProcessVacancy": "0",
          "enrolledStudents": "17",
          "medianBid": "0.00",
          "minBid": "0.00",
          "instructor": " ROGER LOW, ROGER LOW, ROGER LOW",
          "schoolDepartment": "LKCSOB"
        },
        "Round 2 Window 4": {
          "term": "2017-18 Term 3B",
          "session": "Modified Session",
          "biddingWindow": "Round 2 Window 4",
          "courseCode": "MGMT222S",
          "description": "Asian Family Businesses",
          "section": "G1",
          "vacancy": "45",
          "openingVacancy": "0",
          "beforeProcessVacancy": "0",
          "DICE": "0",
          "afterProcessVacancy": "0",
          "enrolledStudents": "17",
          "medianBid": "0.00",
          "minBid": "0.00",
          "instructor": " ROGER LOW, ROGER LOW, ROGER LOW",
          "schoolDepartment": "LKCSOB"
        }
      }
    }
  },
  "MGMT225S Social Innovation and Entrepreneurship in Asia": {
    "": {
      "G1": {
        "Round 1 Window 1": {
          "term": "2017-18 Term 3B",
          "session": "Modified Session",
          "biddingWindow": "Round 1 Window 1",
          "courseCode": "MGMT225S",
          "description": "Social Innovation and Entrepreneurship in Asia",
          "section": "G1",
          "vacancy": "45",
          "openingVacancy": "0",
          "beforeProcessVacancy": "0",
          "DICE": "0",
          "afterProcessVacancy": "0",
          "enrolledStudents": "0",
          "medianBid": "0.00",
          "minBid": "0.00",
          "instructor": "",
          "schoolDepartment": "LKCSOB"
        },
        "Round 1 Window 2": {
          "term": "2017-18 Term 3B",
          "session": "Modified Session",
          "biddingWindow": "Round 1 Window 2",
          "courseCode": "MGMT225S",
          "description": "Social Innovation and Entrepreneurship in Asia",
          "section": "G1",
          "vacancy": "45",
          "openingVacancy": "0",
          "beforeProcessVacancy": "0",
          "DICE": "0",
          "afterProcessVacancy": "0",
          "enrolledStudents": "0",
          "medianBid": "0.00",
          "minBid": "0.00",
          "instructor": "",
          "schoolDepartment": "LKCSOB"
        },
        "Round 1 Window 3": {
          "term": "2017-18 Term 3B",
          "session": "Modified Session",
          "biddingWindow": "Round 1 Window 3",
          "courseCode": "MGMT225S",
          "description": "Social Innovation and Entrepreneurship in Asia",
          "section": "G1",
          "vacancy": "45",
          "openingVacancy": "0",
          "beforeProcessVacancy": "0",
          "DICE": "0",
          "afterProcessVacancy": "0",
          "enrolledStudents": "0",
          "medianBid": "0.00",
          "minBid": "0.00",
          "instructor": "",
          "schoolDepartment": "LKCSOB"
        },
        "Round 1 Window 4": {
          "term": "2017-18 Term 3B",
          "session": "Modified Session",
          "biddingWindow": "Round 1 Window 4",
          "courseCode": "MGMT225S",
          "description": "Social Innovation and Entrepreneurship in Asia",
          "section": "G1",
          "vacancy": "45",
          "openingVacancy": "0",
          "beforeProcessVacancy": "0",
          "DICE": "0",
          "afterProcessVacancy": "0",
          "enrolledStudents": "0",
          "medianBid": "0.00",
          "minBid": "0.00",
          "instructor": "",
          "schoolDepartment": "LKCSOB"
        },
        "Round 2 Window 1": {
          "term": "2017-18 Term 3B",
          "session": "Modified Session",
          "biddingWindow": "Round 2 Window 1",
          "courseCode": "MGMT225S",
          "description": "Social Innovation and Entrepreneurship in Asia",
          "section": "G1",
          "vacancy": "45",
          "openingVacancy": "0",
          "beforeProcessVacancy": "0",
          "DICE": "0",
          "afterProcessVacancy": "0",
          "enrolledStudents": "0",
          "medianBid": "0.00",
          "minBid": "0.00",
          "instructor": "",
          "schoolDepartment": "LKCSOB"
        },
        "Round 2 Window 2": {
          "term": "2017-18 Term 3B",
          "session": "Modified Session",
          "biddingWindow": "Round 2 Window 2",
          "courseCode": "MGMT225S",
          "description": "Social Innovation and Entrepreneurship in Asia",
          "section": "G1",
          "vacancy": "45",
          "openingVacancy": "0",
          "beforeProcessVacancy": "0",
          "DICE": "0",
          "afterProcessVacancy": "0",
          "enrolledStudents": "0",
          "medianBid": "0.00",
          "minBid": "0.00",
          "instructor": "",
          "schoolDepartment": "LKCSOB"
        },
        "Round 2 Window 3": {
          "term": "2017-18 Term 3B",
          "session": "Modified Session",
          "biddingWindow": "Round 2 Window 3",
          "courseCode": "MGMT225S",
          "description": "Social Innovation and Entrepreneurship in Asia",
          "section": "G1",
          "vacancy": "45",
          "openingVacancy": "0",
          "beforeProcessVacancy": "0",
          "DICE": "0",
          "afterProcessVacancy": "0",
          "enrolledStudents": "28",
          "medianBid": "0.00",
          "minBid": "0.00",
          "instructor": "",
          "schoolDepartment": "LKCSOB"
        },
        "Round 2 Window 4": {
          "term": "2017-18 Term 3B",
          "session": "Modified Session",
          "biddingWindow": "Round 2 Window 4",
          "courseCode": "MGMT225S",
          "description": "Social Innovation and Entrepreneurship in Asia",
          "section": "G1",
          "vacancy": "45",
          "openingVacancy": "0",
          "beforeProcessVacancy": "0",
          "DICE": "0",
          "afterProcessVacancy": "0",
          "enrolledStudents": "28",
          "medianBid": "0.00",
          "minBid": "0.00",
          "instructor": "",
          "schoolDepartment": "LKCSOB"
        }
      }
    }
  },
  "MGMT312 Asia Pacific Business": {
    " JUDY TAN, JUDY TAN, JUDY TAN": {
      "G1": {
        "Round 1 Window 1": {
          "term": "2017-18 Term 3B",
          "session": "Modified Session",
          "biddingWindow": "Round 1 Window 1",
          "courseCode": "MGMT312",
          "description": "Asia Pacific Business",
          "section": "G1",
          "vacancy": "45",
          "openingVacancy": "0",
          "beforeProcessVacancy": "0",
          "DICE": "0",
          "afterProcessVacancy": "0",
          "enrolledStudents": "0",
          "medianBid": "0.00",
          "minBid": "0.00",
          "instructor": " JUDY TAN, JUDY TAN, JUDY TAN",
          "schoolDepartment": "LKCSOB"
        },
        "Round 1 Window 2": {
          "term": "2017-18 Term 3B",
          "session": "Modified Session",
          "biddingWindow": "Round 1 Window 2",
          "courseCode": "MGMT312",
          "description": "Asia Pacific Business",
          "section": "G1",
          "vacancy": "45",
          "openingVacancy": "0",
          "beforeProcessVacancy": "0",
          "DICE": "0",
          "afterProcessVacancy": "0",
          "enrolledStudents": "0",
          "medianBid": "0.00",
          "minBid": "0.00",
          "instructor": " JUDY TAN, JUDY TAN, JUDY TAN",
          "schoolDepartment": "LKCSOB"
        },
        "Round 1 Window 3": {
          "term": "2017-18 Term 3B",
          "session": "Modified Session",
          "biddingWindow": "Round 1 Window 3",
          "courseCode": "MGMT312",
          "description": "Asia Pacific Business",
          "section": "G1",
          "vacancy": "45",
          "openingVacancy": "0",
          "beforeProcessVacancy": "0",
          "DICE": "0",
          "afterProcessVacancy": "0",
          "enrolledStudents": "0",
          "medianBid": "0.00",
          "minBid": "0.00",
          "instructor": " JUDY TAN, JUDY TAN, JUDY TAN",
          "schoolDepartment": "LKCSOB"
        },
        "Round 1 Window 4": {
          "term": "2017-18 Term 3B",
          "session": "Modified Session",
          "biddingWindow": "Round 1 Window 4",
          "courseCode": "MGMT312",
          "description": "Asia Pacific Business",
          "section": "G1",
          "vacancy": "45",
          "openingVacancy": "0",
          "beforeProcessVacancy": "0",
          "DICE": "0",
          "afterProcessVacancy": "0",
          "enrolledStudents": "0",
          "medianBid": "0.00",
          "minBid": "0.00",
          "instructor": " JUDY TAN, JUDY TAN, JUDY TAN",
          "schoolDepartment": "LKCSOB"
        },
        "Round 2 Window 1": {
          "term": "2017-18 Term 3B",
          "session": "Modified Session",
          "biddingWindow": "Round 2 Window 1",
          "courseCode": "MGMT312",
          "description": "Asia Pacific Business",
          "section": "G1",
          "vacancy": "45",
          "openingVacancy": "0",
          "beforeProcessVacancy": "0",
          "DICE": "0",
          "afterProcessVacancy": "0",
          "enrolledStudents": "0",
          "medianBid": "0.00",
          "minBid": "0.00",
          "instructor": " JUDY TAN, JUDY TAN, JUDY TAN",
          "schoolDepartment": "LKCSOB"
        },
        "Round 2 Window 2": {
          "term": "2017-18 Term 3B",
          "session": "Modified Session",
          "biddingWindow": "Round 2 Window 2",
          "courseCode": "MGMT312",
          "description": "Asia Pacific Business",
          "section": "G1",
          "vacancy": "45",
          "openingVacancy": "0",
          "beforeProcessVacancy": "0",
          "DICE": "0",
          "afterProcessVacancy": "0",
          "enrolledStudents": "0",
          "medianBid": "0.00",
          "minBid": "0.00",
          "instructor": " JUDY TAN, JUDY TAN, JUDY TAN",
          "schoolDepartment": "LKCSOB"
        },
        "Round 2 Window 3": {
          "term": "2017-18 Term 3B",
          "session": "Modified Session",
          "biddingWindow": "Round 2 Window 3",
          "courseCode": "MGMT312",
          "description": "Asia Pacific Business",
          "section": "G1",
          "vacancy": "45",
          "openingVacancy": "0",
          "beforeProcessVacancy": "0",
          "DICE": "0",
          "afterProcessVacancy": "0",
          "enrolledStudents": "19",
          "medianBid": "0.00",
          "minBid": "0.00",
          "instructor": " JUDY TAN, JUDY TAN, JUDY TAN",
          "schoolDepartment": "LKCSOB"
        },
        "Round 2 Window 4": {
          "term": "2017-18 Term 3B",
          "session": "Modified Session",
          "biddingWindow": "Round 2 Window 4",
          "courseCode": "MGMT312",
          "description": "Asia Pacific Business",
          "section": "G1",
          "vacancy": "45",
          "openingVacancy": "0",
          "beforeProcessVacancy": "0",
          "DICE": "0",
          "afterProcessVacancy": "0",
          "enrolledStudents": "19",
          "medianBid": "0.00",
          "minBid": "0.00",
          "instructor": " JUDY TAN, JUDY TAN, JUDY TAN",
          "schoolDepartment": "LKCSOB"
        }
      }
    }
  },
  "MGMT315S Global Megatrends: Opportunities and Challenges in Asia": {
    " FRANK SIEGFRIED, FRANK SIEGFRIED, FRANK SIEGFRIED": {
      "G1": {
        "Round 1 Window 1": {
          "term": "2017-18 Term 3B",
          "session": "Modified Session",
          "biddingWindow": "Round 1 Window 1",
          "courseCode": "MGMT315S",
          "description": "Global Megatrends: Opportunities and Challenges in Asia",
          "section": "G1",
          "vacancy": "45",
          "openingVacancy": "0",
          "beforeProcessVacancy": "0",
          "DICE": "0",
          "afterProcessVacancy": "0",
          "enrolledStudents": "0",
          "medianBid": "0.00",
          "minBid": "0.00",
          "instructor": " FRANK SIEGFRIED, FRANK SIEGFRIED, FRANK SIEGFRIED",
          "schoolDepartment": "LKCSOB"
        },
        "Round 1 Window 2": {
          "term": "2017-18 Term 3B",
          "session": "Modified Session",
          "biddingWindow": "Round 1 Window 2",
          "courseCode": "MGMT315S",
          "description": "Global Megatrends: Opportunities and Challenges in Asia",
          "section": "G1",
          "vacancy": "45",
          "openingVacancy": "0",
          "beforeProcessVacancy": "0",
          "DICE": "0",
          "afterProcessVacancy": "0",
          "enrolledStudents": "0",
          "medianBid": "0.00",
          "minBid": "0.00",
          "instructor": " FRANK SIEGFRIED, FRANK SIEGFRIED, FRANK SIEGFRIED",
          "schoolDepartment": "LKCSOB"
        },
        "Round 1 Window 3": {
          "term": "2017-18 Term 3B",
          "session": "Modified Session",
          "biddingWindow": "Round 1 Window 3",
          "courseCode": "MGMT315S",
          "description": "Global Megatrends: Opportunities and Challenges in Asia",
          "section": "G1",
          "vacancy": "45",
          "openingVacancy": "0",
          "beforeProcessVacancy": "0",
          "DICE": "0",
          "afterProcessVacancy": "0",
          "enrolledStudents": "0",
          "medianBid": "0.00",
          "minBid": "0.00",
          "instructor": " FRANK SIEGFRIED, FRANK SIEGFRIED, FRANK SIEGFRIED",
          "schoolDepartment": "LKCSOB"
        },
        "Round 1 Window 4": {
          "term": "2017-18 Term 3B",
          "session": "Modified Session",
          "biddingWindow": "Round 1 Window 4",
          "courseCode": "MGMT315S",
          "description": "Global Megatrends: Opportunities and Challenges in Asia",
          "section": "G1",
          "vacancy": "45",
          "openingVacancy": "0",
          "beforeProcessVacancy": "0",
          "DICE": "0",
          "afterProcessVacancy": "0",
          "enrolledStudents": "0",
          "medianBid": "0.00",
          "minBid": "0.00",
          "instructor": " FRANK SIEGFRIED, FRANK SIEGFRIED, FRANK SIEGFRIED",
          "schoolDepartment": "LKCSOB"
        },
        "Round 2 Window 1": {
          "term": "2017-18 Term 3B",
          "session": "Modified Session",
          "biddingWindow": "Round 2 Window 1",
          "courseCode": "MGMT315S",
          "description": "Global Megatrends: Opportunities and Challenges in Asia",
          "section": "G1",
          "vacancy": "45",
          "openingVacancy": "0",
          "beforeProcessVacancy": "0",
          "DICE": "0",
          "afterProcessVacancy": "0",
          "enrolledStudents": "0",
          "medianBid": "0.00",
          "minBid": "0.00",
          "instructor": " FRANK SIEGFRIED, FRANK SIEGFRIED, FRANK SIEGFRIED",
          "schoolDepartment": "LKCSOB"
        },
        "Round 2 Window 2": {
          "term": "2017-18 Term 3B",
          "session": "Modified Session",
          "biddingWindow": "Round 2 Window 2",
          "courseCode": "MGMT315S",
          "description": "Global Megatrends: Opportunities and Challenges in Asia",
          "section": "G1",
          "vacancy": "45",
          "openingVacancy": "0",
          "beforeProcessVacancy": "0",
          "DICE": "0",
          "afterProcessVacancy": "0",
          "enrolledStudents": "0",
          "medianBid": "0.00",
          "minBid": "0.00",
          "instructor": " FRANK SIEGFRIED, FRANK SIEGFRIED, FRANK SIEGFRIED",
          "schoolDepartment": "LKCSOB"
        },
        "Round 2 Window 3": {
          "term": "2017-18 Term 3B",
          "session": "Modified Session",
          "biddingWindow": "Round 2 Window 3",
          "courseCode": "MGMT315S",
          "description": "Global Megatrends: Opportunities and Challenges in Asia",
          "section": "G1",
          "vacancy": "45",
          "openingVacancy": "0",
          "beforeProcessVacancy": "0",
          "DICE": "0",
          "afterProcessVacancy": "0",
          "enrolledStudents": "27",
          "medianBid": "0.00",
          "minBid": "0.00",
          "instructor": " FRANK SIEGFRIED, FRANK SIEGFRIED, FRANK SIEGFRIED",
          "schoolDepartment": "LKCSOB"
        },
        "Round 2 Window 4": {
          "term": "2017-18 Term 3B",
          "session": "Modified Session",
          "biddingWindow": "Round 2 Window 4",
          "courseCode": "MGMT315S",
          "description": "Global Megatrends: Opportunities and Challenges in Asia",
          "section": "G1",
          "vacancy": "45",
          "openingVacancy": "0",
          "beforeProcessVacancy": "0",
          "DICE": "0",
          "afterProcessVacancy": "0",
          "enrolledStudents": "27",
          "medianBid": "0.00",
          "minBid": "0.00",
          "instructor": " FRANK SIEGFRIED, FRANK SIEGFRIED, FRANK SIEGFRIED",
          "schoolDepartment": "LKCSOB"
        }
      }
    }
  },
  "MGMT320 Innovations for Asia’s Smart Cities": {
    " THOMAS MENKHOFF, KAN SIEW NING, THOMAS MENKHOFF, KAN SIEW NING, THOMAS MENKHOFF, KAN SIEW NING": {
      "G1": {
        "Round 1 Window 1": {
          "term": "2017-18 Term 3B",
          "session": "Modified Session",
          "biddingWindow": "Round 1 Window 1",
          "courseCode": "MGMT320",
          "description": "Innovations for Asia’s Smart Cities",
          "section": "G1",
          "vacancy": "45",
          "openingVacancy": "0",
          "beforeProcessVacancy": "0",
          "DICE": "0",
          "afterProcessVacancy": "0",
          "enrolledStudents": "0",
          "medianBid": "0.00",
          "minBid": "0.00",
          "instructor": " THOMAS MENKHOFF, KAN SIEW NING, THOMAS MENKHOFF, KAN SIEW NING, THOMAS MENKHOFF, KAN SIEW NING",
          "schoolDepartment": "LKCSOB"
        },
        "Round 1 Window 2": {
          "term": "2017-18 Term 3B",
          "session": "Modified Session",
          "biddingWindow": "Round 1 Window 2",
          "courseCode": "MGMT320",
          "description": "Innovations for Asia’s Smart Cities",
          "section": "G1",
          "vacancy": "45",
          "openingVacancy": "0",
          "beforeProcessVacancy": "0",
          "DICE": "0",
          "afterProcessVacancy": "0",
          "enrolledStudents": "0",
          "medianBid": "0.00",
          "minBid": "0.00",
          "instructor": " THOMAS MENKHOFF, KAN SIEW NING, THOMAS MENKHOFF, KAN SIEW NING, THOMAS MENKHOFF, KAN SIEW NING",
          "schoolDepartment": "LKCSOB"
        },
        "Round 1 Window 3": {
          "term": "2017-18 Term 3B",
          "session": "Modified Session",
          "biddingWindow": "Round 1 Window 3",
          "courseCode": "MGMT320",
          "description": "Innovations for Asia’s Smart Cities",
          "section": "G1",
          "vacancy": "45",
          "openingVacancy": "0",
          "beforeProcessVacancy": "0",
          "DICE": "0",
          "afterProcessVacancy": "0",
          "enrolledStudents": "0",
          "medianBid": "0.00",
          "minBid": "0.00",
          "instructor": " THOMAS MENKHOFF, KAN SIEW NING, THOMAS MENKHOFF, KAN SIEW NING, THOMAS MENKHOFF, KAN SIEW NING",
          "schoolDepartment": "LKCSOB"
        },
        "Round 1 Window 4": {
          "term": "2017-18 Term 3B",
          "session": "Modified Session",
          "biddingWindow": "Round 1 Window 4",
          "courseCode": "MGMT320",
          "description": "Innovations for Asia’s Smart Cities",
          "section": "G1",
          "vacancy": "45",
          "openingVacancy": "0",
          "beforeProcessVacancy": "0",
          "DICE": "0",
          "afterProcessVacancy": "0",
          "enrolledStudents": "0",
          "medianBid": "0.00",
          "minBid": "0.00",
          "instructor": " THOMAS MENKHOFF, KAN SIEW NING, THOMAS MENKHOFF, KAN SIEW NING, THOMAS MENKHOFF, KAN SIEW NING",
          "schoolDepartment": "LKCSOB"
        },
        "Round 2 Window 1": {
          "term": "2017-18 Term 3B",
          "session": "Modified Session",
          "biddingWindow": "Round 2 Window 1",
          "courseCode": "MGMT320",
          "description": "Innovations for Asia’s Smart Cities",
          "section": "G1",
          "vacancy": "45",
          "openingVacancy": "0",
          "beforeProcessVacancy": "0",
          "DICE": "0",
          "afterProcessVacancy": "0",
          "enrolledStudents": "0",
          "medianBid": "0.00",
          "minBid": "0.00",
          "instructor": " THOMAS MENKHOFF, KAN SIEW NING, THOMAS MENKHOFF, KAN SIEW NING, THOMAS MENKHOFF, KAN SIEW NING",
          "schoolDepartment": "LKCSOB"
        },
        "Round 2 Window 2": {
          "term": "2017-18 Term 3B",
          "session": "Modified Session",
          "biddingWindow": "Round 2 Window 2",
          "courseCode": "MGMT320",
          "description": "Innovations for Asia’s Smart Cities",
          "section": "G1",
          "vacancy": "45",
          "openingVacancy": "0",
          "beforeProcessVacancy": "0",
          "DICE": "0",
          "afterProcessVacancy": "0",
          "enrolledStudents": "0",
          "medianBid": "0.00",
          "minBid": "0.00",
          "instructor": " THOMAS MENKHOFF, KAN SIEW NING, THOMAS MENKHOFF, KAN SIEW NING, THOMAS MENKHOFF, KAN SIEW NING",
          "schoolDepartment": "LKCSOB"
        },
        "Round 2 Window 3": {
          "term": "2017-18 Term 3B",
          "session": "Modified Session",
          "biddingWindow": "Round 2 Window 3",
          "courseCode": "MGMT320",
          "description": "Innovations for Asia’s Smart Cities",
          "section": "G1",
          "vacancy": "45",
          "openingVacancy": "0",
          "beforeProcessVacancy": "0",
          "DICE": "0",
          "afterProcessVacancy": "0",
          "enrolledStudents": "18",
          "medianBid": "0.00",
          "minBid": "0.00",
          "instructor": " THOMAS MENKHOFF, KAN SIEW NING, THOMAS MENKHOFF, KAN SIEW NING, THOMAS MENKHOFF, KAN SIEW NING",
          "schoolDepartment": "LKCSOB"
        },
        "Round 2 Window 4": {
          "term": "2017-18 Term 3B",
          "session": "Modified Session",
          "biddingWindow": "Round 2 Window 4",
          "courseCode": "MGMT320",
          "description": "Innovations for Asia’s Smart Cities",
          "section": "G1",
          "vacancy": "45",
          "openingVacancy": "0",
          "beforeProcessVacancy": "0",
          "DICE": "0",
          "afterProcessVacancy": "0",
          "enrolledStudents": "18",
          "medianBid": "0.00",
          "minBid": "0.00",
          "instructor": " THOMAS MENKHOFF, KAN SIEW NING, THOMAS MENKHOFF, KAN SIEW NING, THOMAS MENKHOFF, KAN SIEW NING",
          "schoolDepartment": "LKCSOB"
        }
      }
    }
  },
  "OBHR101 Management of People at Work": {
    " MA KHENG MIN, MA KHENG MIN, MA KHENG MIN": {
      "G1": {
        "Round 1 Window 1": {
          "term": "2017-18 Term 3B",
          "session": "Regular Academic Session",
          "biddingWindow": "Round 1 Window 1",
          "courseCode": "OBHR101",
          "description": "Management of People at Work",
          "section": "G1",
          "vacancy": "45",
          "openingVacancy": "45",
          "beforeProcessVacancy": "45",
          "DICE": "0",
          "afterProcessVacancy": "27",
          "enrolledStudents": "18",
          "medianBid": "10.65",
          "minBid": "10.00",
          "instructor": " MA KHENG MIN, MA KHENG MIN, MA KHENG MIN",
          "schoolDepartment": "LKCSOB"
        },
        "Round 1 Window 2": {
          "term": "2017-18 Term 3B",
          "session": "Regular Academic Session",
          "biddingWindow": "Round 1 Window 2",
          "courseCode": "OBHR101",
          "description": "Management of People at Work",
          "section": "G1",
          "vacancy": "45",
          "openingVacancy": "45",
          "beforeProcessVacancy": "27",
          "DICE": "0",
          "afterProcessVacancy": "23",
          "enrolledStudents": "22",
          "medianBid": "11.56",
          "minBid": "10.01",
          "instructor": " MA KHENG MIN, MA KHENG MIN, MA KHENG MIN",
          "schoolDepartment": "LKCSOB"
        },
        "Round 1 Window 3": {
          "term": "2017-18 Term 3B",
          "session": "Regular Academic Session",
          "biddingWindow": "Round 1 Window 3",
          "courseCode": "OBHR101",
          "description": "Management of People at Work",
          "section": "G1",
          "vacancy": "45",
          "openingVacancy": "45",
          "beforeProcessVacancy": "23",
          "DICE": "0",
          "afterProcessVacancy": "22",
          "enrolledStudents": "23",
          "medianBid": "10.00",
          "minBid": "10.00",
          "instructor": " MA KHENG MIN, MA KHENG MIN, MA KHENG MIN",
          "schoolDepartment": "LKCSOB"
        },
        "Round 1 Window 4": {
          "term": "2017-18 Term 3B",
          "session": "Regular Academic Session",
          "biddingWindow": "Round 1 Window 4",
          "courseCode": "OBHR101",
          "description": "Management of People at Work",
          "section": "G1",
          "vacancy": "45",
          "openingVacancy": "45",
          "beforeProcessVacancy": "22",
          "DICE": "0",
          "afterProcessVacancy": "22",
          "enrolledStudents": "23",
          "medianBid": "0.00",
          "minBid": "0.00",
          "instructor": " MA KHENG MIN, MA KHENG MIN, MA KHENG MIN",
          "schoolDepartment": "LKCSOB"
        },
        "Round 2 Window 1": {
          "term": "2017-18 Term 3B",
          "session": "Regular Academic Session",
          "biddingWindow": "Round 2 Window 1",
          "courseCode": "OBHR101",
          "description": "Management of People at Work",
          "section": "G1",
          "vacancy": "45",
          "openingVacancy": "45",
          "beforeProcessVacancy": "23",
          "DICE": "0",
          "afterProcessVacancy": "18",
          "enrolledStudents": "27",
          "medianBid": "11.00",
          "minBid": "10.00",
          "instructor": " MA KHENG MIN, MA KHENG MIN, MA KHENG MIN",
          "schoolDepartment": "LKCSOB"
        },
        "Round 2 Window 2": {
          "term": "2017-18 Term 3B",
          "session": "Regular Academic Session",
          "biddingWindow": "Round 2 Window 2",
          "courseCode": "OBHR101",
          "description": "Management of People at Work",
          "section": "G1",
          "vacancy": "45",
          "openingVacancy": "45",
          "beforeProcessVacancy": "18",
          "DICE": "0",
          "afterProcessVacancy": "18",
          "enrolledStudents": "27",
          "medianBid": "0.00",
          "minBid": "0.00",
          "instructor": " MA KHENG MIN, MA KHENG MIN, MA KHENG MIN",
          "schoolDepartment": "LKCSOB"
        },
        "Round 2 Window 3": {
          "term": "2017-18 Term 3B",
          "session": "Regular Academic Session",
          "biddingWindow": "Round 2 Window 3",
          "courseCode": "OBHR101",
          "description": "Management of People at Work",
          "section": "G1",
          "vacancy": "45",
          "openingVacancy": "45",
          "beforeProcessVacancy": "18",
          "DICE": "0",
          "afterProcessVacancy": "16",
          "enrolledStudents": "29",
          "medianBid": "20.01",
          "minBid": "20.01",
          "instructor": " MA KHENG MIN, MA KHENG MIN, MA KHENG MIN",
          "schoolDepartment": "LKCSOB"
        },
        "Round 2 Window 4": {
          "term": "2017-18 Term 3B",
          "session": "Regular Academic Session",
          "biddingWindow": "Round 2 Window 4",
          "courseCode": "OBHR101",
          "description": "Management of People at Work",
          "section": "G1",
          "vacancy": "45",
          "openingVacancy": "45",
          "beforeProcessVacancy": "16",
          "DICE": "0",
          "afterProcessVacancy": "16",
          "enrolledStudents": "29",
          "medianBid": "0.00",
          "minBid": "0.00",
          "instructor": " MA KHENG MIN, MA KHENG MIN, MA KHENG MIN",
          "schoolDepartment": "LKCSOB"
        }
      }
    }
  },
  "OBHR101 Management of People at Work(SUTD cls, encrg SMU Std enrol)": {
    " MA KHENG MIN, MA KHENG MIN, MA KHENG MIN": {
      "G30": {
        "Round 1 Window 1": {
          "term": "2017-18 Term 3B",
          "session": "Modified Session",
          "biddingWindow": "Round 1 Window 1",
          "courseCode": "OBHR101",
          "description": "Management of People at Work(SUTD cls, encrg SMU Std enrol)",
          "section": "G30",
          "vacancy": "45",
          "openingVacancy": "27",
          "beforeProcessVacancy": "10",
          "DICE": "0",
          "afterProcessVacancy": "1",
          "enrolledStudents": "26",
          "medianBid": "13.49",
          "minBid": "10.00",
          "instructor": " MA KHENG MIN, MA KHENG MIN, MA KHENG MIN",
          "schoolDepartment": "LKCSOB"
        },
        "Round 1 Window 2": {
          "term": "2017-18 Term 3B",
          "session": "Modified Session",
          "biddingWindow": "Round 1 Window 2",
          "courseCode": "OBHR101",
          "description": "Management of People at Work(SUTD cls, encrg SMU Std enrol)",
          "section": "G30",
          "vacancy": "45",
          "openingVacancy": "27",
          "beforeProcessVacancy": "1",
          "DICE": "0",
          "afterProcessVacancy": "0",
          "enrolledStudents": "27",
          "medianBid": "10.41",
          "minBid": "10.41",
          "instructor": " MA KHENG MIN, MA KHENG MIN, MA KHENG MIN",
          "schoolDepartment": "LKCSOB"
        },
        "Round 1 Window 3": {
          "term": "2017-18 Term 3B",
          "session": "Modified Session",
          "biddingWindow": "Round 1 Window 3",
          "courseCode": "OBHR101",
          "description": "Management of People at Work(SUTD cls, encrg SMU Std enrol)",
          "section": "G30",
          "vacancy": "45",
          "openingVacancy": "27",
          "beforeProcessVacancy": "0",
          "DICE": "0",
          "afterProcessVacancy": "0",
          "enrolledStudents": "27",
          "medianBid": "0.00",
          "minBid": "0.00",
          "instructor": " MA KHENG MIN, MA KHENG MIN, MA KHENG MIN",
          "schoolDepartment": "LKCSOB"
        },
        "Round 1 Window 4": {
          "term": "2017-18 Term 3B",
          "session": "Modified Session",
          "biddingWindow": "Round 1 Window 4",
          "courseCode": "OBHR101",
          "description": "Management of People at Work(SUTD cls, encrg SMU Std enrol)",
          "section": "G30",
          "vacancy": "45",
          "openingVacancy": "27",
          "beforeProcessVacancy": "0",
          "DICE": "0",
          "afterProcessVacancy": "0",
          "enrolledStudents": "27",
          "medianBid": "0.00",
          "minBid": "0.00",
          "instructor": " MA KHENG MIN, MA KHENG MIN, MA KHENG MIN",
          "schoolDepartment": "LKCSOB"
        },
        "Round 2 Window 1": {
          "term": "2017-18 Term 3B",
          "session": "Modified Session",
          "biddingWindow": "Round 2 Window 1",
          "courseCode": "OBHR101",
          "description": "Management of People at Work(SUTD cls, encrg SMU Std enrol)",
          "section": "G30",
          "vacancy": "45",
          "openingVacancy": "27",
          "beforeProcessVacancy": "-1",
          "DICE": "0",
          "afterProcessVacancy": "-1",
          "enrolledStudents": "28",
          "medianBid": "0.00",
          "minBid": "0.00",
          "instructor": " MA KHENG MIN, MA KHENG MIN, MA KHENG MIN",
          "schoolDepartment": "LKCSOB"
        },
        "Round 2 Window 2": {
          "term": "2017-18 Term 3B",
          "session": "Modified Session",
          "biddingWindow": "Round 2 Window 2",
          "courseCode": "OBHR101",
          "description": "Management of People at Work(SUTD cls, encrg SMU Std enrol)",
          "section": "G30",
          "vacancy": "45",
          "openingVacancy": "45",
          "beforeProcessVacancy": "19",
          "DICE": "0",
          "afterProcessVacancy": "17",
          "enrolledStudents": "28",
          "medianBid": "12.69",
          "minBid": "10.22",
          "instructor": " MA KHENG MIN, MA KHENG MIN, MA KHENG MIN",
          "schoolDepartment": "LKCSOB"
        },
        "Round 2 Window 3": {
          "term": "2017-18 Term 3B",
          "session": "Modified Session",
          "biddingWindow": "Round 2 Window 3",
          "courseCode": "OBHR101",
          "description": "Management of People at Work(SUTD cls, encrg SMU Std enrol)",
          "section": "G30",
          "vacancy": "45",
          "openingVacancy": "45",
          "beforeProcessVacancy": "17",
          "DICE": "0",
          "afterProcessVacancy": "15",
          "enrolledStudents": "31",
          "medianBid": "16.00",
          "minBid": "12.00",
          "instructor": " MA KHENG MIN, MA KHENG MIN, MA KHENG MIN",
          "schoolDepartment": "LKCSOB"
        },
        "Round 2 Window 4": {
          "term": "2017-18 Term 3B",
          "session": "Modified Session",
          "biddingWindow": "Round 2 Window 4",
          "courseCode": "OBHR101",
          "description": "Management of People at Work(SUTD cls, encrg SMU Std enrol)",
          "section": "G30",
          "vacancy": "45",
          "openingVacancy": "45",
          "beforeProcessVacancy": "15",
          "DICE": "0",
          "afterProcessVacancy": "14",
          "enrolledStudents": "31",
          "medianBid": "10.05",
          "minBid": "10.05",
          "instructor": " MA KHENG MIN, MA KHENG MIN, MA KHENG MIN",
          "schoolDepartment": "LKCSOB"
        }
      }
    }
  },
  "OPIM101 Decision Analysis(SUTD cls, encrg SMU Std enrol)": {
    " LIEW SING LOON, LIEW SING LOON": {
      "G30": {
        "Round 1 Window 1": {
          "term": "2017-18 Term 3B",
          "session": "Modified Session",
          "biddingWindow": "Round 1 Window 1",
          "courseCode": "OPIM101",
          "description": "Decision Analysis(SUTD cls, encrg SMU Std enrol)",
          "section": "G30",
          "vacancy": "45",
          "openingVacancy": "45",
          "beforeProcessVacancy": "30",
          "DICE": "0",
          "afterProcessVacancy": "22",
          "enrolledStudents": "23",
          "medianBid": "11.51",
          "minBid": "10.00",
          "instructor": " LIEW SING LOON, LIEW SING LOON",
          "schoolDepartment": "LKCSOB"
        },
        "Round 1 Window 2": {
          "term": "2017-18 Term 3B",
          "session": "Modified Session",
          "biddingWindow": "Round 1 Window 2",
          "courseCode": "OPIM101",
          "description": "Decision Analysis(SUTD cls, encrg SMU Std enrol)",
          "section": "G30",
          "vacancy": "45",
          "openingVacancy": "45",
          "beforeProcessVacancy": "22",
          "DICE": "0",
          "afterProcessVacancy": "21",
          "enrolledStudents": "24",
          "medianBid": "10.00",
          "minBid": "10.00",
          "instructor": " LIEW SING LOON, LIEW SING LOON",
          "schoolDepartment": "LKCSOB"
        },
        "Round 1 Window 3": {
          "term": "2017-18 Term 3B",
          "session": "Modified Session",
          "biddingWindow": "Round 1 Window 3",
          "courseCode": "OPIM101",
          "description": "Decision Analysis(SUTD cls, encrg SMU Std enrol)",
          "section": "G30",
          "vacancy": "45",
          "openingVacancy": "45",
          "beforeProcessVacancy": "21",
          "DICE": "0",
          "afterProcessVacancy": "21",
          "enrolledStudents": "24",
          "medianBid": "0.00",
          "minBid": "0.00",
          "instructor": " LIEW SING LOON, LIEW SING LOON",
          "schoolDepartment": "LKCSOB"
        },
        "Round 1 Window 4": {
          "term": "2017-18 Term 3B",
          "session": "Modified Session",
          "biddingWindow": "Round 1 Window 4",
          "courseCode": "OPIM101",
          "description": "Decision Analysis(SUTD cls, encrg SMU Std enrol)",
          "section": "G30",
          "vacancy": "45",
          "openingVacancy": "45",
          "beforeProcessVacancy": "21",
          "DICE": "0",
          "afterProcessVacancy": "18",
          "enrolledStudents": "27",
          "medianBid": "10.00",
          "minBid": "10.00",
          "instructor": " LIEW SING LOON, LIEW SING LOON",
          "schoolDepartment": "LKCSOB"
        },
        "Round 2 Window 1": {
          "term": "2017-18 Term 3B",
          "session": "Modified Session",
          "biddingWindow": "Round 2 Window 1",
          "courseCode": "OPIM101",
          "description": "Decision Analysis(SUTD cls, encrg SMU Std enrol)",
          "section": "G30",
          "vacancy": "45",
          "openingVacancy": "45",
          "beforeProcessVacancy": "18",
          "DICE": "0",
          "afterProcessVacancy": "15",
          "enrolledStudents": "30",
          "medianBid": "20.00",
          "minBid": "10.00",
          "instructor": " LIEW SING LOON, LIEW SING LOON",
          "schoolDepartment": "LKCSOB"
        },
        "Round 2 Window 2": {
          "term": "2017-18 Term 3B",
          "session": "Modified Session",
          "biddingWindow": "Round 2 Window 2",
          "courseCode": "OPIM101",
          "description": "Decision Analysis(SUTD cls, encrg SMU Std enrol)",
          "section": "G30",
          "vacancy": "45",
          "openingVacancy": "45",
          "beforeProcessVacancy": "16",
          "DICE": "0",
          "afterProcessVacancy": "15",
          "enrolledStudents": "30",
          "medianBid": "10.02",
          "minBid": "10.02",
          "instructor": " LIEW SING LOON, LIEW SING LOON",
          "schoolDepartment": "LKCSOB"
        },
        "Round 2 Window 3": {
          "term": "2017-18 Term 3B",
          "session": "Modified Session",
          "biddingWindow": "Round 2 Window 3",
          "courseCode": "OPIM101",
          "description": "Decision Analysis(SUTD cls, encrg SMU Std enrol)",
          "section": "G30",
          "vacancy": "45",
          "openingVacancy": "45",
          "beforeProcessVacancy": "15",
          "DICE": "0",
          "afterProcessVacancy": "11",
          "enrolledStudents": "34",
          "medianBid": "10.76",
          "minBid": "10.00",
          "instructor": " LIEW SING LOON, LIEW SING LOON",
          "schoolDepartment": "LKCSOB"
        },
        "Round 2 Window 4": {
          "term": "2017-18 Term 3B",
          "session": "Modified Session",
          "biddingWindow": "Round 2 Window 4",
          "courseCode": "OPIM101",
          "description": "Decision Analysis(SUTD cls, encrg SMU Std enrol)",
          "section": "G30",
          "vacancy": "45",
          "openingVacancy": "45",
          "beforeProcessVacancy": "11",
          "DICE": "0",
          "afterProcessVacancy": "11",
          "enrolledStudents": "34",
          "medianBid": "0.00",
          "minBid": "0.00",
          "instructor": " LIEW SING LOON, LIEW SING LOON",
          "schoolDepartment": "LKCSOB"
        }
      }
    }
  }
}