{
  "COMM120 Intercultural Communication": {
    " ONG SIOW HENG, ONG SIOW HENG, ONG SIOW HENG": {
      "G1": {
        "Round 1 Window 1": {
          "term": "2017-18 Term 3A",
          "session": "Regular Academic Session",
          "biddingWindow": "Round 1 Window 1",
          "courseCode": "COMM120",
          "description": "Intercultural Communication",
          "section": "G1",
          "vacancy": "45",
          "openingVacancy": "45",
          "beforeProcessVacancy": "45",
          "DICE": "0",
          "afterProcessVacancy": "0",
          "enrolledStudents": "45",
          "medianBid": "22.50",
          "minBid": "10.00",
          "instructor": " ONG SIOW HENG, ONG SIOW HENG, ONG SIOW HENG",
          "schoolDepartment": "LKCSOB"
        },
        "Round 1 Window 2": {
          "term": "2017-18 Term 3A",
          "session": "Regular Academic Session",
          "biddingWindow": "Round 1 Window 2",
          "courseCode": "COMM120",
          "description": "Intercultural Communication",
          "section": "G1",
          "vacancy": "45",
          "openingVacancy": "45",
          "beforeProcessVacancy": "1",
          "DICE": "0",
          "afterProcessVacancy": "0",
          "enrolledStudents": "45",
          "medianBid": "75.00",
          "minBid": "75.00",
          "instructor": " ONG SIOW HENG, ONG SIOW HENG, ONG SIOW HENG",
          "schoolDepartment": "LKCSOB"
        },
        "Round 1 Window 3": {
          "term": "2017-18 Term 3A",
          "session": "Regular Academic Session",
          "biddingWindow": "Round 1 Window 3",
          "courseCode": "COMM120",
          "description": "Intercultural Communication",
          "section": "G1",
          "vacancy": "46",
          "openingVacancy": "46",
          "beforeProcessVacancy": "1",
          "DICE": "0",
          "afterProcessVacancy": "1",
          "enrolledStudents": "45",
          "medianBid": "0.00",
          "minBid": "0.00",
          "instructor": " ONG SIOW HENG, ONG SIOW HENG, ONG SIOW HENG",
          "schoolDepartment": "LKCSOB"
        },
        "Round 1 Window 4": {
          "term": "2017-18 Term 3A",
          "session": "Regular Academic Session",
          "biddingWindow": "Round 1 Window 4",
          "courseCode": "COMM120",
          "description": "Intercultural Communication",
          "section": "G1",
          "vacancy": "45",
          "openingVacancy": "45",
          "beforeProcessVacancy": "1",
          "DICE": "0",
          "afterProcessVacancy": "0",
          "enrolledStudents": "45",
          "medianBid": "20.00",
          "minBid": "20.00",
          "instructor": " ONG SIOW HENG, ONG SIOW HENG, ONG SIOW HENG",
          "schoolDepartment": "LKCSOB"
        },
        "Round 2 Window 1": {
          "term": "2017-18 Term 3A",
          "session": "Regular Academic Session",
          "biddingWindow": "Round 2 Window 1",
          "courseCode": "COMM120",
          "description": "Intercultural Communication",
          "section": "G1",
          "vacancy": "45",
          "openingVacancy": "45",
          "beforeProcessVacancy": "8",
          "DICE": "0",
          "afterProcessVacancy": "7",
          "enrolledStudents": "38",
          "medianBid": "40.96",
          "minBid": "40.96",
          "instructor": " ONG SIOW HENG, ONG SIOW HENG, ONG SIOW HENG",
          "schoolDepartment": "LKCSOB"
        },
        "Round 2 Window 2": {
          "term": "2017-18 Term 3A",
          "session": "Regular Academic Session",
          "biddingWindow": "Round 2 Window 2",
          "courseCode": "COMM120",
          "description": "Intercultural Communication",
          "section": "G1",
          "vacancy": "45",
          "openingVacancy": "45",
          "beforeProcessVacancy": "7",
          "DICE": "0",
          "afterProcessVacancy": "7",
          "enrolledStudents": "38",
          "medianBid": "0.00",
          "minBid": "0.00",
          "instructor": " ONG SIOW HENG, ONG SIOW HENG, ONG SIOW HENG",
          "schoolDepartment": "LKCSOB"
        }
      }
    },
    "": {
      "G2": {
        "Round 1 Window 4": {
          "term": "2017-18 Term 3A",
          "session": "Regular Academic Session",
          "biddingWindow": "Round 1 Window 4",
          "courseCode": "COMM120",
          "description": "Intercultural Communication",
          "section": "G2",
          "vacancy": "45",
          "openingVacancy": "45",
          "beforeProcessVacancy": "45",
          "DICE": "0",
          "afterProcessVacancy": "43",
          "enrolledStudents": "2",
          "medianBid": "12.50",
          "minBid": "10.00",
          "instructor": "",
          "schoolDepartment": "LKCSOB"
        }
      }
    }
  },
  "FNCE305 Analysis of Derivative Securities": {
    " HUANG DASHAN, HUANG DASHAN, HUANG DASHAN": {
      "G1": {
        "Round 1 Window 1": {
          "term": "2017-18 Term 3A",
          "session": "Regular Academic Session",
          "biddingWindow": "Round 1 Window 1",
          "courseCode": "FNCE305",
          "description": "Analysis of Derivative Securities",
          "section": "G1",
          "vacancy": "45",
          "openingVacancy": "45",
          "beforeProcessVacancy": "44",
          "DICE": "0",
          "afterProcessVacancy": "33",
          "enrolledStudents": "12",
          "medianBid": "10.56",
          "minBid": "10.00",
          "instructor": " HUANG DASHAN, HUANG DASHAN, HUANG DASHAN",
          "schoolDepartment": "LKCSOB"
        },
        "Round 1 Window 2": {
          "term": "2017-18 Term 3A",
          "session": "Regular Academic Session",
          "biddingWindow": "Round 1 Window 2",
          "courseCode": "FNCE305",
          "description": "Analysis of Derivative Securities",
          "section": "G1",
          "vacancy": "45",
          "openingVacancy": "45",
          "beforeProcessVacancy": "33",
          "DICE": "0",
          "afterProcessVacancy": "31",
          "enrolledStudents": "14",
          "medianBid": "16.00",
          "minBid": "10.00",
          "instructor": " HUANG DASHAN, HUANG DASHAN, HUANG DASHAN",
          "schoolDepartment": "LKCSOB"
        },
        "Round 1 Window 3": {
          "term": "2017-18 Term 3A",
          "session": "Regular Academic Session",
          "biddingWindow": "Round 1 Window 3",
          "courseCode": "FNCE305",
          "description": "Analysis of Derivative Securities",
          "section": "G1",
          "vacancy": "45",
          "openingVacancy": "45",
          "beforeProcessVacancy": "31",
          "DICE": "0",
          "afterProcessVacancy": "30",
          "enrolledStudents": "15",
          "medianBid": "11.11",
          "minBid": "11.11",
          "instructor": " HUANG DASHAN, HUANG DASHAN, HUANG DASHAN",
          "schoolDepartment": "LKCSOB"
        },
        "Round 1 Window 4": {
          "term": "2017-18 Term 3A",
          "session": "Regular Academic Session",
          "biddingWindow": "Round 1 Window 4",
          "courseCode": "FNCE305",
          "description": "Analysis of Derivative Securities",
          "section": "G1",
          "vacancy": "45",
          "openingVacancy": "45",
          "beforeProcessVacancy": "32",
          "DICE": "0",
          "afterProcessVacancy": "31",
          "enrolledStudents": "14",
          "medianBid": "10.01",
          "minBid": "10.01",
          "instructor": " HUANG DASHAN, HUANG DASHAN, HUANG DASHAN",
          "schoolDepartment": "LKCSOB"
        },
        "Round 2 Window 1": {
          "term": "2017-18 Term 3A",
          "session": "Regular Academic Session",
          "biddingWindow": "Round 2 Window 1",
          "courseCode": "FNCE305",
          "description": "Analysis of Derivative Securities",
          "section": "G1",
          "vacancy": "45",
          "openingVacancy": "45",
          "beforeProcessVacancy": "34",
          "DICE": "0",
          "afterProcessVacancy": "33",
          "enrolledStudents": "12",
          "medianBid": "11.00",
          "minBid": "11.00",
          "instructor": " HUANG DASHAN, HUANG DASHAN, HUANG DASHAN",
          "schoolDepartment": "LKCSOB"
        },
        "Round 2 Window 2": {
          "term": "2017-18 Term 3A",
          "session": "Regular Academic Session",
          "biddingWindow": "Round 2 Window 2",
          "courseCode": "FNCE305",
          "description": "Analysis of Derivative Securities",
          "section": "G1",
          "vacancy": "45",
          "openingVacancy": "45",
          "beforeProcessVacancy": "33",
          "DICE": "0",
          "afterProcessVacancy": "33",
          "enrolledStudents": "12",
          "medianBid": "0.00",
          "minBid": "0.00",
          "instructor": " HUANG DASHAN, HUANG DASHAN, HUANG DASHAN",
          "schoolDepartment": "LKCSOB"
        }
      }
    }
  },
  "FTW200 Finishing Touch Workshops (Year Two)": {
    " MAUREEN ONG, MAUREEN ONG, CATHERINE ONG, MAUREEN ONG, MAUREEN ONG": {
      "G1": {
        "Round 2 Window 1": {
          "term": "2017-18 Term 3A",
          "session": "FT Workshop Session",
          "biddingWindow": "Round 2 Window 1",
          "courseCode": "FTW200",
          "description": "Finishing Touch Workshops (Year Two)",
          "section": "G1",
          "vacancy": "45",
          "openingVacancy": "45",
          "beforeProcessVacancy": "14",
          "DICE": "0",
          "afterProcessVacancy": "14",
          "enrolledStudents": "31",
          "medianBid": "0.00",
          "minBid": "0.00",
          "instructor": " MAUREEN ONG, MAUREEN ONG, CATHERINE ONG, MAUREEN ONG, MAUREEN ONG",
          "schoolDepartment": "OCS"
        },
        "Round 2 Window 2": {
          "term": "2017-18 Term 3A",
          "session": "FT Workshop Session",
          "biddingWindow": "Round 2 Window 2",
          "courseCode": "FTW200",
          "description": "Finishing Touch Workshops (Year Two)",
          "section": "G1",
          "vacancy": "45",
          "openingVacancy": "45",
          "beforeProcessVacancy": "14",
          "DICE": "0",
          "afterProcessVacancy": "14",
          "enrolledStudents": "31",
          "medianBid": "0.00",
          "minBid": "0.00",
          "instructor": " MAUREEN ONG, MAUREEN ONG, CATHERINE ONG, MAUREEN ONG, MAUREEN ONG",
          "schoolDepartment": "OCS"
        }
      }
    },
    " STEVEN CHONG, STEVEN CHONG, CATHERINE ONG, STEVEN CHONG, STEVEN CHONG": {
      "G2": {
        "Round 2 Window 1": {
          "term": "2017-18 Term 3A",
          "session": "FT Workshop Session",
          "biddingWindow": "Round 2 Window 1",
          "courseCode": "FTW200",
          "description": "Finishing Touch Workshops (Year Two)",
          "section": "G2",
          "vacancy": "45",
          "openingVacancy": "45",
          "beforeProcessVacancy": "1",
          "DICE": "0",
          "afterProcessVacancy": "1",
          "enrolledStudents": "44",
          "medianBid": "0.00",
          "minBid": "0.00",
          "instructor": " STEVEN CHONG, STEVEN CHONG, CATHERINE ONG, STEVEN CHONG, STEVEN CHONG",
          "schoolDepartment": "OCS"
        },
        "Round 2 Window 2": {
          "term": "2017-18 Term 3A",
          "session": "FT Workshop Session",
          "biddingWindow": "Round 2 Window 2",
          "courseCode": "FTW200",
          "description": "Finishing Touch Workshops (Year Two)",
          "section": "G2",
          "vacancy": "45",
          "openingVacancy": "45",
          "beforeProcessVacancy": "1",
          "DICE": "0",
          "afterProcessVacancy": "1",
          "enrolledStudents": "44",
          "medianBid": "0.00",
          "minBid": "0.00",
          "instructor": " STEVEN CHONG, STEVEN CHONG, CATHERINE ONG, STEVEN CHONG, STEVEN CHONG",
          "schoolDepartment": "OCS"
        }
      }
    },
    " CLEMENT ONG, CLEMENT ONG, SUZENNE ZHENG, STEVEN CHONG, STEVEN CHONG": {
      "G3": {
        "Round 2 Window 1": {
          "term": "2017-18 Term 3A",
          "session": "FT Workshop Session",
          "biddingWindow": "Round 2 Window 1",
          "courseCode": "FTW200",
          "description": "Finishing Touch Workshops (Year Two)",
          "section": "G3",
          "vacancy": "45",
          "openingVacancy": "45",
          "beforeProcessVacancy": "12",
          "DICE": "0",
          "afterProcessVacancy": "12",
          "enrolledStudents": "33",
          "medianBid": "0.00",
          "minBid": "0.00",
          "instructor": " CLEMENT ONG, CLEMENT ONG, SUZENNE ZHENG, STEVEN CHONG, STEVEN CHONG",
          "schoolDepartment": "OCS"
        },
        "Round 2 Window 2": {
          "term": "2017-18 Term 3A",
          "session": "FT Workshop Session",
          "biddingWindow": "Round 2 Window 2",
          "courseCode": "FTW200",
          "description": "Finishing Touch Workshops (Year Two)",
          "section": "G3",
          "vacancy": "45",
          "openingVacancy": "45",
          "beforeProcessVacancy": "12",
          "DICE": "0",
          "afterProcessVacancy": "12",
          "enrolledStudents": "33",
          "medianBid": "0.00",
          "minBid": "0.00",
          "instructor": " CLEMENT ONG, CLEMENT ONG, SUZENNE ZHENG, STEVEN CHONG, STEVEN CHONG",
          "schoolDepartment": "OCS"
        }
      }
    }
  },
  "HUMN009 Why We Work: Different Perspectives on the Value of Work and Play": {
    " SERENA WEE, SERENA WEE, SERENA WEE": {
      "G1": {
        "Round 1 Window 1": {
          "term": "2017-18 Term 3A",
          "session": "Regular Academic Session",
          "biddingWindow": "Round 1 Window 1",
          "courseCode": "HUMN009",
          "description": "Why We Work: Different Perspectives on the Value of Work and Play",
          "section": "G1",
          "vacancy": "45",
          "openingVacancy": "45",
          "beforeProcessVacancy": "45",
          "DICE": "0",
          "afterProcessVacancy": "10",
          "enrolledStudents": "35",
          "medianBid": "20.00",
          "minBid": "10.00",
          "instructor": " SERENA WEE, SERENA WEE, SERENA WEE",
          "schoolDepartment": "SOSS"
        },
        "Round 1 Window 2": {
          "term": "2017-18 Term 3A",
          "session": "Regular Academic Session",
          "biddingWindow": "Round 1 Window 2",
          "courseCode": "HUMN009",
          "description": "Why We Work: Different Perspectives on the Value of Work and Play",
          "section": "G1",
          "vacancy": "45",
          "openingVacancy": "45",
          "beforeProcessVacancy": "11",
          "DICE": "0",
          "afterProcessVacancy": "5",
          "enrolledStudents": "40",
          "medianBid": "20.17",
          "minBid": "10.01",
          "instructor": " SERENA WEE, SERENA WEE, SERENA WEE",
          "schoolDepartment": "SOSS"
        },
        "Round 1 Window 3": {
          "term": "2017-18 Term 3A",
          "session": "Regular Academic Session",
          "biddingWindow": "Round 1 Window 3",
          "courseCode": "HUMN009",
          "description": "Why We Work: Different Perspectives on the Value of Work and Play",
          "section": "G1",
          "vacancy": "45",
          "openingVacancy": "45",
          "beforeProcessVacancy": "6",
          "DICE": "0",
          "afterProcessVacancy": "1",
          "enrolledStudents": "44",
          "medianBid": "18.80",
          "minBid": "15.10",
          "instructor": " SERENA WEE, SERENA WEE, SERENA WEE",
          "schoolDepartment": "SOSS"
        },
        "Round 1 Window 4": {
          "term": "2017-18 Term 3A",
          "session": "Regular Academic Session",
          "biddingWindow": "Round 1 Window 4",
          "courseCode": "HUMN009",
          "description": "Why We Work: Different Perspectives on the Value of Work and Play",
          "section": "G1",
          "vacancy": "45",
          "openingVacancy": "45",
          "beforeProcessVacancy": "2",
          "DICE": "0",
          "afterProcessVacancy": "0",
          "enrolledStudents": "45",
          "medianBid": "30.42",
          "minBid": "25.78",
          "instructor": " SERENA WEE, SERENA WEE, SERENA WEE",
          "schoolDepartment": "SOSS"
        },
        "Round 2 Window 1": {
          "term": "2017-18 Term 3A",
          "session": "Regular Academic Session",
          "biddingWindow": "Round 2 Window 1",
          "courseCode": "HUMN009",
          "description": "Why We Work: Different Perspectives on the Value of Work and Play",
          "section": "G1",
          "vacancy": "45",
          "openingVacancy": "45",
          "beforeProcessVacancy": "6",
          "DICE": "0",
          "afterProcessVacancy": "5",
          "enrolledStudents": "40",
          "medianBid": "40.96",
          "minBid": "40.96",
          "instructor": " SERENA WEE, SERENA WEE, SERENA WEE",
          "schoolDepartment": "SOSS"
        },
        "Round 2 Window 2": {
          "term": "2017-18 Term 3A",
          "session": "Regular Academic Session",
          "biddingWindow": "Round 2 Window 2",
          "courseCode": "HUMN009",
          "description": "Why We Work: Different Perspectives on the Value of Work and Play",
          "section": "G1",
          "vacancy": "45",
          "openingVacancy": "45",
          "beforeProcessVacancy": "5",
          "DICE": "0",
          "afterProcessVacancy": "5",
          "enrolledStudents": "40",
          "medianBid": "0.00",
          "minBid": "0.00",
          "instructor": " SERENA WEE, SERENA WEE, SERENA WEE",
          "schoolDepartment": "SOSS"
        }
      }
    }
  },
  "LAW414 International Commercialisation of Intellectual Property Rights": {
    " DAVID LLEWELYN, DAVID LLEWELYN, DAVID LLEWELYN": {
      "G1": {
        "Round 1 Window 1": {
          "term": "2017-18 Term 3A",
          "session": "Regular Academic Session",
          "biddingWindow": "Round 1 Window 1",
          "courseCode": "LAW414",
          "description": "International Commercialisation of Intellectual Property Rights",
          "section": "G1",
          "vacancy": "15",
          "openingVacancy": "15",
          "beforeProcessVacancy": "15",
          "DICE": "0",
          "afterProcessVacancy": "4",
          "enrolledStudents": "11",
          "medianBid": "24.50",
          "minBid": "10.00",
          "instructor": " DAVID LLEWELYN, DAVID LLEWELYN, DAVID LLEWELYN",
          "schoolDepartment": "SOL"
        },
        "Round 1 Window 2": {
          "term": "2017-18 Term 3A",
          "session": "Regular Academic Session",
          "biddingWindow": "Round 1 Window 2",
          "courseCode": "LAW414",
          "description": "International Commercialisation of Intellectual Property Rights",
          "section": "G1",
          "vacancy": "15",
          "openingVacancy": "15",
          "beforeProcessVacancy": "5",
          "DICE": "0",
          "afterProcessVacancy": "1",
          "enrolledStudents": "14",
          "medianBid": "15.50",
          "minBid": "10.01",
          "instructor": " DAVID LLEWELYN, DAVID LLEWELYN, DAVID LLEWELYN",
          "schoolDepartment": "SOL"
        },
        "Round 1 Window 3": {
          "term": "2017-18 Term 3A",
          "session": "Regular Academic Session",
          "biddingWindow": "Round 1 Window 3",
          "courseCode": "LAW414",
          "description": "International Commercialisation of Intellectual Property Rights",
          "section": "G1",
          "vacancy": "15",
          "openingVacancy": "15",
          "beforeProcessVacancy": "1",
          "DICE": "0",
          "afterProcessVacancy": "0",
          "enrolledStudents": "15",
          "medianBid": "10.01",
          "minBid": "10.01",
          "instructor": " DAVID LLEWELYN, DAVID LLEWELYN, DAVID LLEWELYN",
          "schoolDepartment": "SOL"
        },
        "Round 1 Window 4": {
          "term": "2017-18 Term 3A",
          "session": "Regular Academic Session",
          "biddingWindow": "Round 1 Window 4",
          "courseCode": "LAW414",
          "description": "International Commercialisation of Intellectual Property Rights",
          "section": "G1",
          "vacancy": "15",
          "openingVacancy": "15",
          "beforeProcessVacancy": "0",
          "DICE": "0",
          "afterProcessVacancy": "0",
          "enrolledStudents": "15",
          "medianBid": "0.00",
          "minBid": "0.00",
          "instructor": " DAVID LLEWELYN, DAVID LLEWELYN, DAVID LLEWELYN",
          "schoolDepartment": "SOL"
        },
        "Round 2 Window 1": {
          "term": "2017-18 Term 3A",
          "session": "Regular Academic Session",
          "biddingWindow": "Round 2 Window 1",
          "courseCode": "LAW414",
          "description": "International Commercialisation of Intellectual Property Rights",
          "section": "G1",
          "vacancy": "15",
          "openingVacancy": "15",
          "beforeProcessVacancy": "2",
          "DICE": "0",
          "afterProcessVacancy": "2",
          "enrolledStudents": "13",
          "medianBid": "0.00",
          "minBid": "0.00",
          "instructor": " DAVID LLEWELYN, DAVID LLEWELYN, DAVID LLEWELYN",
          "schoolDepartment": "SOL"
        },
        "Round 2 Window 2": {
          "term": "2017-18 Term 3A",
          "session": "Regular Academic Session",
          "biddingWindow": "Round 2 Window 2",
          "courseCode": "LAW414",
          "description": "International Commercialisation of Intellectual Property Rights",
          "section": "G1",
          "vacancy": "15",
          "openingVacancy": "15",
          "beforeProcessVacancy": "2",
          "DICE": "0",
          "afterProcessVacancy": "2",
          "enrolledStudents": "13",
          "medianBid": "0.00",
          "minBid": "0.00",
          "instructor": " DAVID LLEWELYN, DAVID LLEWELYN, DAVID LLEWELYN",
          "schoolDepartment": "SOL"
        }
      },
      "G51": {
        "Round 1 Window 1": {
          "term": "2017-18 Term 3A",
          "session": "Regular Academic Session",
          "biddingWindow": "Round 1 Window 1",
          "courseCode": "LAW414",
          "description": "International Commercialisation of Intellectual Property Rights",
          "section": "G51",
          "vacancy": "30",
          "openingVacancy": "30",
          "beforeProcessVacancy": "30",
          "DICE": "0",
          "afterProcessVacancy": "8",
          "enrolledStudents": "22",
          "medianBid": "38.00",
          "minBid": "10.00",
          "instructor": " DAVID LLEWELYN, DAVID LLEWELYN, DAVID LLEWELYN",
          "schoolDepartment": "SOL"
        },
        "Round 1 Window 2": {
          "term": "2017-18 Term 3A",
          "session": "Regular Academic Session",
          "biddingWindow": "Round 1 Window 2",
          "courseCode": "LAW414",
          "description": "International Commercialisation of Intellectual Property Rights",
          "section": "G51",
          "vacancy": "30",
          "openingVacancy": "30",
          "beforeProcessVacancy": "10",
          "DICE": "0",
          "afterProcessVacancy": "4",
          "enrolledStudents": "26",
          "medianBid": "15.00",
          "minBid": "10.00",
          "instructor": " DAVID LLEWELYN, DAVID LLEWELYN, DAVID LLEWELYN",
          "schoolDepartment": "SOL"
        },
        "Round 1 Window 3": {
          "term": "2017-18 Term 3A",
          "session": "Regular Academic Session",
          "biddingWindow": "Round 1 Window 3",
          "courseCode": "LAW414",
          "description": "International Commercialisation of Intellectual Property Rights",
          "section": "G51",
          "vacancy": "30",
          "openingVacancy": "30",
          "beforeProcessVacancy": "5",
          "DICE": "0",
          "afterProcessVacancy": "4",
          "enrolledStudents": "26",
          "medianBid": "15.00",
          "minBid": "15.00",
          "instructor": " DAVID LLEWELYN, DAVID LLEWELYN, DAVID LLEWELYN",
          "schoolDepartment": "SOL"
        },
        "Round 1 Window 4": {
          "term": "2017-18 Term 3A",
          "session": "Regular Academic Session",
          "biddingWindow": "Round 1 Window 4",
          "courseCode": "LAW414",
          "description": "International Commercialisation of Intellectual Property Rights",
          "section": "G51",
          "vacancy": "30",
          "openingVacancy": "30",
          "beforeProcessVacancy": "4",
          "DICE": "0",
          "afterProcessVacancy": "4",
          "enrolledStudents": "26",
          "medianBid": "0.00",
          "minBid": "0.00",
          "instructor": " DAVID LLEWELYN, DAVID LLEWELYN, DAVID LLEWELYN",
          "schoolDepartment": "SOL"
        },
        "Round 2 Window 1": {
          "term": "2017-18 Term 3A",
          "session": "Regular Academic Session",
          "biddingWindow": "Round 2 Window 1",
          "courseCode": "LAW414",
          "description": "International Commercialisation of Intellectual Property Rights",
          "section": "G51",
          "vacancy": "30",
          "openingVacancy": "30",
          "beforeProcessVacancy": "11",
          "DICE": "0",
          "afterProcessVacancy": "10",
          "enrolledStudents": "20",
          "medianBid": "109.76",
          "minBid": "109.76",
          "instructor": " DAVID LLEWELYN, DAVID LLEWELYN, DAVID LLEWELYN",
          "schoolDepartment": "SOL"
        },
        "Round 2 Window 2": {
          "term": "2017-18 Term 3A",
          "session": "Regular Academic Session",
          "biddingWindow": "Round 2 Window 2",
          "courseCode": "LAW414",
          "description": "International Commercialisation of Intellectual Property Rights",
          "section": "G51",
          "vacancy": "30",
          "openingVacancy": "30",
          "beforeProcessVacancy": "10",
          "DICE": "0",
          "afterProcessVacancy": "10",
          "enrolledStudents": "20",
          "medianBid": "0.00",
          "minBid": "0.00",
          "instructor": " DAVID LLEWELYN, DAVID LLEWELYN, DAVID LLEWELYN",
          "schoolDepartment": "SOL"
        }
      }
    }
  },
  "LAW463 Intellectual Assets and the Law in Asian Economies": {
    " LIU KUNG-CHUNG, LIU KUNG-CHUNG, LIU KUNG-CHUNG": {
      "G1": {
        "Round 1 Window 1": {
          "term": "2017-18 Term 3A",
          "session": "Regular Academic Session",
          "biddingWindow": "Round 1 Window 1",
          "courseCode": "LAW463",
          "description": "Intellectual Assets and the Law in Asian Economies",
          "section": "G1",
          "vacancy": "15",
          "openingVacancy": "15",
          "beforeProcessVacancy": "15",
          "DICE": "0",
          "afterProcessVacancy": "12",
          "enrolledStudents": "3",
          "medianBid": "20.00",
          "minBid": "12.00",
          "instructor": " LIU KUNG-CHUNG, LIU KUNG-CHUNG, LIU KUNG-CHUNG",
          "schoolDepartment": "SOL"
        },
        "Round 1 Window 2": {
          "term": "2017-18 Term 3A",
          "session": "Regular Academic Session",
          "biddingWindow": "Round 1 Window 2",
          "courseCode": "LAW463",
          "description": "Intellectual Assets and the Law in Asian Economies",
          "section": "G1",
          "vacancy": "15",
          "openingVacancy": "15",
          "beforeProcessVacancy": "12",
          "DICE": "0",
          "afterProcessVacancy": "11",
          "enrolledStudents": "4",
          "medianBid": "10.89",
          "minBid": "10.89",
          "instructor": " LIU KUNG-CHUNG, LIU KUNG-CHUNG, LIU KUNG-CHUNG",
          "schoolDepartment": "SOL"
        },
        "Round 1 Window 3": {
          "term": "2017-18 Term 3A",
          "session": "Regular Academic Session",
          "biddingWindow": "Round 1 Window 3",
          "courseCode": "LAW463",
          "description": "Intellectual Assets and the Law in Asian Economies",
          "section": "G1",
          "vacancy": "15",
          "openingVacancy": "15",
          "beforeProcessVacancy": "12",
          "DICE": "0",
          "afterProcessVacancy": "10",
          "enrolledStudents": "5",
          "medianBid": "10.00",
          "minBid": "10.00",
          "instructor": " LIU KUNG-CHUNG, LIU KUNG-CHUNG, LIU KUNG-CHUNG",
          "schoolDepartment": "SOL"
        },
        "Round 1 Window 4": {
          "term": "2017-18 Term 3A",
          "session": "Regular Academic Session",
          "biddingWindow": "Round 1 Window 4",
          "courseCode": "LAW463",
          "description": "Intellectual Assets and the Law in Asian Economies",
          "section": "G1",
          "vacancy": "15",
          "openingVacancy": "15",
          "beforeProcessVacancy": "10",
          "DICE": "0",
          "afterProcessVacancy": "10",
          "enrolledStudents": "5",
          "medianBid": "0.00",
          "minBid": "0.00",
          "instructor": " LIU KUNG-CHUNG, LIU KUNG-CHUNG, LIU KUNG-CHUNG",
          "schoolDepartment": "SOL"
        },
        "Round 2 Window 1": {
          "term": "2017-18 Term 3A",
          "session": "Regular Academic Session",
          "biddingWindow": "Round 2 Window 1",
          "courseCode": "LAW463",
          "description": "Intellectual Assets and the Law in Asian Economies",
          "section": "G1",
          "vacancy": "15",
          "openingVacancy": "15",
          "beforeProcessVacancy": "10",
          "DICE": "0",
          "afterProcessVacancy": "9",
          "enrolledStudents": "6",
          "medianBid": "20.00",
          "minBid": "20.00",
          "instructor": " LIU KUNG-CHUNG, LIU KUNG-CHUNG, LIU KUNG-CHUNG",
          "schoolDepartment": "SOL"
        },
        "Round 2 Window 2": {
          "term": "2017-18 Term 3A",
          "session": "Regular Academic Session",
          "biddingWindow": "Round 2 Window 2",
          "courseCode": "LAW463",
          "description": "Intellectual Assets and the Law in Asian Economies",
          "section": "G1",
          "vacancy": "15",
          "openingVacancy": "15",
          "beforeProcessVacancy": "9",
          "DICE": "0",
          "afterProcessVacancy": "9",
          "enrolledStudents": "6",
          "medianBid": "0.00",
          "minBid": "0.00",
          "instructor": " LIU KUNG-CHUNG, LIU KUNG-CHUNG, LIU KUNG-CHUNG",
          "schoolDepartment": "SOL"
        }
      },
      "G51": {
        "Round 1 Window 1": {
          "term": "2017-18 Term 3A",
          "session": "Regular Academic Session",
          "biddingWindow": "Round 1 Window 1",
          "courseCode": "LAW463",
          "description": "Intellectual Assets and the Law in Asian Economies",
          "section": "G51",
          "vacancy": "30",
          "openingVacancy": "30",
          "beforeProcessVacancy": "30",
          "DICE": "0",
          "afterProcessVacancy": "25",
          "enrolledStudents": "5",
          "medianBid": "30.00",
          "minBid": "12.00",
          "instructor": " LIU KUNG-CHUNG, LIU KUNG-CHUNG, LIU KUNG-CHUNG",
          "schoolDepartment": "SOL"
        },
        "Round 1 Window 2": {
          "term": "2017-18 Term 3A",
          "session": "Regular Academic Session",
          "biddingWindow": "Round 1 Window 2",
          "courseCode": "LAW463",
          "description": "Intellectual Assets and the Law in Asian Economies",
          "section": "G51",
          "vacancy": "30",
          "openingVacancy": "30",
          "beforeProcessVacancy": "25",
          "DICE": "0",
          "afterProcessVacancy": "25",
          "enrolledStudents": "5",
          "medianBid": "0.00",
          "minBid": "0.00",
          "instructor": " LIU KUNG-CHUNG, LIU KUNG-CHUNG, LIU KUNG-CHUNG",
          "schoolDepartment": "SOL"
        },
        "Round 1 Window 3": {
          "term": "2017-18 Term 3A",
          "session": "Regular Academic Session",
          "biddingWindow": "Round 1 Window 3",
          "courseCode": "LAW463",
          "description": "Intellectual Assets and the Law in Asian Economies",
          "section": "G51",
          "vacancy": "30",
          "openingVacancy": "30",
          "beforeProcessVacancy": "26",
          "DICE": "0",
          "afterProcessVacancy": "26",
          "enrolledStudents": "4",
          "medianBid": "0.00",
          "minBid": "0.00",
          "instructor": " LIU KUNG-CHUNG, LIU KUNG-CHUNG, LIU KUNG-CHUNG",
          "schoolDepartment": "SOL"
        },
        "Round 1 Window 4": {
          "term": "2017-18 Term 3A",
          "session": "Regular Academic Session",
          "biddingWindow": "Round 1 Window 4",
          "courseCode": "LAW463",
          "description": "Intellectual Assets and the Law in Asian Economies",
          "section": "G51",
          "vacancy": "30",
          "openingVacancy": "30",
          "beforeProcessVacancy": "26",
          "DICE": "0",
          "afterProcessVacancy": "26",
          "enrolledStudents": "4",
          "medianBid": "0.00",
          "minBid": "0.00",
          "instructor": " LIU KUNG-CHUNG, LIU KUNG-CHUNG, LIU KUNG-CHUNG",
          "schoolDepartment": "SOL"
        },
        "Round 2 Window 1": {
          "term": "2017-18 Term 3A",
          "session": "Regular Academic Session",
          "biddingWindow": "Round 2 Window 1",
          "courseCode": "LAW463",
          "description": "Intellectual Assets and the Law in Asian Economies",
          "section": "G51",
          "vacancy": "30",
          "openingVacancy": "30",
          "beforeProcessVacancy": "28",
          "DICE": "0",
          "afterProcessVacancy": "28",
          "enrolledStudents": "2",
          "medianBid": "0.00",
          "minBid": "0.00",
          "instructor": " LIU KUNG-CHUNG, LIU KUNG-CHUNG, LIU KUNG-CHUNG",
          "schoolDepartment": "SOL"
        },
        "Round 2 Window 2": {
          "term": "2017-18 Term 3A",
          "session": "Regular Academic Session",
          "biddingWindow": "Round 2 Window 2",
          "courseCode": "LAW463",
          "description": "Intellectual Assets and the Law in Asian Economies",
          "section": "G51",
          "vacancy": "30",
          "openingVacancy": "30",
          "beforeProcessVacancy": "28",
          "DICE": "0",
          "afterProcessVacancy": "28",
          "enrolledStudents": "2",
          "medianBid": "0.00",
          "minBid": "0.00",
          "instructor": " LIU KUNG-CHUNG, LIU KUNG-CHUNG, LIU KUNG-CHUNG",
          "schoolDepartment": "SOL"
        }
      }
    }
  },
  "LAW470 Comparative Constitutional Law: Cultures, Continents and Constitutions": {
    " HOWARD HUNTER, HOWARD HUNTER, HOWARD HUNTER": {
      "G1": {
        "Round 1 Window 1": {
          "term": "2017-18 Term 3A",
          "session": "Regular Academic Session",
          "biddingWindow": "Round 1 Window 1",
          "courseCode": "LAW470",
          "description": "Comparative Constitutional Law: Cultures, Continents and Constitutions",
          "section": "G1",
          "vacancy": "15",
          "openingVacancy": "15",
          "beforeProcessVacancy": "15",
          "DICE": "0",
          "afterProcessVacancy": "8",
          "enrolledStudents": "7",
          "medianBid": "18.00",
          "minBid": "11.62",
          "instructor": " HOWARD HUNTER, HOWARD HUNTER, HOWARD HUNTER",
          "schoolDepartment": "SOL"
        },
        "Round 1 Window 2": {
          "term": "2017-18 Term 3A",
          "session": "Regular Academic Session",
          "biddingWindow": "Round 1 Window 2",
          "courseCode": "LAW470",
          "description": "Comparative Constitutional Law: Cultures, Continents and Constitutions",
          "section": "G1",
          "vacancy": "15",
          "openingVacancy": "15",
          "beforeProcessVacancy": "8",
          "DICE": "0",
          "afterProcessVacancy": "8",
          "enrolledStudents": "7",
          "medianBid": "0.00",
          "minBid": "0.00",
          "instructor": " HOWARD HUNTER, HOWARD HUNTER, HOWARD HUNTER",
          "schoolDepartment": "SOL"
        },
        "Round 1 Window 3": {
          "term": "2017-18 Term 3A",
          "session": "Regular Academic Session",
          "biddingWindow": "Round 1 Window 3",
          "courseCode": "LAW470",
          "description": "Comparative Constitutional Law: Cultures, Continents and Constitutions",
          "section": "G1",
          "vacancy": "15",
          "openingVacancy": "15",
          "beforeProcessVacancy": "8",
          "DICE": "0",
          "afterProcessVacancy": "8",
          "enrolledStudents": "7",
          "medianBid": "0.00",
          "minBid": "0.00",
          "instructor": " HOWARD HUNTER, HOWARD HUNTER, HOWARD HUNTER",
          "schoolDepartment": "SOL"
        },
        "Round 1 Window 4": {
          "term": "2017-18 Term 3A",
          "session": "Regular Academic Session",
          "biddingWindow": "Round 1 Window 4",
          "courseCode": "LAW470",
          "description": "Comparative Constitutional Law: Cultures, Continents and Constitutions",
          "section": "G1",
          "vacancy": "15",
          "openingVacancy": "15",
          "beforeProcessVacancy": "9",
          "DICE": "0",
          "afterProcessVacancy": "9",
          "enrolledStudents": "6",
          "medianBid": "0.00",
          "minBid": "0.00",
          "instructor": " HOWARD HUNTER, HOWARD HUNTER, HOWARD HUNTER",
          "schoolDepartment": "SOL"
        },
        "Round 2 Window 1": {
          "term": "2017-18 Term 3A",
          "session": "Regular Academic Session",
          "biddingWindow": "Round 2 Window 1",
          "courseCode": "LAW470",
          "description": "Comparative Constitutional Law: Cultures, Continents and Constitutions",
          "section": "G1",
          "vacancy": "15",
          "openingVacancy": "15",
          "beforeProcessVacancy": "10",
          "DICE": "0",
          "afterProcessVacancy": "10",
          "enrolledStudents": "5",
          "medianBid": "0.00",
          "minBid": "0.00",
          "instructor": " HOWARD HUNTER, HOWARD HUNTER, HOWARD HUNTER",
          "schoolDepartment": "SOL"
        },
        "Round 2 Window 2": {
          "term": "2017-18 Term 3A",
          "session": "Regular Academic Session",
          "biddingWindow": "Round 2 Window 2",
          "courseCode": "LAW470",
          "description": "Comparative Constitutional Law: Cultures, Continents and Constitutions",
          "section": "G1",
          "vacancy": "15",
          "openingVacancy": "15",
          "beforeProcessVacancy": "10",
          "DICE": "0",
          "afterProcessVacancy": "10",
          "enrolledStudents": "5",
          "medianBid": "0.00",
          "minBid": "0.00",
          "instructor": " HOWARD HUNTER, HOWARD HUNTER, HOWARD HUNTER",
          "schoolDepartment": "SOL"
        }
      },
      "G51": {
        "Round 1 Window 1": {
          "term": "2017-18 Term 3A",
          "session": "Regular Academic Session",
          "biddingWindow": "Round 1 Window 1",
          "courseCode": "LAW470",
          "description": "Comparative Constitutional Law: Cultures, Continents and Constitutions",
          "section": "G51",
          "vacancy": "30",
          "openingVacancy": "30",
          "beforeProcessVacancy": "30",
          "DICE": "0",
          "afterProcessVacancy": "14",
          "enrolledStudents": "16",
          "medianBid": "13.76",
          "minBid": "10.00",
          "instructor": " HOWARD HUNTER, HOWARD HUNTER, HOWARD HUNTER",
          "schoolDepartment": "SOL"
        },
        "Round 1 Window 2": {
          "term": "2017-18 Term 3A",
          "session": "Regular Academic Session",
          "biddingWindow": "Round 1 Window 2",
          "courseCode": "LAW470",
          "description": "Comparative Constitutional Law: Cultures, Continents and Constitutions",
          "section": "G51",
          "vacancy": "30",
          "openingVacancy": "30",
          "beforeProcessVacancy": "16",
          "DICE": "0",
          "afterProcessVacancy": "13",
          "enrolledStudents": "17",
          "medianBid": "10.00",
          "minBid": "10.00",
          "instructor": " HOWARD HUNTER, HOWARD HUNTER, HOWARD HUNTER",
          "schoolDepartment": "SOL"
        },
        "Round 1 Window 3": {
          "term": "2017-18 Term 3A",
          "session": "Regular Academic Session",
          "biddingWindow": "Round 1 Window 3",
          "courseCode": "LAW470",
          "description": "Comparative Constitutional Law: Cultures, Continents and Constitutions",
          "section": "G51",
          "vacancy": "30",
          "openingVacancy": "30",
          "beforeProcessVacancy": "13",
          "DICE": "0",
          "afterProcessVacancy": "13",
          "enrolledStudents": "17",
          "medianBid": "0.00",
          "minBid": "0.00",
          "instructor": " HOWARD HUNTER, HOWARD HUNTER, HOWARD HUNTER",
          "schoolDepartment": "SOL"
        },
        "Round 1 Window 4": {
          "term": "2017-18 Term 3A",
          "session": "Regular Academic Session",
          "biddingWindow": "Round 1 Window 4",
          "courseCode": "LAW470",
          "description": "Comparative Constitutional Law: Cultures, Continents and Constitutions",
          "section": "G51",
          "vacancy": "30",
          "openingVacancy": "30",
          "beforeProcessVacancy": "13",
          "DICE": "0",
          "afterProcessVacancy": "13",
          "enrolledStudents": "17",
          "medianBid": "0.00",
          "minBid": "0.00",
          "instructor": " HOWARD HUNTER, HOWARD HUNTER, HOWARD HUNTER",
          "schoolDepartment": "SOL"
        },
        "Round 2 Window 1": {
          "term": "2017-18 Term 3A",
          "session": "Regular Academic Session",
          "biddingWindow": "Round 2 Window 1",
          "courseCode": "LAW470",
          "description": "Comparative Constitutional Law: Cultures, Continents and Constitutions",
          "section": "G51",
          "vacancy": "30",
          "openingVacancy": "30",
          "beforeProcessVacancy": "15",
          "DICE": "0",
          "afterProcessVacancy": "13",
          "enrolledStudents": "17",
          "medianBid": "10.01",
          "minBid": "10.00",
          "instructor": " HOWARD HUNTER, HOWARD HUNTER, HOWARD HUNTER",
          "schoolDepartment": "SOL"
        },
        "Round 2 Window 2": {
          "term": "2017-18 Term 3A",
          "session": "Regular Academic Session",
          "biddingWindow": "Round 2 Window 2",
          "courseCode": "LAW470",
          "description": "Comparative Constitutional Law: Cultures, Continents and Constitutions",
          "section": "G51",
          "vacancy": "30",
          "openingVacancy": "30",
          "beforeProcessVacancy": "14",
          "DICE": "0",
          "afterProcessVacancy": "14",
          "enrolledStudents": "16",
          "medianBid": "0.00",
          "minBid": "0.00",
          "instructor": " HOWARD HUNTER, HOWARD HUNTER, HOWARD HUNTER",
          "schoolDepartment": "SOL"
        }
      }
    }
  },
  "MGMT003 Business, Government and Society(SUTD cls, encrg SMU Std enrol)": {
    " FRANCIS PAVRI, FRANCIS PAVRI": {
      "G30": {
        "Round 1 Window 1": {
          "term": "2017-18 Term 3A",
          "session": "Modified Session",
          "biddingWindow": "Round 1 Window 1",
          "courseCode": "MGMT003",
          "description": "Business, Government and Society(SUTD cls, encrg SMU Std enrol)",
          "section": "G30",
          "vacancy": "45",
          "openingVacancy": "45",
          "beforeProcessVacancy": "28",
          "DICE": "0",
          "afterProcessVacancy": "13",
          "enrolledStudents": "32",
          "medianBid": "19.99",
          "minBid": "11.00",
          "instructor": " FRANCIS PAVRI, FRANCIS PAVRI",
          "schoolDepartment": "LKCSOB"
        },
        "Round 1 Window 2": {
          "term": "2017-18 Term 3A",
          "session": "Modified Session",
          "biddingWindow": "Round 1 Window 2",
          "courseCode": "MGMT003",
          "description": "Business, Government and Society(SUTD cls, encrg SMU Std enrol)",
          "section": "G30",
          "vacancy": "45",
          "openingVacancy": "45",
          "beforeProcessVacancy": "14",
          "DICE": "0",
          "afterProcessVacancy": "11",
          "enrolledStudents": "34",
          "medianBid": "20.00",
          "minBid": "10.10",
          "instructor": " FRANCIS PAVRI, FRANCIS PAVRI",
          "schoolDepartment": "LKCSOB"
        },
        "Round 1 Window 3": {
          "term": "2017-18 Term 3A",
          "session": "Modified Session",
          "biddingWindow": "Round 1 Window 3",
          "courseCode": "MGMT003",
          "description": "Business, Government and Society(SUTD cls, encrg SMU Std enrol)",
          "section": "G30",
          "vacancy": "45",
          "openingVacancy": "45",
          "beforeProcessVacancy": "11",
          "DICE": "0",
          "afterProcessVacancy": "11",
          "enrolledStudents": "34",
          "medianBid": "0.00",
          "minBid": "0.00",
          "instructor": " FRANCIS PAVRI, FRANCIS PAVRI",
          "schoolDepartment": "LKCSOB"
        },
        "Round 1 Window 4": {
          "term": "2017-18 Term 3A",
          "session": "Modified Session",
          "biddingWindow": "Round 1 Window 4",
          "courseCode": "MGMT003",
          "description": "Business, Government and Society(SUTD cls, encrg SMU Std enrol)",
          "section": "G30",
          "vacancy": "45",
          "openingVacancy": "45",
          "beforeProcessVacancy": "11",
          "DICE": "0",
          "afterProcessVacancy": "11",
          "enrolledStudents": "34",
          "medianBid": "0.00",
          "minBid": "0.00",
          "instructor": " FRANCIS PAVRI, FRANCIS PAVRI",
          "schoolDepartment": "LKCSOB"
        },
        "Round 2 Window 1": {
          "term": "2017-18 Term 3A",
          "session": "Modified Session",
          "biddingWindow": "Round 2 Window 1",
          "courseCode": "MGMT003",
          "description": "Business, Government and Society(SUTD cls, encrg SMU Std enrol)",
          "section": "G30",
          "vacancy": "45",
          "openingVacancy": "45",
          "beforeProcessVacancy": "11",
          "DICE": "0",
          "afterProcessVacancy": "11",
          "enrolledStudents": "34",
          "medianBid": "0.00",
          "minBid": "0.00",
          "instructor": " FRANCIS PAVRI, FRANCIS PAVRI",
          "schoolDepartment": "LKCSOB"
        },
        "Round 2 Window 2": {
          "term": "2017-18 Term 3A",
          "session": "Modified Session",
          "biddingWindow": "Round 2 Window 2",
          "courseCode": "MGMT003",
          "description": "Business, Government and Society(SUTD cls, encrg SMU Std enrol)",
          "section": "G30",
          "vacancy": "45",
          "openingVacancy": "45",
          "beforeProcessVacancy": "11",
          "DICE": "0",
          "afterProcessVacancy": "11",
          "enrolledStudents": "34",
          "medianBid": "0.00",
          "minBid": "0.00",
          "instructor": " FRANCIS PAVRI, FRANCIS PAVRI",
          "schoolDepartment": "LKCSOB"
        }
      }
    }
  },
  "MGMT102 Strategy(SUTD cls, encrg SMU Std enrol)": {
    " VICTOR GOH, VICTOR GOH": {
      "G30": {
        "Round 1 Window 1": {
          "term": "2017-18 Term 3A",
          "session": "Modified Session",
          "biddingWindow": "Round 1 Window 1",
          "courseCode": "MGMT102",
          "description": "Strategy(SUTD cls, encrg SMU Std enrol)",
          "section": "G30",
          "vacancy": "45",
          "openingVacancy": "45",
          "beforeProcessVacancy": "26",
          "DICE": "0",
          "afterProcessVacancy": "0",
          "enrolledStudents": "45",
          "medianBid": "20.09",
          "minBid": "10.93",
          "instructor": " VICTOR GOH, VICTOR GOH",
          "schoolDepartment": "LKCSOB"
        },
        "Round 1 Window 2": {
          "term": "2017-18 Term 3A",
          "session": "Modified Session",
          "biddingWindow": "Round 1 Window 2",
          "courseCode": "MGMT102",
          "description": "Strategy(SUTD cls, encrg SMU Std enrol)",
          "section": "G30",
          "vacancy": "45",
          "openingVacancy": "45",
          "beforeProcessVacancy": "0",
          "DICE": "0",
          "afterProcessVacancy": "0",
          "enrolledStudents": "45",
          "medianBid": "0.00",
          "minBid": "0.00",
          "instructor": " VICTOR GOH, VICTOR GOH",
          "schoolDepartment": "LKCSOB"
        },
        "Round 1 Window 3": {
          "term": "2017-18 Term 3A",
          "session": "Modified Session",
          "biddingWindow": "Round 1 Window 3",
          "courseCode": "MGMT102",
          "description": "Strategy(SUTD cls, encrg SMU Std enrol)",
          "section": "G30",
          "vacancy": "45",
          "openingVacancy": "45",
          "beforeProcessVacancy": "0",
          "DICE": "0",
          "afterProcessVacancy": "0",
          "enrolledStudents": "45",
          "medianBid": "0.00",
          "minBid": "0.00",
          "instructor": " VICTOR GOH, VICTOR GOH",
          "schoolDepartment": "LKCSOB"
        },
        "Round 1 Window 4": {
          "term": "2017-18 Term 3A",
          "session": "Modified Session",
          "biddingWindow": "Round 1 Window 4",
          "courseCode": "MGMT102",
          "description": "Strategy(SUTD cls, encrg SMU Std enrol)",
          "section": "G30",
          "vacancy": "45",
          "openingVacancy": "45",
          "beforeProcessVacancy": "0",
          "DICE": "0",
          "afterProcessVacancy": "0",
          "enrolledStudents": "45",
          "medianBid": "0.00",
          "minBid": "0.00",
          "instructor": " VICTOR GOH, VICTOR GOH",
          "schoolDepartment": "LKCSOB"
        },
        "Round 2 Window 1": {
          "term": "2017-18 Term 3A",
          "session": "Modified Session",
          "biddingWindow": "Round 2 Window 1",
          "courseCode": "MGMT102",
          "description": "Strategy(SUTD cls, encrg SMU Std enrol)",
          "section": "G30",
          "vacancy": "45",
          "openingVacancy": "45",
          "beforeProcessVacancy": "3",
          "DICE": "0",
          "afterProcessVacancy": "1",
          "enrolledStudents": "44",
          "medianBid": "31.01",
          "minBid": "11.01",
          "instructor": " VICTOR GOH, VICTOR GOH",
          "schoolDepartment": "LKCSOB"
        },
        "Round 2 Window 2": {
          "term": "2017-18 Term 3A",
          "session": "Modified Session",
          "biddingWindow": "Round 2 Window 2",
          "courseCode": "MGMT102",
          "description": "Strategy(SUTD cls, encrg SMU Std enrol)",
          "section": "G30",
          "vacancy": "45",
          "openingVacancy": "45",
          "beforeProcessVacancy": "1",
          "DICE": "0",
          "afterProcessVacancy": "0",
          "enrolledStudents": "45",
          "medianBid": "12.68",
          "minBid": "12.68",
          "instructor": " VICTOR GOH, VICTOR GOH",
          "schoolDepartment": "LKCSOB"
        }
      }
    }
  },
  "MGMT300 Business Capstone(SMU-X: The Design of Business)": {
    " PATRICK TAN SIONG KUAN, PATRICK TAN SIONG KUAN, PATRICK TAN SIONG KUAN": {
      "G1": {
        "Round 1 Window 1": {
          "term": "2017-18 Term 3A",
          "session": "Regular Academic Session",
          "biddingWindow": "Round 1 Window 1",
          "courseCode": "MGMT300",
          "description": "Business Capstone(SMU-X: The Design of Business)",
          "section": "G1",
          "vacancy": "45",
          "openingVacancy": "45",
          "beforeProcessVacancy": "45",
          "DICE": "0",
          "afterProcessVacancy": "23",
          "enrolledStudents": "22",
          "medianBid": "34.22",
          "minBid": "10.35",
          "instructor": " PATRICK TAN SIONG KUAN, PATRICK TAN SIONG KUAN, PATRICK TAN SIONG KUAN",
          "schoolDepartment": "LKCSOB"
        },
        "Round 1 Window 2": {
          "term": "2017-18 Term 3A",
          "session": "Regular Academic Session",
          "biddingWindow": "Round 1 Window 2",
          "courseCode": "MGMT300",
          "description": "Business Capstone(SMU-X: The Design of Business)",
          "section": "G1",
          "vacancy": "45",
          "openingVacancy": "45",
          "beforeProcessVacancy": "25",
          "DICE": "0",
          "afterProcessVacancy": "22",
          "enrolledStudents": "23",
          "medianBid": "13.11",
          "minBid": "10.00",
          "instructor": " PATRICK TAN SIONG KUAN, PATRICK TAN SIONG KUAN, PATRICK TAN SIONG KUAN",
          "schoolDepartment": "LKCSOB"
        },
        "Round 1 Window 3": {
          "term": "2017-18 Term 3A",
          "session": "Regular Academic Session",
          "biddingWindow": "Round 1 Window 3",
          "courseCode": "MGMT300",
          "description": "Business Capstone(SMU-X: The Design of Business)",
          "section": "G1",
          "vacancy": "45",
          "openingVacancy": "45",
          "beforeProcessVacancy": "22",
          "DICE": "0",
          "afterProcessVacancy": "21",
          "enrolledStudents": "24",
          "medianBid": "20.00",
          "minBid": "20.00",
          "instructor": " PATRICK TAN SIONG KUAN, PATRICK TAN SIONG KUAN, PATRICK TAN SIONG KUAN",
          "schoolDepartment": "LKCSOB"
        },
        "Round 1 Window 4": {
          "term": "2017-18 Term 3A",
          "session": "Regular Academic Session",
          "biddingWindow": "Round 1 Window 4",
          "courseCode": "MGMT300",
          "description": "Business Capstone(SMU-X: The Design of Business)",
          "section": "G1",
          "vacancy": "45",
          "openingVacancy": "45",
          "beforeProcessVacancy": "22",
          "DICE": "0",
          "afterProcessVacancy": "20",
          "enrolledStudents": "25",
          "medianBid": "14.00",
          "minBid": "13.00",
          "instructor": " PATRICK TAN SIONG KUAN, PATRICK TAN SIONG KUAN, PATRICK TAN SIONG KUAN",
          "schoolDepartment": "LKCSOB"
        },
        "Round 2 Window 1": {
          "term": "2017-18 Term 3A",
          "session": "Regular Academic Session",
          "biddingWindow": "Round 2 Window 1",
          "courseCode": "MGMT300",
          "description": "Business Capstone(SMU-X: The Design of Business)",
          "section": "G1",
          "vacancy": "45",
          "openingVacancy": "45",
          "beforeProcessVacancy": "21",
          "DICE": "0",
          "afterProcessVacancy": "20",
          "enrolledStudents": "25",
          "medianBid": "15.00",
          "minBid": "15.00",
          "instructor": " PATRICK TAN SIONG KUAN, PATRICK TAN SIONG KUAN, PATRICK TAN SIONG KUAN",
          "schoolDepartment": "LKCSOB"
        },
        "Round 2 Window 2": {
          "term": "2017-18 Term 3A",
          "session": "Regular Academic Session",
          "biddingWindow": "Round 2 Window 2",
          "courseCode": "MGMT300",
          "description": "Business Capstone(SMU-X: The Design of Business)",
          "section": "G1",
          "vacancy": "45",
          "openingVacancy": "45",
          "beforeProcessVacancy": "20",
          "DICE": "0",
          "afterProcessVacancy": "20",
          "enrolledStudents": "25",
          "medianBid": "0.00",
          "minBid": "0.00",
          "instructor": " PATRICK TAN SIONG KUAN, PATRICK TAN SIONG KUAN, PATRICK TAN SIONG KUAN",
          "schoolDepartment": "LKCSOB"
        }
      }
    }
  },
  "MGMT301 Business Study Mission (Asian Studies)(SMU-SUTD course: ASEAN)": {
    " TOM ESTAD, TOM ESTAD": {
      "G30": {
        "Round 1 Window 1": {
          "term": "2017-18 Term 3A",
          "session": "Modified Session",
          "biddingWindow": "Round 1 Window 1",
          "courseCode": "MGMT301",
          "description": "Business Study Mission (Asian Studies)(SMU-SUTD course: ASEAN)",
          "section": "G30",
          "vacancy": "45",
          "openingVacancy": "45",
          "beforeProcessVacancy": "26",
          "DICE": "0",
          "afterProcessVacancy": "26",
          "enrolledStudents": "19",
          "medianBid": "0.00",
          "minBid": "0.00",
          "instructor": " TOM ESTAD, TOM ESTAD",
          "schoolDepartment": "LKCSOB"
        },
        "Round 1 Window 2": {
          "term": "2017-18 Term 3A",
          "session": "Modified Session",
          "biddingWindow": "Round 1 Window 2",
          "courseCode": "MGMT301",
          "description": "Business Study Mission (Asian Studies)(SMU-SUTD course: ASEAN)",
          "section": "G30",
          "vacancy": "45",
          "openingVacancy": "45",
          "beforeProcessVacancy": "26",
          "DICE": "0",
          "afterProcessVacancy": "26",
          "enrolledStudents": "19",
          "medianBid": "0.00",
          "minBid": "0.00",
          "instructor": " TOM ESTAD, TOM ESTAD",
          "schoolDepartment": "LKCSOB"
        },
        "Round 1 Window 3": {
          "term": "2017-18 Term 3A",
          "session": "Modified Session",
          "biddingWindow": "Round 1 Window 3",
          "courseCode": "MGMT301",
          "description": "Business Study Mission (Asian Studies)(SMU-SUTD course: ASEAN)",
          "section": "G30",
          "vacancy": "45",
          "openingVacancy": "45",
          "beforeProcessVacancy": "26",
          "DICE": "0",
          "afterProcessVacancy": "26",
          "enrolledStudents": "19",
          "medianBid": "0.00",
          "minBid": "0.00",
          "instructor": " TOM ESTAD, TOM ESTAD",
          "schoolDepartment": "LKCSOB"
        },
        "Round 1 Window 4": {
          "term": "2017-18 Term 3A",
          "session": "Modified Session",
          "biddingWindow": "Round 1 Window 4",
          "courseCode": "MGMT301",
          "description": "Business Study Mission (Asian Studies)(SMU-SUTD course: ASEAN)",
          "section": "G30",
          "vacancy": "45",
          "openingVacancy": "45",
          "beforeProcessVacancy": "26",
          "DICE": "0",
          "afterProcessVacancy": "26",
          "enrolledStudents": "19",
          "medianBid": "0.00",
          "minBid": "0.00",
          "instructor": " TOM ESTAD, TOM ESTAD",
          "schoolDepartment": "LKCSOB"
        },
        "Round 2 Window 1": {
          "term": "2017-18 Term 3A",
          "session": "Modified Session",
          "biddingWindow": "Round 2 Window 1",
          "courseCode": "MGMT301",
          "description": "Business Study Mission (Asian Studies)(SMU-SUTD course: ASEAN)",
          "section": "G30",
          "vacancy": "45",
          "openingVacancy": "45",
          "beforeProcessVacancy": "26",
          "DICE": "0",
          "afterProcessVacancy": "26",
          "enrolledStudents": "19",
          "medianBid": "0.00",
          "minBid": "0.00",
          "instructor": " TOM ESTAD, TOM ESTAD",
          "schoolDepartment": "LKCSOB"
        },
        "Round 2 Window 2": {
          "term": "2017-18 Term 3A",
          "session": "Modified Session",
          "biddingWindow": "Round 2 Window 2",
          "courseCode": "MGMT301",
          "description": "Business Study Mission (Asian Studies)(SMU-SUTD course: ASEAN)",
          "section": "G30",
          "vacancy": "45",
          "openingVacancy": "45",
          "beforeProcessVacancy": "26",
          "DICE": "0",
          "afterProcessVacancy": "26",
          "enrolledStudents": "19",
          "medianBid": "0.00",
          "minBid": "0.00",
          "instructor": " TOM ESTAD, TOM ESTAD",
          "schoolDepartment": "LKCSOB"
        }
      }
    }
  },
  "MGMT315 Global Mega-Trends": {
    " FRANK SIEGFRIED, FRANK SIEGFRIED, FRANK SIEGFRIED": {
      "G1": {
        "Round 1 Window 1": {
          "term": "2017-18 Term 3A",
          "session": "Regular Academic Session",
          "biddingWindow": "Round 1 Window 1",
          "courseCode": "MGMT315",
          "description": "Global Mega-Trends",
          "section": "G1",
          "vacancy": "45",
          "openingVacancy": "45",
          "beforeProcessVacancy": "45",
          "DICE": "0",
          "afterProcessVacancy": "1",
          "enrolledStudents": "44",
          "medianBid": "12.11",
          "minBid": "10.00",
          "instructor": " FRANK SIEGFRIED, FRANK SIEGFRIED, FRANK SIEGFRIED",
          "schoolDepartment": "LKCSOB"
        },
        "Round 1 Window 2": {
          "term": "2017-18 Term 3A",
          "session": "Regular Academic Session",
          "biddingWindow": "Round 1 Window 2",
          "courseCode": "MGMT315",
          "description": "Global Mega-Trends",
          "section": "G1",
          "vacancy": "45",
          "openingVacancy": "45",
          "beforeProcessVacancy": "5",
          "DICE": "0",
          "afterProcessVacancy": "3",
          "enrolledStudents": "42",
          "medianBid": "24.84",
          "minBid": "20.01",
          "instructor": " FRANK SIEGFRIED, FRANK SIEGFRIED, FRANK SIEGFRIED",
          "schoolDepartment": "LKCSOB"
        },
        "Round 1 Window 3": {
          "term": "2017-18 Term 3A",
          "session": "Regular Academic Session",
          "biddingWindow": "Round 1 Window 3",
          "courseCode": "MGMT315",
          "description": "Global Mega-Trends",
          "section": "G1",
          "vacancy": "45",
          "openingVacancy": "45",
          "beforeProcessVacancy": "3",
          "DICE": "0",
          "afterProcessVacancy": "1",
          "enrolledStudents": "44",
          "medianBid": "23.55",
          "minBid": "20.09",
          "instructor": " FRANK SIEGFRIED, FRANK SIEGFRIED, FRANK SIEGFRIED",
          "schoolDepartment": "LKCSOB"
        },
        "Round 1 Window 4": {
          "term": "2017-18 Term 3A",
          "session": "Regular Academic Session",
          "biddingWindow": "Round 1 Window 4",
          "courseCode": "MGMT315",
          "description": "Global Mega-Trends",
          "section": "G1",
          "vacancy": "45",
          "openingVacancy": "45",
          "beforeProcessVacancy": "3",
          "DICE": "0",
          "afterProcessVacancy": "1",
          "enrolledStudents": "44",
          "medianBid": "23.38",
          "minBid": "11.69",
          "instructor": " FRANK SIEGFRIED, FRANK SIEGFRIED, FRANK SIEGFRIED",
          "schoolDepartment": "LKCSOB"
        },
        "Round 2 Window 1": {
          "term": "2017-18 Term 3A",
          "session": "Regular Academic Session",
          "biddingWindow": "Round 2 Window 1",
          "courseCode": "MGMT315",
          "description": "Global Mega-Trends",
          "section": "G1",
          "vacancy": "45",
          "openingVacancy": "45",
          "beforeProcessVacancy": "3",
          "DICE": "0",
          "afterProcessVacancy": "2",
          "enrolledStudents": "43",
          "medianBid": "31.58",
          "minBid": "31.58",
          "instructor": " FRANK SIEGFRIED, FRANK SIEGFRIED, FRANK SIEGFRIED",
          "schoolDepartment": "LKCSOB"
        },
        "Round 2 Window 2": {
          "term": "2017-18 Term 3A",
          "session": "Regular Academic Session",
          "biddingWindow": "Round 2 Window 2",
          "courseCode": "MGMT315",
          "description": "Global Mega-Trends",
          "section": "G1",
          "vacancy": "45",
          "openingVacancy": "44",
          "beforeProcessVacancy": "0",
          "DICE": "0",
          "afterProcessVacancy": "0",
          "enrolledStudents": "44",
          "medianBid": "0.00",
          "minBid": "0.00",
          "instructor": " FRANK SIEGFRIED, FRANK SIEGFRIED, FRANK SIEGFRIED",
          "schoolDepartment": "LKCSOB"
        }
      }
    }
  },
  "OBHR001 Leadership and Team Building(SUTD cls, encrg SMU Std enrol)": {
    " RANI TAN, RANI TAN": {
      "G30": {
        "Round 1 Window 1": {
          "term": "2017-18 Term 3A",
          "session": "Modified Session",
          "biddingWindow": "Round 1 Window 1",
          "courseCode": "OBHR001",
          "description": "Leadership and Team Building(SUTD cls, encrg SMU Std enrol)",
          "section": "G30",
          "vacancy": "45",
          "openingVacancy": "45",
          "beforeProcessVacancy": "28",
          "DICE": "0",
          "afterProcessVacancy": "25",
          "enrolledStudents": "20",
          "medianBid": "10.00",
          "minBid": "10.00",
          "instructor": " RANI TAN, RANI TAN",
          "schoolDepartment": "LKCSOB"
        },
        "Round 1 Window 2": {
          "term": "2017-18 Term 3A",
          "session": "Modified Session",
          "biddingWindow": "Round 1 Window 2",
          "courseCode": "OBHR001",
          "description": "Leadership and Team Building(SUTD cls, encrg SMU Std enrol)",
          "section": "G30",
          "vacancy": "45",
          "openingVacancy": "45",
          "beforeProcessVacancy": "25",
          "DICE": "0",
          "afterProcessVacancy": "25",
          "enrolledStudents": "20",
          "medianBid": "0.00",
          "minBid": "0.00",
          "instructor": " RANI TAN, RANI TAN",
          "schoolDepartment": "LKCSOB"
        },
        "Round 1 Window 3": {
          "term": "2017-18 Term 3A",
          "session": "Modified Session",
          "biddingWindow": "Round 1 Window 3",
          "courseCode": "OBHR001",
          "description": "Leadership and Team Building(SUTD cls, encrg SMU Std enrol)",
          "section": "G30",
          "vacancy": "45",
          "openingVacancy": "45",
          "beforeProcessVacancy": "25",
          "DICE": "0",
          "afterProcessVacancy": "25",
          "enrolledStudents": "20",
          "medianBid": "0.00",
          "minBid": "0.00",
          "instructor": " RANI TAN, RANI TAN",
          "schoolDepartment": "LKCSOB"
        },
        "Round 1 Window 4": {
          "term": "2017-18 Term 3A",
          "session": "Modified Session",
          "biddingWindow": "Round 1 Window 4",
          "courseCode": "OBHR001",
          "description": "Leadership and Team Building(SUTD cls, encrg SMU Std enrol)",
          "section": "G30",
          "vacancy": "45",
          "openingVacancy": "45",
          "beforeProcessVacancy": "25",
          "DICE": "0",
          "afterProcessVacancy": "25",
          "enrolledStudents": "20",
          "medianBid": "0.00",
          "minBid": "0.00",
          "instructor": " RANI TAN, RANI TAN",
          "schoolDepartment": "LKCSOB"
        },
        "Round 2 Window 1": {
          "term": "2017-18 Term 3A",
          "session": "Modified Session",
          "biddingWindow": "Round 2 Window 1",
          "courseCode": "OBHR001",
          "description": "Leadership and Team Building(SUTD cls, encrg SMU Std enrol)",
          "section": "G30",
          "vacancy": "45",
          "openingVacancy": "45",
          "beforeProcessVacancy": "25",
          "DICE": "0",
          "afterProcessVacancy": "25",
          "enrolledStudents": "20",
          "medianBid": "0.00",
          "minBid": "0.00",
          "instructor": " RANI TAN, RANI TAN",
          "schoolDepartment": "LKCSOB"
        },
        "Round 2 Window 2": {
          "term": "2017-18 Term 3A",
          "session": "Modified Session",
          "biddingWindow": "Round 2 Window 2",
          "courseCode": "OBHR001",
          "description": "Leadership and Team Building(SUTD cls, encrg SMU Std enrol)",
          "section": "G30",
          "vacancy": "45",
          "openingVacancy": "45",
          "beforeProcessVacancy": "25",
          "DICE": "0",
          "afterProcessVacancy": "25",
          "enrolledStudents": "20",
          "medianBid": "0.00",
          "minBid": "0.00",
          "instructor": " RANI TAN, RANI TAN",
          "schoolDepartment": "LKCSOB"
        }
      }
    }
  },
  "OBHR211 Governing, Managing and Protecting Knowledge in Organisations": {
    " THOMAS MENKHOFF, THOMAS MENKHOFF, THOMAS MENKHOFF": {
      "G1": {
        "Round 1 Window 1": {
          "term": "2017-18 Term 3A",
          "session": "Regular Academic Session",
          "biddingWindow": "Round 1 Window 1",
          "courseCode": "OBHR211",
          "description": "Governing, Managing and Protecting Knowledge in Organisations",
          "section": "G1",
          "vacancy": "45",
          "openingVacancy": "45",
          "beforeProcessVacancy": "45",
          "DICE": "0",
          "afterProcessVacancy": "29",
          "enrolledStudents": "16",
          "medianBid": "11.28",
          "minBid": "10.00",
          "instructor": " THOMAS MENKHOFF, THOMAS MENKHOFF, THOMAS MENKHOFF",
          "schoolDepartment": "LKCSOB"
        },
        "Round 1 Window 2": {
          "term": "2017-18 Term 3A",
          "session": "Regular Academic Session",
          "biddingWindow": "Round 1 Window 2",
          "courseCode": "OBHR211",
          "description": "Governing, Managing and Protecting Knowledge in Organisations",
          "section": "G1",
          "vacancy": "45",
          "openingVacancy": "45",
          "beforeProcessVacancy": "30",
          "DICE": "0",
          "afterProcessVacancy": "29",
          "enrolledStudents": "16",
          "medianBid": "10.00",
          "minBid": "10.00",
          "instructor": " THOMAS MENKHOFF, THOMAS MENKHOFF, THOMAS MENKHOFF",
          "schoolDepartment": "LKCSOB"
        },
        "Round 1 Window 3": {
          "term": "2017-18 Term 3A",
          "session": "Regular Academic Session",
          "biddingWindow": "Round 1 Window 3",
          "courseCode": "OBHR211",
          "description": "Governing, Managing and Protecting Knowledge in Organisations",
          "section": "G1",
          "vacancy": "45",
          "openingVacancy": "45",
          "beforeProcessVacancy": "29",
          "DICE": "0",
          "afterProcessVacancy": "29",
          "enrolledStudents": "16",
          "medianBid": "0.00",
          "minBid": "0.00",
          "instructor": " THOMAS MENKHOFF, THOMAS MENKHOFF, THOMAS MENKHOFF",
          "schoolDepartment": "LKCSOB"
        },
        "Round 1 Window 4": {
          "term": "2017-18 Term 3A",
          "session": "Regular Academic Session",
          "biddingWindow": "Round 1 Window 4",
          "courseCode": "OBHR211",
          "description": "Governing, Managing and Protecting Knowledge in Organisations",
          "section": "G1",
          "vacancy": "45",
          "openingVacancy": "45",
          "beforeProcessVacancy": "29",
          "DICE": "0",
          "afterProcessVacancy": "28",
          "enrolledStudents": "17",
          "medianBid": "25.00",
          "minBid": "25.00",
          "instructor": " THOMAS MENKHOFF, THOMAS MENKHOFF, THOMAS MENKHOFF",
          "schoolDepartment": "LKCSOB"
        },
        "Round 2 Window 1": {
          "term": "2017-18 Term 3A",
          "session": "Regular Academic Session",
          "biddingWindow": "Round 2 Window 1",
          "courseCode": "OBHR211",
          "description": "Governing, Managing and Protecting Knowledge in Organisations",
          "section": "G1",
          "vacancy": "45",
          "openingVacancy": "45",
          "beforeProcessVacancy": "29",
          "DICE": "0",
          "afterProcessVacancy": "27",
          "enrolledStudents": "18",
          "medianBid": "11.00",
          "minBid": "10.00",
          "instructor": " THOMAS MENKHOFF, THOMAS MENKHOFF, THOMAS MENKHOFF",
          "schoolDepartment": "LKCSOB"
        },
        "Round 2 Window 2": {
          "term": "2017-18 Term 3A",
          "session": "Regular Academic Session",
          "biddingWindow": "Round 2 Window 2",
          "courseCode": "OBHR211",
          "description": "Governing, Managing and Protecting Knowledge in Organisations",
          "section": "G1",
          "vacancy": "45",
          "openingVacancy": "45",
          "beforeProcessVacancy": "27",
          "DICE": "0",
          "afterProcessVacancy": "27",
          "enrolledStudents": "18",
          "medianBid": "0.00",
          "minBid": "0.00",
          "instructor": " THOMAS MENKHOFF, THOMAS MENKHOFF, THOMAS MENKHOFF",
          "schoolDepartment": "LKCSOB"
        }
      }
    }
  },
  "OPIM331 Computer Simulation": {
    " YANG KUM KHIONG, YANG KUM KHIONG, YANG KUM KHIONG": {
      "G1": {
        "Round 1 Window 1": {
          "term": "2017-18 Term 3A",
          "session": "Regular Academic Session",
          "biddingWindow": "Round 1 Window 1",
          "courseCode": "OPIM331",
          "description": "Computer Simulation",
          "section": "G1",
          "vacancy": "45",
          "openingVacancy": "45",
          "beforeProcessVacancy": "45",
          "DICE": "0",
          "afterProcessVacancy": "16",
          "enrolledStudents": "29",
          "medianBid": "12.50",
          "minBid": "10.00",
          "instructor": " YANG KUM KHIONG, YANG KUM KHIONG, YANG KUM KHIONG",
          "schoolDepartment": "LKCSOB"
        },
        "Round 1 Window 2": {
          "term": "2017-18 Term 3A",
          "session": "Regular Academic Session",
          "biddingWindow": "Round 1 Window 2",
          "courseCode": "OPIM331",
          "description": "Computer Simulation",
          "section": "G1",
          "vacancy": "45",
          "openingVacancy": "45",
          "beforeProcessVacancy": "16",
          "DICE": "0",
          "afterProcessVacancy": "14",
          "enrolledStudents": "31",
          "medianBid": "12.55",
          "minBid": "10.10",
          "instructor": " YANG KUM KHIONG, YANG KUM KHIONG, YANG KUM KHIONG",
          "schoolDepartment": "LKCSOB"
        },
        "Round 1 Window 3": {
          "term": "2017-18 Term 3A",
          "session": "Regular Academic Session",
          "biddingWindow": "Round 1 Window 3",
          "courseCode": "OPIM331",
          "description": "Computer Simulation",
          "section": "G1",
          "vacancy": "45",
          "openingVacancy": "45",
          "beforeProcessVacancy": "14",
          "DICE": "0",
          "afterProcessVacancy": "14",
          "enrolledStudents": "31",
          "medianBid": "0.00",
          "minBid": "0.00",
          "instructor": " YANG KUM KHIONG, YANG KUM KHIONG, YANG KUM KHIONG",
          "schoolDepartment": "LKCSOB"
        },
        "Round 1 Window 4": {
          "term": "2017-18 Term 3A",
          "session": "Regular Academic Session",
          "biddingWindow": "Round 1 Window 4",
          "courseCode": "OPIM331",
          "description": "Computer Simulation",
          "section": "G1",
          "vacancy": "45",
          "openingVacancy": "45",
          "beforeProcessVacancy": "15",
          "DICE": "0",
          "afterProcessVacancy": "13",
          "enrolledStudents": "32",
          "medianBid": "15.00",
          "minBid": "10.00",
          "instructor": " YANG KUM KHIONG, YANG KUM KHIONG, YANG KUM KHIONG",
          "schoolDepartment": "LKCSOB"
        },
        "Round 2 Window 1": {
          "term": "2017-18 Term 3A",
          "session": "Regular Academic Session",
          "biddingWindow": "Round 2 Window 1",
          "courseCode": "OPIM331",
          "description": "Computer Simulation",
          "section": "G1",
          "vacancy": "45",
          "openingVacancy": "45",
          "beforeProcessVacancy": "15",
          "DICE": "0",
          "afterProcessVacancy": "13",
          "enrolledStudents": "32",
          "medianBid": "10.00",
          "minBid": "10.00",
          "instructor": " YANG KUM KHIONG, YANG KUM KHIONG, YANG KUM KHIONG",
          "schoolDepartment": "LKCSOB"
        },
        "Round 2 Window 2": {
          "term": "2017-18 Term 3A",
          "session": "Regular Academic Session",
          "biddingWindow": "Round 2 Window 2",
          "courseCode": "OPIM331",
          "description": "Computer Simulation",
          "section": "G1",
          "vacancy": "45",
          "openingVacancy": "45",
          "beforeProcessVacancy": "13",
          "DICE": "0",
          "afterProcessVacancy": "11",
          "enrolledStudents": "34",
          "medianBid": "10.00",
          "minBid": "10.00",
          "instructor": " YANG KUM KHIONG, YANG KUM KHIONG, YANG KUM KHIONG",
          "schoolDepartment": "LKCSOB"
        }
      }
    }
  },
  "PSYC108 Social Psychology": {
    " JENNIFER TONG YUK YUE, JENNIFER TONG YUK YUE": {
      "G1": {
        "Round 1 Window 1": {
          "term": "2017-18 Term 3A",
          "session": "Regular Academic Session",
          "biddingWindow": "Round 1 Window 1",
          "courseCode": "PSYC108",
          "description": "Social Psychology",
          "section": "G1",
          "vacancy": "45",
          "openingVacancy": "45",
          "beforeProcessVacancy": "45",
          "DICE": "0",
          "afterProcessVacancy": "27",
          "enrolledStudents": "18",
          "medianBid": "15.00",
          "minBid": "10.00",
          "instructor": " JENNIFER TONG YUK YUE, JENNIFER TONG YUK YUE",
          "schoolDepartment": "SOSS"
        },
        "Round 1 Window 2": {
          "term": "2017-18 Term 3A",
          "session": "Regular Academic Session",
          "biddingWindow": "Round 1 Window 2",
          "courseCode": "PSYC108",
          "description": "Social Psychology",
          "section": "G1",
          "vacancy": "45",
          "openingVacancy": "45",
          "beforeProcessVacancy": "28",
          "DICE": "0",
          "afterProcessVacancy": "25",
          "enrolledStudents": "20",
          "medianBid": "10.08",
          "minBid": "10.01",
          "instructor": " JENNIFER TONG YUK YUE, JENNIFER TONG YUK YUE",
          "schoolDepartment": "SOSS"
        },
        "Round 1 Window 3": {
          "term": "2017-18 Term 3A",
          "session": "Regular Academic Session",
          "biddingWindow": "Round 1 Window 3",
          "courseCode": "PSYC108",
          "description": "Social Psychology",
          "section": "G1",
          "vacancy": "45",
          "openingVacancy": "45",
          "beforeProcessVacancy": "25",
          "DICE": "0",
          "afterProcessVacancy": "23",
          "enrolledStudents": "22",
          "medianBid": "27.50",
          "minBid": "10.00",
          "instructor": " JENNIFER TONG YUK YUE, JENNIFER TONG YUK YUE",
          "schoolDepartment": "SOSS"
        },
        "Round 1 Window 4": {
          "term": "2017-18 Term 3A",
          "session": "Regular Academic Session",
          "biddingWindow": "Round 1 Window 4",
          "courseCode": "PSYC108",
          "description": "Social Psychology",
          "section": "G1",
          "vacancy": "45",
          "openingVacancy": "45",
          "beforeProcessVacancy": "25",
          "DICE": "0",
          "afterProcessVacancy": "24",
          "enrolledStudents": "21",
          "medianBid": "10.00",
          "minBid": "10.00",
          "instructor": " JENNIFER TONG YUK YUE, JENNIFER TONG YUK YUE",
          "schoolDepartment": "SOSS"
        },
        "Round 2 Window 1": {
          "term": "2017-18 Term 3A",
          "session": "Regular Academic Session",
          "biddingWindow": "Round 2 Window 1",
          "courseCode": "PSYC108",
          "description": "Social Psychology",
          "section": "G1",
          "vacancy": "45",
          "openingVacancy": "45",
          "beforeProcessVacancy": "26",
          "DICE": "0",
          "afterProcessVacancy": "16",
          "enrolledStudents": "29",
          "medianBid": "16.00",
          "minBid": "10.00",
          "instructor": " JENNIFER TONG YUK YUE, JENNIFER TONG YUK YUE",
          "schoolDepartment": "SOSS"
        },
        "Round 2 Window 2": {
          "term": "2017-18 Term 3A",
          "session": "Regular Academic Session",
          "biddingWindow": "Round 2 Window 2",
          "courseCode": "PSYC108",
          "description": "Social Psychology",
          "section": "G1",
          "vacancy": "45",
          "openingVacancy": "45",
          "beforeProcessVacancy": "17",
          "DICE": "0",
          "afterProcessVacancy": "17",
          "enrolledStudents": "28",
          "medianBid": "0.00",
          "minBid": "0.00",
          "instructor": " JENNIFER TONG YUK YUE, JENNIFER TONG YUK YUE",
          "schoolDepartment": "SOSS"
        }
      }
    }
  },
  "MGMT236 Managing Strategic Change": {
    "": {
      "G1": {
        "Round 1 Window 1": {
          "term": "2017-18 Term 3A",
          "session": "Regular Academic Session",
          "biddingWindow": "Round 1 Window 1",
          "courseCode": "MGMT236",
          "description": "Managing Strategic Change",
          "section": "G1",
          "vacancy": "45",
          "openingVacancy": "45",
          "beforeProcessVacancy": "45",
          "DICE": "0",
          "afterProcessVacancy": "35",
          "enrolledStudents": "10",
          "medianBid": "12.95",
          "minBid": "10.00",
          "instructor": "",
          "schoolDepartment": "LKCSOB"
        },
        "Round 1 Window 2": {
          "term": "2017-18 Term 3A",
          "session": "Regular Academic Session",
          "biddingWindow": "Round 1 Window 2",
          "courseCode": "MGMT236",
          "description": "Managing Strategic Change",
          "section": "G1",
          "vacancy": "45",
          "openingVacancy": "45",
          "beforeProcessVacancy": "35",
          "DICE": "0",
          "afterProcessVacancy": "34",
          "enrolledStudents": "11",
          "medianBid": "15.00",
          "minBid": "15.00",
          "instructor": "",
          "schoolDepartment": "LKCSOB"
        },
        "Round 1 Window 3": {
          "term": "2017-18 Term 3A",
          "session": "Regular Academic Session",
          "biddingWindow": "Round 1 Window 3",
          "courseCode": "MGMT236",
          "description": "Managing Strategic Change",
          "section": "G1",
          "vacancy": "45",
          "openingVacancy": "45",
          "beforeProcessVacancy": "34",
          "DICE": "0",
          "afterProcessVacancy": "34",
          "enrolledStudents": "11",
          "medianBid": "0.00",
          "minBid": "0.00",
          "instructor": "",
          "schoolDepartment": "LKCSOB"
        }
      }
    }
  },
  "FNCE102 Financial Instruments, Institutions and Markets": {
    "": {
      "G1": {
        "Round 1 Window 1": {
          "term": "2017-18 Term 3A",
          "session": "Regular Academic Session",
          "biddingWindow": "Round 1 Window 1",
          "courseCode": "FNCE102",
          "description": "Financial Instruments, Institutions and Markets",
          "section": "G1",
          "vacancy": "45",
          "openingVacancy": "45",
          "beforeProcessVacancy": "45",
          "DICE": "0",
          "afterProcessVacancy": "40",
          "enrolledStudents": "5",
          "medianBid": "11.11",
          "minBid": "10.00",
          "instructor": "",
          "schoolDepartment": "LKCSOB"
        },
        "Round 1 Window 2": {
          "term": "2017-18 Term 3A",
          "session": "Regular Academic Session",
          "biddingWindow": "Round 1 Window 2",
          "courseCode": "FNCE102",
          "description": "Financial Instruments, Institutions and Markets",
          "section": "G1",
          "vacancy": "45",
          "openingVacancy": "45",
          "beforeProcessVacancy": "40",
          "DICE": "0",
          "afterProcessVacancy": "40",
          "enrolledStudents": "5",
          "medianBid": "0.00",
          "minBid": "0.00",
          "instructor": "",
          "schoolDepartment": "LKCSOB"
        }
      }
    }
  }
}