{
    "ACCT003 Capital Markets in China": {
      " WANG JIWEI, WANG JIWEI, WANG JIWEI": {
        "G1": {
          "Round 1 Window 1": {
            "term": "2018-19 Term 3B",
            "session": "Modified Session",
            "biddingWindow": "Round 1 Window 1",
            "courseCode": "ACCT003",
            "description": "Capital Markets in China",
            "section": "G1",
            "vacancy": "45",
            "openingVacancy": "0",
            "beforeProcessVacancy": "0",
            "DICE": "0",
            "afterProcessVacancy": "0",
            "enrolledStudents": "0",
            "medianBid": "0.00",
            "minBid": "0.00",
            "instructor": " WANG JIWEI, WANG JIWEI, WANG JIWEI",
            "schoolDepartment": "SOA"
          },
          "Round 1 Window 2": {
            "term": "2018-19 Term 3B",
            "session": "Modified Session",
            "biddingWindow": "Round 1 Window 2",
            "courseCode": "ACCT003",
            "description": "Capital Markets in China",
            "section": "G1",
            "vacancy": "45",
            "openingVacancy": "0",
            "beforeProcessVacancy": "0",
            "DICE": "0",
            "afterProcessVacancy": "0",
            "enrolledStudents": "0",
            "medianBid": "0.00",
            "minBid": "0.00",
            "instructor": " WANG JIWEI, WANG JIWEI, WANG JIWEI",
            "schoolDepartment": "SOA"
          },
          "Round 1 Window 3": {
            "term": "2018-19 Term 3B",
            "session": "Modified Session",
            "biddingWindow": "Round 1 Window 3",
            "courseCode": "ACCT003",
            "description": "Capital Markets in China",
            "section": "G1",
            "vacancy": "45",
            "openingVacancy": "0",
            "beforeProcessVacancy": "0",
            "DICE": "0",
            "afterProcessVacancy": "0",
            "enrolledStudents": "0",
            "medianBid": "0.00",
            "minBid": "0.00",
            "instructor": " WANG JIWEI, WANG JIWEI, WANG JIWEI",
            "schoolDepartment": "SOA"
          },
          "Round 1 Window 4": {
            "term": "2018-19 Term 3B",
            "session": "Modified Session",
            "biddingWindow": "Round 1 Window 4",
            "courseCode": "ACCT003",
            "description": "Capital Markets in China",
            "section": "G1",
            "vacancy": "45",
            "openingVacancy": "0",
            "beforeProcessVacancy": "0",
            "DICE": "0",
            "afterProcessVacancy": "0",
            "enrolledStudents": "0",
            "medianBid": "0.00",
            "minBid": "0.00",
            "instructor": " WANG JIWEI, WANG JIWEI, WANG JIWEI",
            "schoolDepartment": "SOA"
          },
          "Round 2 Window 1": {
            "term": "2018-19 Term 3B",
            "session": "Modified Session",
            "biddingWindow": "Round 2 Window 1",
            "courseCode": "ACCT003",
            "description": "Capital Markets in China",
            "section": "G1",
            "vacancy": "45",
            "openingVacancy": "0",
            "beforeProcessVacancy": "0",
            "DICE": "0",
            "afterProcessVacancy": "0",
            "enrolledStudents": "0",
            "medianBid": "0.00",
            "minBid": "0.00",
            "instructor": " WANG JIWEI, WANG JIWEI, WANG JIWEI",
            "schoolDepartment": "SOA"
          },
          "Round 2 Window 2": {
            "term": "2018-19 Term 3B",
            "session": "Modified Session",
            "biddingWindow": "Round 2 Window 2",
            "courseCode": "ACCT003",
            "description": "Capital Markets in China",
            "section": "G1",
            "vacancy": "45",
            "openingVacancy": "0",
            "beforeProcessVacancy": "0",
            "DICE": "0",
            "afterProcessVacancy": "0",
            "enrolledStudents": "0",
            "medianBid": "0.00",
            "minBid": "0.00",
            "instructor": " WANG JIWEI, WANG JIWEI, WANG JIWEI",
            "schoolDepartment": "SOA"
          },
          "Round 2 Window 3": {
            "term": "2018-19 Term 3B",
            "session": "Modified Session",
            "biddingWindow": "Round 2 Window 3",
            "courseCode": "ACCT003",
            "description": "Capital Markets in China",
            "section": "G1",
            "vacancy": "45",
            "openingVacancy": "25",
            "beforeProcessVacancy": "0",
            "DICE": "0",
            "afterProcessVacancy": "0",
            "enrolledStudents": "25",
            "medianBid": "0.00",
            "minBid": "0.00",
            "instructor": " WANG JIWEI, WANG JIWEI, WANG JIWEI",
            "schoolDepartment": "SOA"
          },
          "Round 2 Window 4": {
            "term": "2018-19 Term 3B",
            "session": "Modified Session",
            "biddingWindow": "Round 2 Window 4",
            "courseCode": "ACCT003",
            "description": "Capital Markets in China",
            "section": "G1",
            "vacancy": "45",
            "openingVacancy": "25",
            "beforeProcessVacancy": "0",
            "DICE": "0",
            "afterProcessVacancy": "0",
            "enrolledStudents": "25",
            "medianBid": "0.00",
            "minBid": "0.00",
            "instructor": " WANG JIWEI, WANG JIWEI, WANG JIWEI",
            "schoolDepartment": "SOA"
          }
        }
      }
    },
    "ASIA006 Screening Asia: History, Society, and Politics in Films": {
      " ESPENA DARLENE MACHELL DE LEON, ESPENA DARLENE MACHELL DE LEON, ESPENA DARLENE MACHELL DE LEON": {
        "G1": {
          "Round 1 Window 1": {
            "term": "2018-19 Term 3B",
            "session": "Modified Session",
            "biddingWindow": "Round 1 Window 1",
            "courseCode": "ASIA006",
            "description": "Screening Asia: History, Society, and Politics in Films",
            "section": "G1",
            "vacancy": "45",
            "openingVacancy": "15",
            "beforeProcessVacancy": "15",
            "DICE": "0",
            "afterProcessVacancy": "10",
            "enrolledStudents": "5",
            "medianBid": "11.00",
            "minBid": "10.00",
            "instructor": " ESPENA DARLENE MACHELL DE LEON, ESPENA DARLENE MACHELL DE LEON, ESPENA DARLENE MACHELL DE LEON",
            "schoolDepartment": "SOSS"
          },
          "Round 1 Window 2": {
            "term": "2018-19 Term 3B",
            "session": "Modified Session",
            "biddingWindow": "Round 1 Window 2",
            "courseCode": "ASIA006",
            "description": "Screening Asia: History, Society, and Politics in Films",
            "section": "G1",
            "vacancy": "45",
            "openingVacancy": "15",
            "beforeProcessVacancy": "10",
            "DICE": "0",
            "afterProcessVacancy": "10",
            "enrolledStudents": "5",
            "medianBid": "0.00",
            "minBid": "0.00",
            "instructor": " ESPENA DARLENE MACHELL DE LEON, ESPENA DARLENE MACHELL DE LEON, ESPENA DARLENE MACHELL DE LEON",
            "schoolDepartment": "SOSS"
          },
          "Round 1 Window 3": {
            "term": "2018-19 Term 3B",
            "session": "Modified Session",
            "biddingWindow": "Round 1 Window 3",
            "courseCode": "ASIA006",
            "description": "Screening Asia: History, Society, and Politics in Films",
            "section": "G1",
            "vacancy": "45",
            "openingVacancy": "15",
            "beforeProcessVacancy": "10",
            "DICE": "0",
            "afterProcessVacancy": "10",
            "enrolledStudents": "5",
            "medianBid": "0.00",
            "minBid": "0.00",
            "instructor": " ESPENA DARLENE MACHELL DE LEON, ESPENA DARLENE MACHELL DE LEON, ESPENA DARLENE MACHELL DE LEON",
            "schoolDepartment": "SOSS"
          },
          "Round 1 Window 4": {
            "term": "2018-19 Term 3B",
            "session": "Modified Session",
            "biddingWindow": "Round 1 Window 4",
            "courseCode": "ASIA006",
            "description": "Screening Asia: History, Society, and Politics in Films",
            "section": "G1",
            "vacancy": "45",
            "openingVacancy": "15",
            "beforeProcessVacancy": "10",
            "DICE": "0",
            "afterProcessVacancy": "8",
            "enrolledStudents": "7",
            "medianBid": "13.50",
            "minBid": "10.00",
            "instructor": " ESPENA DARLENE MACHELL DE LEON, ESPENA DARLENE MACHELL DE LEON, ESPENA DARLENE MACHELL DE LEON",
            "schoolDepartment": "SOSS"
          },
          "Round 2 Window 1": {
            "term": "2018-19 Term 3B",
            "session": "Modified Session",
            "biddingWindow": "Round 2 Window 1",
            "courseCode": "ASIA006",
            "description": "Screening Asia: History, Society, and Politics in Films",
            "section": "G1",
            "vacancy": "45",
            "openingVacancy": "15",
            "beforeProcessVacancy": "15",
            "DICE": "0",
            "afterProcessVacancy": "13",
            "enrolledStudents": "2",
            "medianBid": "10.00",
            "minBid": "10.00",
            "instructor": " ESPENA DARLENE MACHELL DE LEON, ESPENA DARLENE MACHELL DE LEON, ESPENA DARLENE MACHELL DE LEON",
            "schoolDepartment": "SOSS"
          },
          "Round 2 Window 2": {
            "term": "2018-19 Term 3B",
            "session": "Modified Session",
            "biddingWindow": "Round 2 Window 2",
            "courseCode": "ASIA006",
            "description": "Screening Asia: History, Society, and Politics in Films",
            "section": "G1",
            "vacancy": "45",
            "openingVacancy": "0",
            "beforeProcessVacancy": "0",
            "DICE": "0",
            "afterProcessVacancy": "0",
            "enrolledStudents": "0",
            "medianBid": "0.00",
            "minBid": "0.00",
            "instructor": " ESPENA DARLENE MACHELL DE LEON, ESPENA DARLENE MACHELL DE LEON, ESPENA DARLENE MACHELL DE LEON",
            "schoolDepartment": "SOSS"
          },
          "Round 2 Window 3": {
            "term": "2018-19 Term 3B",
            "session": "Modified Session",
            "biddingWindow": "Round 2 Window 3",
            "courseCode": "ASIA006",
            "description": "Screening Asia: History, Society, and Politics in Films",
            "section": "G1",
            "vacancy": "45",
            "openingVacancy": "10",
            "beforeProcessVacancy": "0",
            "DICE": "0",
            "afterProcessVacancy": "0",
            "enrolledStudents": "10",
            "medianBid": "0.00",
            "minBid": "0.00",
            "instructor": " ESPENA DARLENE MACHELL DE LEON, ESPENA DARLENE MACHELL DE LEON, ESPENA DARLENE MACHELL DE LEON",
            "schoolDepartment": "SOSS"
          },
          "Round 2 Window 4": {
            "term": "2018-19 Term 3B",
            "session": "Modified Session",
            "biddingWindow": "Round 2 Window 4",
            "courseCode": "ASIA006",
            "description": "Screening Asia: History, Society, and Politics in Films",
            "section": "G1",
            "vacancy": "45",
            "openingVacancy": "10",
            "beforeProcessVacancy": "0",
            "DICE": "0",
            "afterProcessVacancy": "0",
            "enrolledStudents": "10",
            "medianBid": "0.00",
            "minBid": "0.00",
            "instructor": " ESPENA DARLENE MACHELL DE LEON, ESPENA DARLENE MACHELL DE LEON, ESPENA DARLENE MACHELL DE LEON",
            "schoolDepartment": "SOSS"
          }
        }
      }
    },
    "ECON113S Economic Globalisation and Asia": {
      " BEI HONG, BEI HONG, BEI HONG": {
        "G1": {
          "Round 1 Window 1": {
            "term": "2018-19 Term 3B",
            "session": "Modified Session",
            "biddingWindow": "Round 1 Window 1",
            "courseCode": "ECON113S",
            "description": "Economic Globalisation and Asia",
            "section": "G1",
            "vacancy": "45",
            "openingVacancy": "0",
            "beforeProcessVacancy": "0",
            "DICE": "0",
            "afterProcessVacancy": "0",
            "enrolledStudents": "0",
            "medianBid": "0.00",
            "minBid": "0.00",
            "instructor": " BEI HONG, BEI HONG, BEI HONG",
            "schoolDepartment": "SOE"
          },
          "Round 1 Window 2": {
            "term": "2018-19 Term 3B",
            "session": "Modified Session",
            "biddingWindow": "Round 1 Window 2",
            "courseCode": "ECON113S",
            "description": "Economic Globalisation and Asia",
            "section": "G1",
            "vacancy": "45",
            "openingVacancy": "0",
            "beforeProcessVacancy": "0",
            "DICE": "0",
            "afterProcessVacancy": "0",
            "enrolledStudents": "0",
            "medianBid": "0.00",
            "minBid": "0.00",
            "instructor": " BEI HONG, BEI HONG, BEI HONG",
            "schoolDepartment": "SOE"
          },
          "Round 1 Window 3": {
            "term": "2018-19 Term 3B",
            "session": "Modified Session",
            "biddingWindow": "Round 1 Window 3",
            "courseCode": "ECON113S",
            "description": "Economic Globalisation and Asia",
            "section": "G1",
            "vacancy": "45",
            "openingVacancy": "0",
            "beforeProcessVacancy": "0",
            "DICE": "0",
            "afterProcessVacancy": "0",
            "enrolledStudents": "0",
            "medianBid": "0.00",
            "minBid": "0.00",
            "instructor": " BEI HONG, BEI HONG, BEI HONG",
            "schoolDepartment": "SOE"
          },
          "Round 1 Window 4": {
            "term": "2018-19 Term 3B",
            "session": "Modified Session",
            "biddingWindow": "Round 1 Window 4",
            "courseCode": "ECON113S",
            "description": "Economic Globalisation and Asia",
            "section": "G1",
            "vacancy": "45",
            "openingVacancy": "0",
            "beforeProcessVacancy": "0",
            "DICE": "0",
            "afterProcessVacancy": "0",
            "enrolledStudents": "0",
            "medianBid": "0.00",
            "minBid": "0.00",
            "instructor": " BEI HONG, BEI HONG, BEI HONG",
            "schoolDepartment": "SOE"
          },
          "Round 2 Window 1": {
            "term": "2018-19 Term 3B",
            "session": "Modified Session",
            "biddingWindow": "Round 2 Window 1",
            "courseCode": "ECON113S",
            "description": "Economic Globalisation and Asia",
            "section": "G1",
            "vacancy": "45",
            "openingVacancy": "0",
            "beforeProcessVacancy": "0",
            "DICE": "0",
            "afterProcessVacancy": "0",
            "enrolledStudents": "0",
            "medianBid": "0.00",
            "minBid": "0.00",
            "instructor": " BEI HONG, BEI HONG, BEI HONG",
            "schoolDepartment": "SOE"
          },
          "Round 2 Window 2": {
            "term": "2018-19 Term 3B",
            "session": "Modified Session",
            "biddingWindow": "Round 2 Window 2",
            "courseCode": "ECON113S",
            "description": "Economic Globalisation and Asia",
            "section": "G1",
            "vacancy": "45",
            "openingVacancy": "0",
            "beforeProcessVacancy": "0",
            "DICE": "0",
            "afterProcessVacancy": "0",
            "enrolledStudents": "0",
            "medianBid": "0.00",
            "minBid": "0.00",
            "instructor": " BEI HONG, BEI HONG, BEI HONG",
            "schoolDepartment": "SOE"
          },
          "Round 2 Window 3": {
            "term": "2018-19 Term 3B",
            "session": "Modified Session",
            "biddingWindow": "Round 2 Window 3",
            "courseCode": "ECON113S",
            "description": "Economic Globalisation and Asia",
            "section": "G1",
            "vacancy": "45",
            "openingVacancy": "26",
            "beforeProcessVacancy": "0",
            "DICE": "0",
            "afterProcessVacancy": "0",
            "enrolledStudents": "26",
            "medianBid": "0.00",
            "minBid": "0.00",
            "instructor": " BEI HONG, BEI HONG, BEI HONG",
            "schoolDepartment": "SOE"
          },
          "Round 2 Window 4": {
            "term": "2018-19 Term 3B",
            "session": "Modified Session",
            "biddingWindow": "Round 2 Window 4",
            "courseCode": "ECON113S",
            "description": "Economic Globalisation and Asia",
            "section": "G1",
            "vacancy": "45",
            "openingVacancy": "26",
            "beforeProcessVacancy": "0",
            "DICE": "0",
            "afterProcessVacancy": "0",
            "enrolledStudents": "26",
            "medianBid": "0.00",
            "minBid": "0.00",
            "instructor": " BEI HONG, BEI HONG, BEI HONG",
            "schoolDepartment": "SOE"
          }
        }
      }
    },
    "FTW200 Finishing Touch Workshops (Year Two)": {
      " STEVEN CHONG, SUSAN WONG MUN YEE": {
        "G1": {
          "Round 2 Window 3": {
            "term": "2018-19 Term 3B",
            "session": "FT Workshop Session",
            "biddingWindow": "Round 2 Window 3",
            "courseCode": "FTW200",
            "description": "Finishing Touch Workshops (Year Two)",
            "section": "G1",
            "vacancy": "45",
            "openingVacancy": "45",
            "beforeProcessVacancy": "0",
            "DICE": "0",
            "afterProcessVacancy": "0",
            "enrolledStudents": "267",
            "medianBid": "0.00",
            "minBid": "0.00",
            "instructor": " STEVEN CHONG, SUSAN WONG MUN YEE",
            "schoolDepartment": "OCS"
          },
          "Round 2 Window 4": {
            "term": "2018-19 Term 3B",
            "session": "FT Workshop Session",
            "biddingWindow": "Round 2 Window 4",
            "courseCode": "FTW200",
            "description": "Finishing Touch Workshops (Year Two)",
            "section": "G1",
            "vacancy": "45",
            "openingVacancy": "45",
            "beforeProcessVacancy": "0",
            "DICE": "0",
            "afterProcessVacancy": "0",
            "enrolledStudents": "267",
            "medianBid": "0.00",
            "minBid": "0.00",
            "instructor": " STEVEN CHONG, SUSAN WONG MUN YEE",
            "schoolDepartment": "OCS"
          }
        }
      },
      " GLENN LOH, GLENN LOH, CATHERINE ONG, GLENN LOH, GLENN LOH": {
        "G2": {
          "Round 2 Window 3": {
            "term": "2018-19 Term 3B",
            "session": "FT Workshop Session",
            "biddingWindow": "Round 2 Window 3",
            "courseCode": "FTW200",
            "description": "Finishing Touch Workshops (Year Two)",
            "section": "G2",
            "vacancy": "45",
            "openingVacancy": "45",
            "beforeProcessVacancy": "0",
            "DICE": "0",
            "afterProcessVacancy": "0",
            "enrolledStudents": "254",
            "medianBid": "0.00",
            "minBid": "0.00",
            "instructor": " GLENN LOH, GLENN LOH, CATHERINE ONG, GLENN LOH, GLENN LOH",
            "schoolDepartment": "OCS"
          },
          "Round 2 Window 4": {
            "term": "2018-19 Term 3B",
            "session": "FT Workshop Session",
            "biddingWindow": "Round 2 Window 4",
            "courseCode": "FTW200",
            "description": "Finishing Touch Workshops (Year Two)",
            "section": "G2",
            "vacancy": "45",
            "openingVacancy": "45",
            "beforeProcessVacancy": "0",
            "DICE": "0",
            "afterProcessVacancy": "0",
            "enrolledStudents": "254",
            "medianBid": "0.00",
            "minBid": "0.00",
            "instructor": " GLENN LOH, GLENN LOH, CATHERINE ONG, GLENN LOH, GLENN LOH",
            "schoolDepartment": "OCS"
          }
        }
      },
      " CHEE SZE YEN, SUZENNE ZHENG, CHEE SZE YEN": {
        "G3": {
          "Round 2 Window 3": {
            "term": "2018-19 Term 3B",
            "session": "FT Workshop Session",
            "biddingWindow": "Round 2 Window 3",
            "courseCode": "FTW200",
            "description": "Finishing Touch Workshops (Year Two)",
            "section": "G3",
            "vacancy": "45",
            "openingVacancy": "45",
            "beforeProcessVacancy": "0",
            "DICE": "0",
            "afterProcessVacancy": "0",
            "enrolledStudents": "221",
            "medianBid": "0.00",
            "minBid": "0.00",
            "instructor": " CHEE SZE YEN, SUZENNE ZHENG, CHEE SZE YEN",
            "schoolDepartment": "OCS"
          },
          "Round 2 Window 4": {
            "term": "2018-19 Term 3B",
            "session": "FT Workshop Session",
            "biddingWindow": "Round 2 Window 4",
            "courseCode": "FTW200",
            "description": "Finishing Touch Workshops (Year Two)",
            "section": "G3",
            "vacancy": "45",
            "openingVacancy": "45",
            "beforeProcessVacancy": "0",
            "DICE": "0",
            "afterProcessVacancy": "0",
            "enrolledStudents": "221",
            "medianBid": "0.00",
            "minBid": "0.00",
            "instructor": " CHEE SZE YEN, SUZENNE ZHENG, CHEE SZE YEN",
            "schoolDepartment": "OCS"
          }
        }
      },
      " JOANNE KOO HSIAW LYN, JOANNE KOO HSIAW LYN, MARION TEO, JOANNE KOO HSIAW LYN": {
        "G4": {
          "Round 2 Window 3": {
            "term": "2018-19 Term 3B",
            "session": "FT Workshop Session",
            "biddingWindow": "Round 2 Window 3",
            "courseCode": "FTW200",
            "description": "Finishing Touch Workshops (Year Two)",
            "section": "G4",
            "vacancy": "45",
            "openingVacancy": "45",
            "beforeProcessVacancy": "0",
            "DICE": "0",
            "afterProcessVacancy": "0",
            "enrolledStudents": "253",
            "medianBid": "0.00",
            "minBid": "0.00",
            "instructor": " JOANNE KOO HSIAW LYN, JOANNE KOO HSIAW LYN, MARION TEO, JOANNE KOO HSIAW LYN",
            "schoolDepartment": "OCS"
          },
          "Round 2 Window 4": {
            "term": "2018-19 Term 3B",
            "session": "FT Workshop Session",
            "biddingWindow": "Round 2 Window 4",
            "courseCode": "FTW200",
            "description": "Finishing Touch Workshops (Year Two)",
            "section": "G4",
            "vacancy": "45",
            "openingVacancy": "45",
            "beforeProcessVacancy": "0",
            "DICE": "0",
            "afterProcessVacancy": "0",
            "enrolledStudents": "253",
            "medianBid": "0.00",
            "minBid": "0.00",
            "instructor": " JOANNE KOO HSIAW LYN, JOANNE KOO HSIAW LYN, MARION TEO, JOANNE KOO HSIAW LYN",
            "schoolDepartment": "OCS"
          }
        }
      },
      " STEVEN CHONG, STEVEN CHONG, STEVEN CHONG, SUSAN WONG MUN YEE": {
        "G5": {
          "Round 2 Window 3": {
            "term": "2018-19 Term 3B",
            "session": "FT Workshop Session",
            "biddingWindow": "Round 2 Window 3",
            "courseCode": "FTW200",
            "description": "Finishing Touch Workshops (Year Two)",
            "section": "G5",
            "vacancy": "45",
            "openingVacancy": "45",
            "beforeProcessVacancy": "0",
            "DICE": "0",
            "afterProcessVacancy": "0",
            "enrolledStudents": "264",
            "medianBid": "0.00",
            "minBid": "0.00",
            "instructor": " STEVEN CHONG, STEVEN CHONG, STEVEN CHONG, SUSAN WONG MUN YEE",
            "schoolDepartment": "OCS"
          },
          "Round 2 Window 4": {
            "term": "2018-19 Term 3B",
            "session": "FT Workshop Session",
            "biddingWindow": "Round 2 Window 4",
            "courseCode": "FTW200",
            "description": "Finishing Touch Workshops (Year Two)",
            "section": "G5",
            "vacancy": "45",
            "openingVacancy": "45",
            "beforeProcessVacancy": "0",
            "DICE": "0",
            "afterProcessVacancy": "0",
            "enrolledStudents": "264",
            "medianBid": "0.00",
            "minBid": "0.00",
            "instructor": " STEVEN CHONG, STEVEN CHONG, STEVEN CHONG, SUSAN WONG MUN YEE",
            "schoolDepartment": "OCS"
          }
        }
      },
      " CLEMENT ONG, CLEMENT ONG, CLEMENT ONG, CATHERINE ONG": {
        "G6": {
          "Round 2 Window 3": {
            "term": "2018-19 Term 3B",
            "session": "FT Workshop Session",
            "biddingWindow": "Round 2 Window 3",
            "courseCode": "FTW200",
            "description": "Finishing Touch Workshops (Year Two)",
            "section": "G6",
            "vacancy": "45",
            "openingVacancy": "45",
            "beforeProcessVacancy": "0",
            "DICE": "0",
            "afterProcessVacancy": "0",
            "enrolledStudents": "267",
            "medianBid": "0.00",
            "minBid": "0.00",
            "instructor": " CLEMENT ONG, CLEMENT ONG, CLEMENT ONG, CATHERINE ONG",
            "schoolDepartment": "OCS"
          },
          "Round 2 Window 4": {
            "term": "2018-19 Term 3B",
            "session": "FT Workshop Session",
            "biddingWindow": "Round 2 Window 4",
            "courseCode": "FTW200",
            "description": "Finishing Touch Workshops (Year Two)",
            "section": "G6",
            "vacancy": "45",
            "openingVacancy": "45",
            "beforeProcessVacancy": "0",
            "DICE": "0",
            "afterProcessVacancy": "0",
            "enrolledStudents": "267",
            "medianBid": "0.00",
            "minBid": "0.00",
            "instructor": " CLEMENT ONG, CLEMENT ONG, CLEMENT ONG, CATHERINE ONG",
            "schoolDepartment": "OCS"
          }
        }
      },
      " GLENN LOH, SUZENNE ZHENG": {
        "G7": {
          "Round 2 Window 3": {
            "term": "2018-19 Term 3B",
            "session": "FT Workshop Session",
            "biddingWindow": "Round 2 Window 3",
            "courseCode": "FTW200",
            "description": "Finishing Touch Workshops (Year Two)",
            "section": "G7",
            "vacancy": "45",
            "openingVacancy": "45",
            "beforeProcessVacancy": "0",
            "DICE": "0",
            "afterProcessVacancy": "0",
            "enrolledStudents": "267",
            "medianBid": "0.00",
            "minBid": "0.00",
            "instructor": " GLENN LOH, SUZENNE ZHENG",
            "schoolDepartment": "OCS"
          },
          "Round 2 Window 4": {
            "term": "2018-19 Term 3B",
            "session": "FT Workshop Session",
            "biddingWindow": "Round 2 Window 4",
            "courseCode": "FTW200",
            "description": "Finishing Touch Workshops (Year Two)",
            "section": "G7",
            "vacancy": "45",
            "openingVacancy": "45",
            "beforeProcessVacancy": "0",
            "DICE": "0",
            "afterProcessVacancy": "0",
            "enrolledStudents": "267",
            "medianBid": "0.00",
            "minBid": "0.00",
            "instructor": " GLENN LOH, SUZENNE ZHENG",
            "schoolDepartment": "OCS"
          }
        }
      }
    },
    "FTW200 Finishing Touch Workshops (Year Two)(Job Search Strategies)": {
      "STEVEN CHONG": {
        "SG1": {
          "Round 2 Window 3": {
            "term": "2018-19 Term 3B",
            "session": "FT Workshop Session",
            "biddingWindow": "Round 2 Window 3",
            "courseCode": "FTW200",
            "description": "Finishing Touch Workshops (Year Two)(Job Search Strategies)",
            "section": "SG1",
            "vacancy": "45",
            "openingVacancy": "45",
            "beforeProcessVacancy": "45",
            "DICE": "0",
            "afterProcessVacancy": "45",
            "enrolledStudents": "0",
            "medianBid": "0.00",
            "minBid": "0.00",
            "instructor": "STEVEN CHONG",
            "schoolDepartment": "OCS"
          },
          "Round 2 Window 4": {
            "term": "2018-19 Term 3B",
            "session": "FT Workshop Session",
            "biddingWindow": "Round 2 Window 4",
            "courseCode": "FTW200",
            "description": "Finishing Touch Workshops (Year Two)(Job Search Strategies)",
            "section": "SG1",
            "vacancy": "45",
            "openingVacancy": "45",
            "beforeProcessVacancy": "45",
            "DICE": "0",
            "afterProcessVacancy": "45",
            "enrolledStudents": "0",
            "medianBid": "0.00",
            "minBid": "0.00",
            "instructor": "STEVEN CHONG",
            "schoolDepartment": "OCS"
          }
        }
      }
    },
    "FTW200 Finishing Touch Workshops (Year Two)(Resume & Cover Letter Writing)": {
      "STEVEN CHONG": {
        "SG3": {
          "Round 2 Window 3": {
            "term": "2018-19 Term 3B",
            "session": "FT Workshop Session",
            "biddingWindow": "Round 2 Window 3",
            "courseCode": "FTW200",
            "description": "Finishing Touch Workshops (Year Two)(Resume & Cover Letter Writing)",
            "section": "SG3",
            "vacancy": "45",
            "openingVacancy": "45",
            "beforeProcessVacancy": "45",
            "DICE": "0",
            "afterProcessVacancy": "45",
            "enrolledStudents": "0",
            "medianBid": "0.00",
            "minBid": "0.00",
            "instructor": "STEVEN CHONG",
            "schoolDepartment": "OCS"
          },
          "Round 2 Window 4": {
            "term": "2018-19 Term 3B",
            "session": "FT Workshop Session",
            "biddingWindow": "Round 2 Window 4",
            "courseCode": "FTW200",
            "description": "Finishing Touch Workshops (Year Two)(Resume & Cover Letter Writing)",
            "section": "SG3",
            "vacancy": "45",
            "openingVacancy": "45",
            "beforeProcessVacancy": "45",
            "DICE": "0",
            "afterProcessVacancy": "45",
            "enrolledStudents": "0",
            "medianBid": "0.00",
            "minBid": "0.00",
            "instructor": "STEVEN CHONG",
            "schoolDepartment": "OCS"
          }
        }
      }
    },
    "FTW200 Finishing Touch Workshops (Year Two)(Social Etiq. & Groom for Suc.)": {
      "SUSAN WONG MUN YEE": {
        "SG5": {
          "Round 2 Window 3": {
            "term": "2018-19 Term 3B",
            "session": "FT Workshop Session",
            "biddingWindow": "Round 2 Window 3",
            "courseCode": "FTW200",
            "description": "Finishing Touch Workshops (Year Two)(Social Etiq. & Groom for Suc.)",
            "section": "SG5",
            "vacancy": "45",
            "openingVacancy": "45",
            "beforeProcessVacancy": "45",
            "DICE": "0",
            "afterProcessVacancy": "45",
            "enrolledStudents": "0",
            "medianBid": "0.00",
            "minBid": "0.00",
            "instructor": "SUSAN WONG MUN YEE",
            "schoolDepartment": "OCS"
          },
          "Round 2 Window 4": {
            "term": "2018-19 Term 3B",
            "session": "FT Workshop Session",
            "biddingWindow": "Round 2 Window 4",
            "courseCode": "FTW200",
            "description": "Finishing Touch Workshops (Year Two)(Social Etiq. & Groom for Suc.)",
            "section": "SG5",
            "vacancy": "45",
            "openingVacancy": "45",
            "beforeProcessVacancy": "45",
            "DICE": "0",
            "afterProcessVacancy": "45",
            "enrolledStudents": "0",
            "medianBid": "0.00",
            "minBid": "0.00",
            "instructor": "SUSAN WONG MUN YEE",
            "schoolDepartment": "OCS"
          }
        }
      }
    },
    "FTW200 Finishing Touch Workshops (Year Two)(Pers. Brand. & Network. Skills)": {
      "STEVEN CHONG": {
        "SG7": {
          "Round 2 Window 3": {
            "term": "2018-19 Term 3B",
            "session": "FT Workshop Session",
            "biddingWindow": "Round 2 Window 3",
            "courseCode": "FTW200",
            "description": "Finishing Touch Workshops (Year Two)(Pers. Brand. & Network. Skills)",
            "section": "SG7",
            "vacancy": "45",
            "openingVacancy": "45",
            "beforeProcessVacancy": "45",
            "DICE": "0",
            "afterProcessVacancy": "45",
            "enrolledStudents": "0",
            "medianBid": "0.00",
            "minBid": "0.00",
            "instructor": "STEVEN CHONG",
            "schoolDepartment": "OCS"
          },
          "Round 2 Window 4": {
            "term": "2018-19 Term 3B",
            "session": "FT Workshop Session",
            "biddingWindow": "Round 2 Window 4",
            "courseCode": "FTW200",
            "description": "Finishing Touch Workshops (Year Two)(Pers. Brand. & Network. Skills)",
            "section": "SG7",
            "vacancy": "45",
            "openingVacancy": "45",
            "beforeProcessVacancy": "45",
            "DICE": "0",
            "afterProcessVacancy": "45",
            "enrolledStudents": "0",
            "medianBid": "0.00",
            "minBid": "0.00",
            "instructor": "STEVEN CHONG",
            "schoolDepartment": "OCS"
          }
        }
      }
    },
    "FTW200 Finishing Touch Workshops (Year Two)(Interviewing Skills)": {
      "STEVEN CHONG": {
        "SG9": {
          "Round 2 Window 3": {
            "term": "2018-19 Term 3B",
            "session": "FT Workshop Session",
            "biddingWindow": "Round 2 Window 3",
            "courseCode": "FTW200",
            "description": "Finishing Touch Workshops (Year Two)(Interviewing Skills)",
            "section": "SG9",
            "vacancy": "45",
            "openingVacancy": "45",
            "beforeProcessVacancy": "45",
            "DICE": "0",
            "afterProcessVacancy": "45",
            "enrolledStudents": "0",
            "medianBid": "0.00",
            "minBid": "0.00",
            "instructor": "STEVEN CHONG",
            "schoolDepartment": "OCS"
          },
          "Round 2 Window 4": {
            "term": "2018-19 Term 3B",
            "session": "FT Workshop Session",
            "biddingWindow": "Round 2 Window 4",
            "courseCode": "FTW200",
            "description": "Finishing Touch Workshops (Year Two)(Interviewing Skills)",
            "section": "SG9",
            "vacancy": "45",
            "openingVacancy": "45",
            "beforeProcessVacancy": "45",
            "DICE": "0",
            "afterProcessVacancy": "45",
            "enrolledStudents": "0",
            "medianBid": "0.00",
            "minBid": "0.00",
            "instructor": "STEVEN CHONG",
            "schoolDepartment": "OCS"
          }
        }
      }
    },
    "IS446 Managing Customer Relations with Analytics: Asian Insights": {
      " RAFAEL J. BARROS, RAFAEL J. BARROS, RAFAEL J. BARROS": {
        "G1": {
          "Round 1 Window 1": {
            "term": "2018-19 Term 3B",
            "session": "Modified Session",
            "biddingWindow": "Round 1 Window 1",
            "courseCode": "IS446",
            "description": "Managing Customer Relations with Analytics: Asian Insights",
            "section": "G1",
            "vacancy": "45",
            "openingVacancy": "0",
            "beforeProcessVacancy": "0",
            "DICE": "0",
            "afterProcessVacancy": "0",
            "enrolledStudents": "0",
            "medianBid": "0.00",
            "minBid": "0.00",
            "instructor": " RAFAEL J. BARROS, RAFAEL J. BARROS, RAFAEL J. BARROS",
            "schoolDepartment": "SIS"
          },
          "Round 1 Window 2": {
            "term": "2018-19 Term 3B",
            "session": "Modified Session",
            "biddingWindow": "Round 1 Window 2",
            "courseCode": "IS446",
            "description": "Managing Customer Relations with Analytics: Asian Insights",
            "section": "G1",
            "vacancy": "45",
            "openingVacancy": "0",
            "beforeProcessVacancy": "0",
            "DICE": "0",
            "afterProcessVacancy": "0",
            "enrolledStudents": "0",
            "medianBid": "0.00",
            "minBid": "0.00",
            "instructor": " RAFAEL J. BARROS, RAFAEL J. BARROS, RAFAEL J. BARROS",
            "schoolDepartment": "SIS"
          },
          "Round 1 Window 3": {
            "term": "2018-19 Term 3B",
            "session": "Modified Session",
            "biddingWindow": "Round 1 Window 3",
            "courseCode": "IS446",
            "description": "Managing Customer Relations with Analytics: Asian Insights",
            "section": "G1",
            "vacancy": "45",
            "openingVacancy": "0",
            "beforeProcessVacancy": "0",
            "DICE": "0",
            "afterProcessVacancy": "0",
            "enrolledStudents": "0",
            "medianBid": "0.00",
            "minBid": "0.00",
            "instructor": " RAFAEL J. BARROS, RAFAEL J. BARROS, RAFAEL J. BARROS",
            "schoolDepartment": "SIS"
          },
          "Round 1 Window 4": {
            "term": "2018-19 Term 3B",
            "session": "Modified Session",
            "biddingWindow": "Round 1 Window 4",
            "courseCode": "IS446",
            "description": "Managing Customer Relations with Analytics: Asian Insights",
            "section": "G1",
            "vacancy": "45",
            "openingVacancy": "0",
            "beforeProcessVacancy": "0",
            "DICE": "0",
            "afterProcessVacancy": "0",
            "enrolledStudents": "0",
            "medianBid": "0.00",
            "minBid": "0.00",
            "instructor": " RAFAEL J. BARROS, RAFAEL J. BARROS, RAFAEL J. BARROS",
            "schoolDepartment": "SIS"
          },
          "Round 2 Window 1": {
            "term": "2018-19 Term 3B",
            "session": "Modified Session",
            "biddingWindow": "Round 2 Window 1",
            "courseCode": "IS446",
            "description": "Managing Customer Relations with Analytics: Asian Insights",
            "section": "G1",
            "vacancy": "45",
            "openingVacancy": "0",
            "beforeProcessVacancy": "0",
            "DICE": "0",
            "afterProcessVacancy": "0",
            "enrolledStudents": "0",
            "medianBid": "0.00",
            "minBid": "0.00",
            "instructor": " RAFAEL J. BARROS, RAFAEL J. BARROS, RAFAEL J. BARROS",
            "schoolDepartment": "SIS"
          },
          "Round 2 Window 2": {
            "term": "2018-19 Term 3B",
            "session": "Modified Session",
            "biddingWindow": "Round 2 Window 2",
            "courseCode": "IS446",
            "description": "Managing Customer Relations with Analytics: Asian Insights",
            "section": "G1",
            "vacancy": "45",
            "openingVacancy": "0",
            "beforeProcessVacancy": "0",
            "DICE": "0",
            "afterProcessVacancy": "0",
            "enrolledStudents": "0",
            "medianBid": "0.00",
            "minBid": "0.00",
            "instructor": " RAFAEL J. BARROS, RAFAEL J. BARROS, RAFAEL J. BARROS",
            "schoolDepartment": "SIS"
          },
          "Round 2 Window 3": {
            "term": "2018-19 Term 3B",
            "session": "Modified Session",
            "biddingWindow": "Round 2 Window 3",
            "courseCode": "IS446",
            "description": "Managing Customer Relations with Analytics: Asian Insights",
            "section": "G1",
            "vacancy": "45",
            "openingVacancy": "24",
            "beforeProcessVacancy": "0",
            "DICE": "0",
            "afterProcessVacancy": "0",
            "enrolledStudents": "24",
            "medianBid": "0.00",
            "minBid": "0.00",
            "instructor": " RAFAEL J. BARROS, RAFAEL J. BARROS, RAFAEL J. BARROS",
            "schoolDepartment": "SIS"
          },
          "Round 2 Window 4": {
            "term": "2018-19 Term 3B",
            "session": "Modified Session",
            "biddingWindow": "Round 2 Window 4",
            "courseCode": "IS446",
            "description": "Managing Customer Relations with Analytics: Asian Insights",
            "section": "G1",
            "vacancy": "45",
            "openingVacancy": "24",
            "beforeProcessVacancy": "0",
            "DICE": "0",
            "afterProcessVacancy": "0",
            "enrolledStudents": "24",
            "medianBid": "0.00",
            "minBid": "0.00",
            "instructor": " RAFAEL J. BARROS, RAFAEL J. BARROS, RAFAEL J. BARROS",
            "schoolDepartment": "SIS"
          }
        }
      }
    },
    "LGST234 The Legal Environment of Business: An Asian Perspective": {
      " SAMUEL NG, SAMUEL NG, SAMUEL NG": {
        "G1": {
          "Round 1 Window 1": {
            "term": "2018-19 Term 3B",
            "session": "Modified Session",
            "biddingWindow": "Round 1 Window 1",
            "courseCode": "LGST234",
            "description": "The Legal Environment of Business: An Asian Perspective",
            "section": "G1",
            "vacancy": "45",
            "openingVacancy": "45",
            "beforeProcessVacancy": "45",
            "DICE": "0",
            "afterProcessVacancy": "45",
            "enrolledStudents": "0",
            "medianBid": "0.00",
            "minBid": "0.00",
            "instructor": " SAMUEL NG, SAMUEL NG, SAMUEL NG",
            "schoolDepartment": "SOL"
          },
          "Round 1 Window 2": {
            "term": "2018-19 Term 3B",
            "session": "Modified Session",
            "biddingWindow": "Round 1 Window 2",
            "courseCode": "LGST234",
            "description": "The Legal Environment of Business: An Asian Perspective",
            "section": "G1",
            "vacancy": "45",
            "openingVacancy": "45",
            "beforeProcessVacancy": "45",
            "DICE": "0",
            "afterProcessVacancy": "45",
            "enrolledStudents": "0",
            "medianBid": "0.00",
            "minBid": "0.00",
            "instructor": " SAMUEL NG, SAMUEL NG, SAMUEL NG",
            "schoolDepartment": "SOL"
          },
          "Round 1 Window 3": {
            "term": "2018-19 Term 3B",
            "session": "Modified Session",
            "biddingWindow": "Round 1 Window 3",
            "courseCode": "LGST234",
            "description": "The Legal Environment of Business: An Asian Perspective",
            "section": "G1",
            "vacancy": "45",
            "openingVacancy": "45",
            "beforeProcessVacancy": "45",
            "DICE": "0",
            "afterProcessVacancy": "45",
            "enrolledStudents": "0",
            "medianBid": "0.00",
            "minBid": "0.00",
            "instructor": " SAMUEL NG, SAMUEL NG, SAMUEL NG",
            "schoolDepartment": "SOL"
          },
          "Round 1 Window 4": {
            "term": "2018-19 Term 3B",
            "session": "Modified Session",
            "biddingWindow": "Round 1 Window 4",
            "courseCode": "LGST234",
            "description": "The Legal Environment of Business: An Asian Perspective",
            "section": "G1",
            "vacancy": "45",
            "openingVacancy": "45",
            "beforeProcessVacancy": "45",
            "DICE": "0",
            "afterProcessVacancy": "45",
            "enrolledStudents": "0",
            "medianBid": "0.00",
            "minBid": "0.00",
            "instructor": " SAMUEL NG, SAMUEL NG, SAMUEL NG",
            "schoolDepartment": "SOL"
          },
          "Round 2 Window 1": {
            "term": "2018-19 Term 3B",
            "session": "Modified Session",
            "biddingWindow": "Round 2 Window 1",
            "courseCode": "LGST234",
            "description": "The Legal Environment of Business: An Asian Perspective",
            "section": "G1",
            "vacancy": "45",
            "openingVacancy": "45",
            "beforeProcessVacancy": "45",
            "DICE": "0",
            "afterProcessVacancy": "45",
            "enrolledStudents": "0",
            "medianBid": "0.00",
            "minBid": "0.00",
            "instructor": " SAMUEL NG, SAMUEL NG, SAMUEL NG",
            "schoolDepartment": "SOL"
          },
          "Round 2 Window 2": {
            "term": "2018-19 Term 3B",
            "session": "Modified Session",
            "biddingWindow": "Round 2 Window 2",
            "courseCode": "LGST234",
            "description": "The Legal Environment of Business: An Asian Perspective",
            "section": "G1",
            "vacancy": "45",
            "openingVacancy": "45",
            "beforeProcessVacancy": "45",
            "DICE": "0",
            "afterProcessVacancy": "45",
            "enrolledStudents": "0",
            "medianBid": "0.00",
            "minBid": "0.00",
            "instructor": " SAMUEL NG, SAMUEL NG, SAMUEL NG",
            "schoolDepartment": "SOL"
          },
          "Round 2 Window 3": {
            "term": "2018-19 Term 3B",
            "session": "Modified Session",
            "biddingWindow": "Round 2 Window 3",
            "courseCode": "LGST234",
            "description": "The Legal Environment of Business: An Asian Perspective",
            "section": "G1",
            "vacancy": "45",
            "openingVacancy": "20",
            "beforeProcessVacancy": "0",
            "DICE": "0",
            "afterProcessVacancy": "0",
            "enrolledStudents": "20",
            "medianBid": "0.00",
            "minBid": "0.00",
            "instructor": " SAMUEL NG, SAMUEL NG, SAMUEL NG",
            "schoolDepartment": "SOL"
          },
          "Round 2 Window 4": {
            "term": "2018-19 Term 3B",
            "session": "Modified Session",
            "biddingWindow": "Round 2 Window 4",
            "courseCode": "LGST234",
            "description": "The Legal Environment of Business: An Asian Perspective",
            "section": "G1",
            "vacancy": "45",
            "openingVacancy": "20",
            "beforeProcessVacancy": "0",
            "DICE": "0",
            "afterProcessVacancy": "0",
            "enrolledStudents": "20",
            "medianBid": "0.00",
            "minBid": "0.00",
            "instructor": " SAMUEL NG, SAMUEL NG, SAMUEL NG",
            "schoolDepartment": "SOL"
          }
        }
      }
    },
    "MGMT005 Managing in a Volatile, Uncertain, Complex and Ambiguous Context(SUTD cls, encrg SMU Std enrol)": {
      " WHITNEY ZHANG, WHITNEY ZHANG": {
        "G40": {
          "Round 1 Window 1": {
            "term": "2018-19 Term 3B",
            "session": "Modified Session",
            "biddingWindow": "Round 1 Window 1",
            "courseCode": "MGMT005",
            "description": "Managing in a Volatile, Uncertain, Complex and Ambiguous Context(SUTD cls, encrg SMU Std enrol)",
            "section": "G40",
            "vacancy": "45",
            "openingVacancy": "30",
            "beforeProcessVacancy": "30",
            "DICE": "0",
            "afterProcessVacancy": "24",
            "enrolledStudents": "6",
            "medianBid": "11.76",
            "minBid": "10.00",
            "instructor": " WHITNEY ZHANG, WHITNEY ZHANG",
            "schoolDepartment": "LKCSOB"
          },
          "Round 1 Window 2": {
            "term": "2018-19 Term 3B",
            "session": "Modified Session",
            "biddingWindow": "Round 1 Window 2",
            "courseCode": "MGMT005",
            "description": "Managing in a Volatile, Uncertain, Complex and Ambiguous Context(SUTD cls, encrg SMU Std enrol)",
            "section": "G40",
            "vacancy": "45",
            "openingVacancy": "30",
            "beforeProcessVacancy": "25",
            "DICE": "0",
            "afterProcessVacancy": "23",
            "enrolledStudents": "7",
            "medianBid": "11.11",
            "minBid": "10.00",
            "instructor": " WHITNEY ZHANG, WHITNEY ZHANG",
            "schoolDepartment": "LKCSOB"
          },
          "Round 1 Window 3": {
            "term": "2018-19 Term 3B",
            "session": "Modified Session",
            "biddingWindow": "Round 1 Window 3",
            "courseCode": "MGMT005",
            "description": "Managing in a Volatile, Uncertain, Complex and Ambiguous Context(SUTD cls, encrg SMU Std enrol)",
            "section": "G40",
            "vacancy": "45",
            "openingVacancy": "30",
            "beforeProcessVacancy": "24",
            "DICE": "0",
            "afterProcessVacancy": "24",
            "enrolledStudents": "6",
            "medianBid": "0.00",
            "minBid": "0.00",
            "instructor": " WHITNEY ZHANG, WHITNEY ZHANG",
            "schoolDepartment": "LKCSOB"
          },
          "Round 1 Window 4": {
            "term": "2018-19 Term 3B",
            "session": "Modified Session",
            "biddingWindow": "Round 1 Window 4",
            "courseCode": "MGMT005",
            "description": "Managing in a Volatile, Uncertain, Complex and Ambiguous Context(SUTD cls, encrg SMU Std enrol)",
            "section": "G40",
            "vacancy": "45",
            "openingVacancy": "30",
            "beforeProcessVacancy": "24",
            "DICE": "0",
            "afterProcessVacancy": "24",
            "enrolledStudents": "6",
            "medianBid": "0.00",
            "minBid": "0.00",
            "instructor": " WHITNEY ZHANG, WHITNEY ZHANG",
            "schoolDepartment": "LKCSOB"
          },
          "Round 2 Window 1": {
            "term": "2018-19 Term 3B",
            "session": "Modified Session",
            "biddingWindow": "Round 2 Window 1",
            "courseCode": "MGMT005",
            "description": "Managing in a Volatile, Uncertain, Complex and Ambiguous Context(SUTD cls, encrg SMU Std enrol)",
            "section": "G40",
            "vacancy": "45",
            "openingVacancy": "45",
            "beforeProcessVacancy": "24",
            "DICE": "0",
            "afterProcessVacancy": "23",
            "enrolledStudents": "22",
            "medianBid": "11.11",
            "minBid": "11.11",
            "instructor": " WHITNEY ZHANG, WHITNEY ZHANG",
            "schoolDepartment": "LKCSOB"
          },
          "Round 2 Window 2": {
            "term": "2018-19 Term 3B",
            "session": "Modified Session",
            "biddingWindow": "Round 2 Window 2",
            "courseCode": "MGMT005",
            "description": "Managing in a Volatile, Uncertain, Complex and Ambiguous Context(SUTD cls, encrg SMU Std enrol)",
            "section": "G40",
            "vacancy": "45",
            "openingVacancy": "45",
            "beforeProcessVacancy": "23",
            "DICE": "0",
            "afterProcessVacancy": "23",
            "enrolledStudents": "22",
            "medianBid": "0.00",
            "minBid": "0.00",
            "instructor": " WHITNEY ZHANG, WHITNEY ZHANG",
            "schoolDepartment": "LKCSOB"
          },
          "Round 2 Window 3": {
            "term": "2018-19 Term 3B",
            "session": "Modified Session",
            "biddingWindow": "Round 2 Window 3",
            "courseCode": "MGMT005",
            "description": "Managing in a Volatile, Uncertain, Complex and Ambiguous Context(SUTD cls, encrg SMU Std enrol)",
            "section": "G40",
            "vacancy": "45",
            "openingVacancy": "45",
            "beforeProcessVacancy": "23",
            "DICE": "0",
            "afterProcessVacancy": "19",
            "enrolledStudents": "26",
            "medianBid": "12.50",
            "minBid": "10.00",
            "instructor": " WHITNEY ZHANG, WHITNEY ZHANG",
            "schoolDepartment": "LKCSOB"
          },
          "Round 2 Window 4": {
            "term": "2018-19 Term 3B",
            "session": "Modified Session",
            "biddingWindow": "Round 2 Window 4",
            "courseCode": "MGMT005",
            "description": "Managing in a Volatile, Uncertain, Complex and Ambiguous Context(SUTD cls, encrg SMU Std enrol)",
            "section": "G40",
            "vacancy": "45",
            "openingVacancy": "45",
            "beforeProcessVacancy": "19",
            "DICE": "0",
            "afterProcessVacancy": "19",
            "enrolledStudents": "26",
            "medianBid": "0.00",
            "minBid": "0.00",
            "instructor": " WHITNEY ZHANG, WHITNEY ZHANG",
            "schoolDepartment": "LKCSOB"
          }
        }
      }
    },
    "MGMT218S Entrepreneurship in Asia": {
      " DAVID GOMULYA, DAVID GOMULYA, DAVID GOMULYA": {
        "G1": {
          "Round 1 Window 1": {
            "term": "2018-19 Term 3B",
            "session": "Modified Session",
            "biddingWindow": "Round 1 Window 1",
            "courseCode": "MGMT218S",
            "description": "Entrepreneurship in Asia",
            "section": "G1",
            "vacancy": "45",
            "openingVacancy": "0",
            "beforeProcessVacancy": "0",
            "DICE": "0",
            "afterProcessVacancy": "0",
            "enrolledStudents": "0",
            "medianBid": "0.00",
            "minBid": "0.00",
            "instructor": " DAVID GOMULYA, DAVID GOMULYA, DAVID GOMULYA",
            "schoolDepartment": "LKCSOB"
          },
          "Round 1 Window 2": {
            "term": "2018-19 Term 3B",
            "session": "Modified Session",
            "biddingWindow": "Round 1 Window 2",
            "courseCode": "MGMT218S",
            "description": "Entrepreneurship in Asia",
            "section": "G1",
            "vacancy": "45",
            "openingVacancy": "0",
            "beforeProcessVacancy": "0",
            "DICE": "0",
            "afterProcessVacancy": "0",
            "enrolledStudents": "0",
            "medianBid": "0.00",
            "minBid": "0.00",
            "instructor": " DAVID GOMULYA, DAVID GOMULYA, DAVID GOMULYA",
            "schoolDepartment": "LKCSOB"
          },
          "Round 1 Window 3": {
            "term": "2018-19 Term 3B",
            "session": "Modified Session",
            "biddingWindow": "Round 1 Window 3",
            "courseCode": "MGMT218S",
            "description": "Entrepreneurship in Asia",
            "section": "G1",
            "vacancy": "45",
            "openingVacancy": "0",
            "beforeProcessVacancy": "0",
            "DICE": "0",
            "afterProcessVacancy": "0",
            "enrolledStudents": "0",
            "medianBid": "0.00",
            "minBid": "0.00",
            "instructor": " DAVID GOMULYA, DAVID GOMULYA, DAVID GOMULYA",
            "schoolDepartment": "LKCSOB"
          },
          "Round 1 Window 4": {
            "term": "2018-19 Term 3B",
            "session": "Modified Session",
            "biddingWindow": "Round 1 Window 4",
            "courseCode": "MGMT218S",
            "description": "Entrepreneurship in Asia",
            "section": "G1",
            "vacancy": "45",
            "openingVacancy": "0",
            "beforeProcessVacancy": "0",
            "DICE": "0",
            "afterProcessVacancy": "0",
            "enrolledStudents": "0",
            "medianBid": "0.00",
            "minBid": "0.00",
            "instructor": " DAVID GOMULYA, DAVID GOMULYA, DAVID GOMULYA",
            "schoolDepartment": "LKCSOB"
          },
          "Round 2 Window 1": {
            "term": "2018-19 Term 3B",
            "session": "Modified Session",
            "biddingWindow": "Round 2 Window 1",
            "courseCode": "MGMT218S",
            "description": "Entrepreneurship in Asia",
            "section": "G1",
            "vacancy": "45",
            "openingVacancy": "0",
            "beforeProcessVacancy": "0",
            "DICE": "0",
            "afterProcessVacancy": "0",
            "enrolledStudents": "0",
            "medianBid": "0.00",
            "minBid": "0.00",
            "instructor": " DAVID GOMULYA, DAVID GOMULYA, DAVID GOMULYA",
            "schoolDepartment": "LKCSOB"
          },
          "Round 2 Window 2": {
            "term": "2018-19 Term 3B",
            "session": "Modified Session",
            "biddingWindow": "Round 2 Window 2",
            "courseCode": "MGMT218S",
            "description": "Entrepreneurship in Asia",
            "section": "G1",
            "vacancy": "45",
            "openingVacancy": "0",
            "beforeProcessVacancy": "0",
            "DICE": "0",
            "afterProcessVacancy": "0",
            "enrolledStudents": "0",
            "medianBid": "0.00",
            "minBid": "0.00",
            "instructor": " DAVID GOMULYA, DAVID GOMULYA, DAVID GOMULYA",
            "schoolDepartment": "LKCSOB"
          },
          "Round 2 Window 3": {
            "term": "2018-19 Term 3B",
            "session": "Modified Session",
            "biddingWindow": "Round 2 Window 3",
            "courseCode": "MGMT218S",
            "description": "Entrepreneurship in Asia",
            "section": "G1",
            "vacancy": "45",
            "openingVacancy": "22",
            "beforeProcessVacancy": "0",
            "DICE": "0",
            "afterProcessVacancy": "0",
            "enrolledStudents": "22",
            "medianBid": "0.00",
            "minBid": "0.00",
            "instructor": " DAVID GOMULYA, DAVID GOMULYA, DAVID GOMULYA",
            "schoolDepartment": "LKCSOB"
          },
          "Round 2 Window 4": {
            "term": "2018-19 Term 3B",
            "session": "Modified Session",
            "biddingWindow": "Round 2 Window 4",
            "courseCode": "MGMT218S",
            "description": "Entrepreneurship in Asia",
            "section": "G1",
            "vacancy": "45",
            "openingVacancy": "22",
            "beforeProcessVacancy": "0",
            "DICE": "0",
            "afterProcessVacancy": "0",
            "enrolledStudents": "22",
            "medianBid": "0.00",
            "minBid": "0.00",
            "instructor": " DAVID GOMULYA, DAVID GOMULYA, DAVID GOMULYA",
            "schoolDepartment": "LKCSOB"
          }
        }
      }
    },
    "MGMT222S Asian Family Businesses": {
      " ROGER LOW, ROGER LOW, ROGER LOW": {
        "G1": {
          "Round 1 Window 1": {
            "term": "2018-19 Term 3B",
            "session": "Modified Session",
            "biddingWindow": "Round 1 Window 1",
            "courseCode": "MGMT222S",
            "description": "Asian Family Businesses",
            "section": "G1",
            "vacancy": "45",
            "openingVacancy": "0",
            "beforeProcessVacancy": "0",
            "DICE": "0",
            "afterProcessVacancy": "0",
            "enrolledStudents": "0",
            "medianBid": "0.00",
            "minBid": "0.00",
            "instructor": " ROGER LOW, ROGER LOW, ROGER LOW",
            "schoolDepartment": "LKCSOB"
          },
          "Round 1 Window 2": {
            "term": "2018-19 Term 3B",
            "session": "Modified Session",
            "biddingWindow": "Round 1 Window 2",
            "courseCode": "MGMT222S",
            "description": "Asian Family Businesses",
            "section": "G1",
            "vacancy": "45",
            "openingVacancy": "0",
            "beforeProcessVacancy": "0",
            "DICE": "0",
            "afterProcessVacancy": "0",
            "enrolledStudents": "0",
            "medianBid": "0.00",
            "minBid": "0.00",
            "instructor": " ROGER LOW, ROGER LOW, ROGER LOW",
            "schoolDepartment": "LKCSOB"
          },
          "Round 1 Window 3": {
            "term": "2018-19 Term 3B",
            "session": "Modified Session",
            "biddingWindow": "Round 1 Window 3",
            "courseCode": "MGMT222S",
            "description": "Asian Family Businesses",
            "section": "G1",
            "vacancy": "45",
            "openingVacancy": "0",
            "beforeProcessVacancy": "0",
            "DICE": "0",
            "afterProcessVacancy": "0",
            "enrolledStudents": "0",
            "medianBid": "0.00",
            "minBid": "0.00",
            "instructor": " ROGER LOW, ROGER LOW, ROGER LOW",
            "schoolDepartment": "LKCSOB"
          },
          "Round 1 Window 4": {
            "term": "2018-19 Term 3B",
            "session": "Modified Session",
            "biddingWindow": "Round 1 Window 4",
            "courseCode": "MGMT222S",
            "description": "Asian Family Businesses",
            "section": "G1",
            "vacancy": "45",
            "openingVacancy": "0",
            "beforeProcessVacancy": "0",
            "DICE": "0",
            "afterProcessVacancy": "0",
            "enrolledStudents": "0",
            "medianBid": "0.00",
            "minBid": "0.00",
            "instructor": " ROGER LOW, ROGER LOW, ROGER LOW",
            "schoolDepartment": "LKCSOB"
          },
          "Round 2 Window 1": {
            "term": "2018-19 Term 3B",
            "session": "Modified Session",
            "biddingWindow": "Round 2 Window 1",
            "courseCode": "MGMT222S",
            "description": "Asian Family Businesses",
            "section": "G1",
            "vacancy": "45",
            "openingVacancy": "0",
            "beforeProcessVacancy": "0",
            "DICE": "0",
            "afterProcessVacancy": "0",
            "enrolledStudents": "0",
            "medianBid": "0.00",
            "minBid": "0.00",
            "instructor": " ROGER LOW, ROGER LOW, ROGER LOW",
            "schoolDepartment": "LKCSOB"
          },
          "Round 2 Window 2": {
            "term": "2018-19 Term 3B",
            "session": "Modified Session",
            "biddingWindow": "Round 2 Window 2",
            "courseCode": "MGMT222S",
            "description": "Asian Family Businesses",
            "section": "G1",
            "vacancy": "45",
            "openingVacancy": "0",
            "beforeProcessVacancy": "0",
            "DICE": "0",
            "afterProcessVacancy": "0",
            "enrolledStudents": "0",
            "medianBid": "0.00",
            "minBid": "0.00",
            "instructor": " ROGER LOW, ROGER LOW, ROGER LOW",
            "schoolDepartment": "LKCSOB"
          },
          "Round 2 Window 3": {
            "term": "2018-19 Term 3B",
            "session": "Modified Session",
            "biddingWindow": "Round 2 Window 3",
            "courseCode": "MGMT222S",
            "description": "Asian Family Businesses",
            "section": "G1",
            "vacancy": "45",
            "openingVacancy": "19",
            "beforeProcessVacancy": "0",
            "DICE": "0",
            "afterProcessVacancy": "0",
            "enrolledStudents": "19",
            "medianBid": "0.00",
            "minBid": "0.00",
            "instructor": " ROGER LOW, ROGER LOW, ROGER LOW",
            "schoolDepartment": "LKCSOB"
          },
          "Round 2 Window 4": {
            "term": "2018-19 Term 3B",
            "session": "Modified Session",
            "biddingWindow": "Round 2 Window 4",
            "courseCode": "MGMT222S",
            "description": "Asian Family Businesses",
            "section": "G1",
            "vacancy": "45",
            "openingVacancy": "19",
            "beforeProcessVacancy": "0",
            "DICE": "0",
            "afterProcessVacancy": "0",
            "enrolledStudents": "19",
            "medianBid": "0.00",
            "minBid": "0.00",
            "instructor": " ROGER LOW, ROGER LOW, ROGER LOW",
            "schoolDepartment": "LKCSOB"
          }
        }
      }
    },
    "MGMT223S Social Entrepreneurship in Asia": {
      " KENNETH GOH, KENNETH GOH, KENNETH GOH": {
        "G1": {
          "Round 1 Window 1": {
            "term": "2018-19 Term 3B",
            "session": "Modified Session",
            "biddingWindow": "Round 1 Window 1",
            "courseCode": "MGMT223S",
            "description": "Social Entrepreneurship in Asia",
            "section": "G1",
            "vacancy": "45",
            "openingVacancy": "0",
            "beforeProcessVacancy": "0",
            "DICE": "0",
            "afterProcessVacancy": "0",
            "enrolledStudents": "0",
            "medianBid": "0.00",
            "minBid": "0.00",
            "instructor": " KENNETH GOH, KENNETH GOH, KENNETH GOH",
            "schoolDepartment": "LKCSOB"
          },
          "Round 1 Window 2": {
            "term": "2018-19 Term 3B",
            "session": "Modified Session",
            "biddingWindow": "Round 1 Window 2",
            "courseCode": "MGMT223S",
            "description": "Social Entrepreneurship in Asia",
            "section": "G1",
            "vacancy": "45",
            "openingVacancy": "0",
            "beforeProcessVacancy": "0",
            "DICE": "0",
            "afterProcessVacancy": "0",
            "enrolledStudents": "0",
            "medianBid": "0.00",
            "minBid": "0.00",
            "instructor": " KENNETH GOH, KENNETH GOH, KENNETH GOH",
            "schoolDepartment": "LKCSOB"
          },
          "Round 1 Window 3": {
            "term": "2018-19 Term 3B",
            "session": "Modified Session",
            "biddingWindow": "Round 1 Window 3",
            "courseCode": "MGMT223S",
            "description": "Social Entrepreneurship in Asia",
            "section": "G1",
            "vacancy": "45",
            "openingVacancy": "0",
            "beforeProcessVacancy": "0",
            "DICE": "0",
            "afterProcessVacancy": "0",
            "enrolledStudents": "0",
            "medianBid": "0.00",
            "minBid": "0.00",
            "instructor": " KENNETH GOH, KENNETH GOH, KENNETH GOH",
            "schoolDepartment": "LKCSOB"
          },
          "Round 1 Window 4": {
            "term": "2018-19 Term 3B",
            "session": "Modified Session",
            "biddingWindow": "Round 1 Window 4",
            "courseCode": "MGMT223S",
            "description": "Social Entrepreneurship in Asia",
            "section": "G1",
            "vacancy": "45",
            "openingVacancy": "0",
            "beforeProcessVacancy": "0",
            "DICE": "0",
            "afterProcessVacancy": "0",
            "enrolledStudents": "0",
            "medianBid": "0.00",
            "minBid": "0.00",
            "instructor": " KENNETH GOH, KENNETH GOH, KENNETH GOH",
            "schoolDepartment": "LKCSOB"
          },
          "Round 2 Window 1": {
            "term": "2018-19 Term 3B",
            "session": "Modified Session",
            "biddingWindow": "Round 2 Window 1",
            "courseCode": "MGMT223S",
            "description": "Social Entrepreneurship in Asia",
            "section": "G1",
            "vacancy": "45",
            "openingVacancy": "0",
            "beforeProcessVacancy": "0",
            "DICE": "0",
            "afterProcessVacancy": "0",
            "enrolledStudents": "0",
            "medianBid": "0.00",
            "minBid": "0.00",
            "instructor": " KENNETH GOH, KENNETH GOH, KENNETH GOH",
            "schoolDepartment": "LKCSOB"
          },
          "Round 2 Window 2": {
            "term": "2018-19 Term 3B",
            "session": "Modified Session",
            "biddingWindow": "Round 2 Window 2",
            "courseCode": "MGMT223S",
            "description": "Social Entrepreneurship in Asia",
            "section": "G1",
            "vacancy": "45",
            "openingVacancy": "0",
            "beforeProcessVacancy": "0",
            "DICE": "0",
            "afterProcessVacancy": "0",
            "enrolledStudents": "0",
            "medianBid": "0.00",
            "minBid": "0.00",
            "instructor": " KENNETH GOH, KENNETH GOH, KENNETH GOH",
            "schoolDepartment": "LKCSOB"
          },
          "Round 2 Window 3": {
            "term": "2018-19 Term 3B",
            "session": "Modified Session",
            "biddingWindow": "Round 2 Window 3",
            "courseCode": "MGMT223S",
            "description": "Social Entrepreneurship in Asia",
            "section": "G1",
            "vacancy": "45",
            "openingVacancy": "20",
            "beforeProcessVacancy": "0",
            "DICE": "0",
            "afterProcessVacancy": "0",
            "enrolledStudents": "20",
            "medianBid": "0.00",
            "minBid": "0.00",
            "instructor": " KENNETH GOH, KENNETH GOH, KENNETH GOH",
            "schoolDepartment": "LKCSOB"
          },
          "Round 2 Window 4": {
            "term": "2018-19 Term 3B",
            "session": "Modified Session",
            "biddingWindow": "Round 2 Window 4",
            "courseCode": "MGMT223S",
            "description": "Social Entrepreneurship in Asia",
            "section": "G1",
            "vacancy": "45",
            "openingVacancy": "20",
            "beforeProcessVacancy": "0",
            "DICE": "0",
            "afterProcessVacancy": "0",
            "enrolledStudents": "20",
            "medianBid": "0.00",
            "minBid": "0.00",
            "instructor": " KENNETH GOH, KENNETH GOH, KENNETH GOH",
            "schoolDepartment": "LKCSOB"
          }
        }
      }
    },
    "MGMT315S Global Megatrends: Opportunities and Challenges in Asia": {
      " FRANK SIEGFRIED, FRANK SIEGFRIED, FRANK SIEGFRIED": {
        "G1": {
          "Round 1 Window 1": {
            "term": "2018-19 Term 3B",
            "session": "Modified Session",
            "biddingWindow": "Round 1 Window 1",
            "courseCode": "MGMT315S",
            "description": "Global Megatrends: Opportunities and Challenges in Asia",
            "section": "G1",
            "vacancy": "45",
            "openingVacancy": "0",
            "beforeProcessVacancy": "0",
            "DICE": "0",
            "afterProcessVacancy": "0",
            "enrolledStudents": "0",
            "medianBid": "0.00",
            "minBid": "0.00",
            "instructor": " FRANK SIEGFRIED, FRANK SIEGFRIED, FRANK SIEGFRIED",
            "schoolDepartment": "LKCSOB"
          },
          "Round 1 Window 2": {
            "term": "2018-19 Term 3B",
            "session": "Modified Session",
            "biddingWindow": "Round 1 Window 2",
            "courseCode": "MGMT315S",
            "description": "Global Megatrends: Opportunities and Challenges in Asia",
            "section": "G1",
            "vacancy": "45",
            "openingVacancy": "0",
            "beforeProcessVacancy": "0",
            "DICE": "0",
            "afterProcessVacancy": "0",
            "enrolledStudents": "0",
            "medianBid": "0.00",
            "minBid": "0.00",
            "instructor": " FRANK SIEGFRIED, FRANK SIEGFRIED, FRANK SIEGFRIED",
            "schoolDepartment": "LKCSOB"
          },
          "Round 1 Window 3": {
            "term": "2018-19 Term 3B",
            "session": "Modified Session",
            "biddingWindow": "Round 1 Window 3",
            "courseCode": "MGMT315S",
            "description": "Global Megatrends: Opportunities and Challenges in Asia",
            "section": "G1",
            "vacancy": "45",
            "openingVacancy": "0",
            "beforeProcessVacancy": "0",
            "DICE": "0",
            "afterProcessVacancy": "0",
            "enrolledStudents": "0",
            "medianBid": "0.00",
            "minBid": "0.00",
            "instructor": " FRANK SIEGFRIED, FRANK SIEGFRIED, FRANK SIEGFRIED",
            "schoolDepartment": "LKCSOB"
          },
          "Round 1 Window 4": {
            "term": "2018-19 Term 3B",
            "session": "Modified Session",
            "biddingWindow": "Round 1 Window 4",
            "courseCode": "MGMT315S",
            "description": "Global Megatrends: Opportunities and Challenges in Asia",
            "section": "G1",
            "vacancy": "45",
            "openingVacancy": "0",
            "beforeProcessVacancy": "0",
            "DICE": "0",
            "afterProcessVacancy": "0",
            "enrolledStudents": "0",
            "medianBid": "0.00",
            "minBid": "0.00",
            "instructor": " FRANK SIEGFRIED, FRANK SIEGFRIED, FRANK SIEGFRIED",
            "schoolDepartment": "LKCSOB"
          },
          "Round 2 Window 1": {
            "term": "2018-19 Term 3B",
            "session": "Modified Session",
            "biddingWindow": "Round 2 Window 1",
            "courseCode": "MGMT315S",
            "description": "Global Megatrends: Opportunities and Challenges in Asia",
            "section": "G1",
            "vacancy": "45",
            "openingVacancy": "0",
            "beforeProcessVacancy": "0",
            "DICE": "0",
            "afterProcessVacancy": "0",
            "enrolledStudents": "0",
            "medianBid": "0.00",
            "minBid": "0.00",
            "instructor": " FRANK SIEGFRIED, FRANK SIEGFRIED, FRANK SIEGFRIED",
            "schoolDepartment": "LKCSOB"
          },
          "Round 2 Window 2": {
            "term": "2018-19 Term 3B",
            "session": "Modified Session",
            "biddingWindow": "Round 2 Window 2",
            "courseCode": "MGMT315S",
            "description": "Global Megatrends: Opportunities and Challenges in Asia",
            "section": "G1",
            "vacancy": "45",
            "openingVacancy": "0",
            "beforeProcessVacancy": "0",
            "DICE": "0",
            "afterProcessVacancy": "0",
            "enrolledStudents": "0",
            "medianBid": "0.00",
            "minBid": "0.00",
            "instructor": " FRANK SIEGFRIED, FRANK SIEGFRIED, FRANK SIEGFRIED",
            "schoolDepartment": "LKCSOB"
          },
          "Round 2 Window 3": {
            "term": "2018-19 Term 3B",
            "session": "Modified Session",
            "biddingWindow": "Round 2 Window 3",
            "courseCode": "MGMT315S",
            "description": "Global Megatrends: Opportunities and Challenges in Asia",
            "section": "G1",
            "vacancy": "45",
            "openingVacancy": "25",
            "beforeProcessVacancy": "0",
            "DICE": "0",
            "afterProcessVacancy": "0",
            "enrolledStudents": "25",
            "medianBid": "0.00",
            "minBid": "0.00",
            "instructor": " FRANK SIEGFRIED, FRANK SIEGFRIED, FRANK SIEGFRIED",
            "schoolDepartment": "LKCSOB"
          },
          "Round 2 Window 4": {
            "term": "2018-19 Term 3B",
            "session": "Modified Session",
            "biddingWindow": "Round 2 Window 4",
            "courseCode": "MGMT315S",
            "description": "Global Megatrends: Opportunities and Challenges in Asia",
            "section": "G1",
            "vacancy": "45",
            "openingVacancy": "25",
            "beforeProcessVacancy": "0",
            "DICE": "0",
            "afterProcessVacancy": "0",
            "enrolledStudents": "25",
            "medianBid": "0.00",
            "minBid": "0.00",
            "instructor": " FRANK SIEGFRIED, FRANK SIEGFRIED, FRANK SIEGFRIED",
            "schoolDepartment": "LKCSOB"
          }
        }
      }
    },
    "MGMT320 Innovations for Asia’s Smart Cities": {
      " THOMAS MENKHOFF, KAN SIEW NING, THOMAS MENKHOFF, KAN SIEW NING, THOMAS MENKHOFF, KAN SIEW NING": {
        "G1": {
          "Round 1 Window 1": {
            "term": "2018-19 Term 3B",
            "session": "Modified Session",
            "biddingWindow": "Round 1 Window 1",
            "courseCode": "MGMT320",
            "description": "Innovations for Asia’s Smart Cities",
            "section": "G1",
            "vacancy": "45",
            "openingVacancy": "0",
            "beforeProcessVacancy": "0",
            "DICE": "0",
            "afterProcessVacancy": "0",
            "enrolledStudents": "0",
            "medianBid": "0.00",
            "minBid": "0.00",
            "instructor": " THOMAS MENKHOFF, KAN SIEW NING, THOMAS MENKHOFF, KAN SIEW NING, THOMAS MENKHOFF, KAN SIEW NING",
            "schoolDepartment": "LKCSOB"
          },
          "Round 1 Window 2": {
            "term": "2018-19 Term 3B",
            "session": "Modified Session",
            "biddingWindow": "Round 1 Window 2",
            "courseCode": "MGMT320",
            "description": "Innovations for Asia’s Smart Cities",
            "section": "G1",
            "vacancy": "45",
            "openingVacancy": "0",
            "beforeProcessVacancy": "0",
            "DICE": "0",
            "afterProcessVacancy": "0",
            "enrolledStudents": "0",
            "medianBid": "0.00",
            "minBid": "0.00",
            "instructor": " THOMAS MENKHOFF, KAN SIEW NING, THOMAS MENKHOFF, KAN SIEW NING, THOMAS MENKHOFF, KAN SIEW NING",
            "schoolDepartment": "LKCSOB"
          },
          "Round 1 Window 3": {
            "term": "2018-19 Term 3B",
            "session": "Modified Session",
            "biddingWindow": "Round 1 Window 3",
            "courseCode": "MGMT320",
            "description": "Innovations for Asia’s Smart Cities",
            "section": "G1",
            "vacancy": "45",
            "openingVacancy": "0",
            "beforeProcessVacancy": "0",
            "DICE": "0",
            "afterProcessVacancy": "0",
            "enrolledStudents": "0",
            "medianBid": "0.00",
            "minBid": "0.00",
            "instructor": " THOMAS MENKHOFF, KAN SIEW NING, THOMAS MENKHOFF, KAN SIEW NING, THOMAS MENKHOFF, KAN SIEW NING",
            "schoolDepartment": "LKCSOB"
          },
          "Round 1 Window 4": {
            "term": "2018-19 Term 3B",
            "session": "Modified Session",
            "biddingWindow": "Round 1 Window 4",
            "courseCode": "MGMT320",
            "description": "Innovations for Asia’s Smart Cities",
            "section": "G1",
            "vacancy": "45",
            "openingVacancy": "0",
            "beforeProcessVacancy": "0",
            "DICE": "0",
            "afterProcessVacancy": "0",
            "enrolledStudents": "0",
            "medianBid": "0.00",
            "minBid": "0.00",
            "instructor": " THOMAS MENKHOFF, KAN SIEW NING, THOMAS MENKHOFF, KAN SIEW NING, THOMAS MENKHOFF, KAN SIEW NING",
            "schoolDepartment": "LKCSOB"
          },
          "Round 2 Window 1": {
            "term": "2018-19 Term 3B",
            "session": "Modified Session",
            "biddingWindow": "Round 2 Window 1",
            "courseCode": "MGMT320",
            "description": "Innovations for Asia’s Smart Cities",
            "section": "G1",
            "vacancy": "45",
            "openingVacancy": "0",
            "beforeProcessVacancy": "0",
            "DICE": "0",
            "afterProcessVacancy": "0",
            "enrolledStudents": "0",
            "medianBid": "0.00",
            "minBid": "0.00",
            "instructor": " THOMAS MENKHOFF, KAN SIEW NING, THOMAS MENKHOFF, KAN SIEW NING, THOMAS MENKHOFF, KAN SIEW NING",
            "schoolDepartment": "LKCSOB"
          },
          "Round 2 Window 2": {
            "term": "2018-19 Term 3B",
            "session": "Modified Session",
            "biddingWindow": "Round 2 Window 2",
            "courseCode": "MGMT320",
            "description": "Innovations for Asia’s Smart Cities",
            "section": "G1",
            "vacancy": "45",
            "openingVacancy": "0",
            "beforeProcessVacancy": "0",
            "DICE": "0",
            "afterProcessVacancy": "0",
            "enrolledStudents": "0",
            "medianBid": "0.00",
            "minBid": "0.00",
            "instructor": " THOMAS MENKHOFF, KAN SIEW NING, THOMAS MENKHOFF, KAN SIEW NING, THOMAS MENKHOFF, KAN SIEW NING",
            "schoolDepartment": "LKCSOB"
          },
          "Round 2 Window 3": {
            "term": "2018-19 Term 3B",
            "session": "Modified Session",
            "biddingWindow": "Round 2 Window 3",
            "courseCode": "MGMT320",
            "description": "Innovations for Asia’s Smart Cities",
            "section": "G1",
            "vacancy": "45",
            "openingVacancy": "36",
            "beforeProcessVacancy": "0",
            "DICE": "0",
            "afterProcessVacancy": "0",
            "enrolledStudents": "36",
            "medianBid": "0.00",
            "minBid": "0.00",
            "instructor": " THOMAS MENKHOFF, KAN SIEW NING, THOMAS MENKHOFF, KAN SIEW NING, THOMAS MENKHOFF, KAN SIEW NING",
            "schoolDepartment": "LKCSOB"
          },
          "Round 2 Window 4": {
            "term": "2018-19 Term 3B",
            "session": "Modified Session",
            "biddingWindow": "Round 2 Window 4",
            "courseCode": "MGMT320",
            "description": "Innovations for Asia’s Smart Cities",
            "section": "G1",
            "vacancy": "45",
            "openingVacancy": "36",
            "beforeProcessVacancy": "0",
            "DICE": "0",
            "afterProcessVacancy": "0",
            "enrolledStudents": "36",
            "medianBid": "0.00",
            "minBid": "0.00",
            "instructor": " THOMAS MENKHOFF, KAN SIEW NING, THOMAS MENKHOFF, KAN SIEW NING, THOMAS MENKHOFF, KAN SIEW NING",
            "schoolDepartment": "LKCSOB"
          }
        }
      }
    },
    "OBHR101 Management of People at Work(SUTD cls, encrg SMU Std enrol)": {
      " MA KHENG MIN, MA KHENG MIN": {
        "G40": {
          "Round 1 Window 1": {
            "term": "2018-19 Term 3B",
            "session": "Modified Session",
            "biddingWindow": "Round 1 Window 1",
            "courseCode": "OBHR101",
            "description": "Management of People at Work(SUTD cls, encrg SMU Std enrol)",
            "section": "G40",
            "vacancy": "45",
            "openingVacancy": "30",
            "beforeProcessVacancy": "30",
            "DICE": "0",
            "afterProcessVacancy": "24",
            "enrolledStudents": "6",
            "medianBid": "11.61",
            "minBid": "10.00",
            "instructor": " MA KHENG MIN, MA KHENG MIN",
            "schoolDepartment": "LKCSOB"
          },
          "Round 1 Window 2": {
            "term": "2018-19 Term 3B",
            "session": "Modified Session",
            "biddingWindow": "Round 1 Window 2",
            "courseCode": "OBHR101",
            "description": "Management of People at Work(SUTD cls, encrg SMU Std enrol)",
            "section": "G40",
            "vacancy": "45",
            "openingVacancy": "30",
            "beforeProcessVacancy": "24",
            "DICE": "0",
            "afterProcessVacancy": "16",
            "enrolledStudents": "14",
            "medianBid": "15.04",
            "minBid": "10.00",
            "instructor": " MA KHENG MIN, MA KHENG MIN",
            "schoolDepartment": "LKCSOB"
          },
          "Round 1 Window 3": {
            "term": "2018-19 Term 3B",
            "session": "Modified Session",
            "biddingWindow": "Round 1 Window 3",
            "courseCode": "OBHR101",
            "description": "Management of People at Work(SUTD cls, encrg SMU Std enrol)",
            "section": "G40",
            "vacancy": "45",
            "openingVacancy": "30",
            "beforeProcessVacancy": "16",
            "DICE": "0",
            "afterProcessVacancy": "15",
            "enrolledStudents": "15",
            "medianBid": "10.00",
            "minBid": "10.00",
            "instructor": " MA KHENG MIN, MA KHENG MIN",
            "schoolDepartment": "LKCSOB"
          },
          "Round 1 Window 4": {
            "term": "2018-19 Term 3B",
            "session": "Modified Session",
            "biddingWindow": "Round 1 Window 4",
            "courseCode": "OBHR101",
            "description": "Management of People at Work(SUTD cls, encrg SMU Std enrol)",
            "section": "G40",
            "vacancy": "45",
            "openingVacancy": "30",
            "beforeProcessVacancy": "15",
            "DICE": "0",
            "afterProcessVacancy": "14",
            "enrolledStudents": "16",
            "medianBid": "10.01",
            "minBid": "10.01",
            "instructor": " MA KHENG MIN, MA KHENG MIN",
            "schoolDepartment": "LKCSOB"
          },
          "Round 2 Window 1": {
            "term": "2018-19 Term 3B",
            "session": "Modified Session",
            "biddingWindow": "Round 2 Window 1",
            "courseCode": "OBHR101",
            "description": "Management of People at Work(SUTD cls, encrg SMU Std enrol)",
            "section": "G40",
            "vacancy": "45",
            "openingVacancy": "45",
            "beforeProcessVacancy": "15",
            "DICE": "0",
            "afterProcessVacancy": "12",
            "enrolledStudents": "33",
            "medianBid": "12.45",
            "minBid": "10.00",
            "instructor": " MA KHENG MIN, MA KHENG MIN",
            "schoolDepartment": "LKCSOB"
          },
          "Round 2 Window 2": {
            "term": "2018-19 Term 3B",
            "session": "Modified Session",
            "biddingWindow": "Round 2 Window 2",
            "courseCode": "OBHR101",
            "description": "Management of People at Work(SUTD cls, encrg SMU Std enrol)",
            "section": "G40",
            "vacancy": "45",
            "openingVacancy": "45",
            "beforeProcessVacancy": "12",
            "DICE": "0",
            "afterProcessVacancy": "11",
            "enrolledStudents": "34",
            "medianBid": "10.00",
            "minBid": "10.00",
            "instructor": " MA KHENG MIN, MA KHENG MIN",
            "schoolDepartment": "LKCSOB"
          },
          "Round 2 Window 3": {
            "term": "2018-19 Term 3B",
            "session": "Modified Session",
            "biddingWindow": "Round 2 Window 3",
            "courseCode": "OBHR101",
            "description": "Management of People at Work(SUTD cls, encrg SMU Std enrol)",
            "section": "G40",
            "vacancy": "45",
            "openingVacancy": "45",
            "beforeProcessVacancy": "13",
            "DICE": "0",
            "afterProcessVacancy": "7",
            "enrolledStudents": "38",
            "medianBid": "10.04",
            "minBid": "10.00",
            "instructor": " MA KHENG MIN, MA KHENG MIN",
            "schoolDepartment": "LKCSOB"
          },
          "Round 2 Window 4": {
            "term": "2018-19 Term 3B",
            "session": "Modified Session",
            "biddingWindow": "Round 2 Window 4",
            "courseCode": "OBHR101",
            "description": "Management of People at Work(SUTD cls, encrg SMU Std enrol)",
            "section": "G40",
            "vacancy": "45",
            "openingVacancy": "45",
            "beforeProcessVacancy": "8",
            "DICE": "0",
            "afterProcessVacancy": "4",
            "enrolledStudents": "41",
            "medianBid": "10.17",
            "minBid": "10.00",
            "instructor": " MA KHENG MIN, MA KHENG MIN",
            "schoolDepartment": "LKCSOB"
          }
        }
      }
    },
    "OBHR101 Management of People at Work": {
      "": {
        "G1": {
          "Round 1 Window 1": {
            "term": "2018-19 Term 3B",
            "session": "Regular Academic Session",
            "biddingWindow": "Round 1 Window 1",
            "courseCode": "OBHR101",
            "description": "Management of People at Work",
            "section": "G1",
            "vacancy": "45",
            "openingVacancy": "45",
            "beforeProcessVacancy": "45",
            "DICE": "0",
            "afterProcessVacancy": "38",
            "enrolledStudents": "7",
            "medianBid": "12.89",
            "minBid": "10.00",
            "instructor": "",
            "schoolDepartment": "LKCSOB"
          }
        }
      }
    }
  }