{
    "COR-MGMT1302 Business, Government and Society(SUTD cls, encrg SMU Std enrol)": {
      "FRANCIS PAVRI": {
        "G40": {
          "Round 1 Window 1": {
            "Term": "2019-20 Term 3B",
            "Session": "Modified Session",
            "Bidding Window": "Round 1 Window 1",
            "Course Code": "COR-MGMT1302",
            "Description": "Business, Government and Society(SUTD cls, encrg SMU Std enrol)",
            "Section": "G40",
            "Vacancy": "45",
            "Opening Vacancy": "45",
            "Before Process Vacancy": "31",
            "D.I.C.E": "0",
            "After Process Vacancy": "29",
            "Enrolled Students": "16",
            "Max Bid": "20.10",
            "Median Bid": "17.69",
            "Min Bid": "15.27",
            "Instructor": "FRANCIS PAVRI",
            "School/Department": "LKCSOB"
          },
          "Round 1 Window 2": {
            "Term": "2019-20 Term 3B",
            "Session": "Modified Session",
            "Bidding Window": "Round 1 Window 2",
            "Course Code": "COR-MGMT1302",
            "Description": "Business, Government and Society(SUTD cls, encrg SMU Std enrol)",
            "Section": "G40",
            "Vacancy": "45",
            "Opening Vacancy": "45",
            "Before Process Vacancy": "29",
            "D.I.C.E": "0",
            "After Process Vacancy": "28",
            "Enrolled Students": "17",
            "Max Bid": "21.00",
            "Median Bid": "21.00",
            "Min Bid": "21.00",
            "Instructor": "FRANCIS PAVRI",
            "School/Department": "LKCSOB"
          },
          "Round 1 Window 3": {
            "Term": "2019-20 Term 3B",
            "Session": "Modified Session",
            "Bidding Window": "Round 1 Window 3",
            "Course Code": "COR-MGMT1302",
            "Description": "Business, Government and Society(SUTD cls, encrg SMU Std enrol)",
            "Section": "G40",
            "Vacancy": "45",
            "Opening Vacancy": "45",
            "Before Process Vacancy": "29",
            "D.I.C.E": "0",
            "After Process Vacancy": "26",
            "Enrolled Students": "19",
            "Max Bid": "24.89",
            "Median Bid": "17.01",
            "Min Bid": "10.00",
            "Instructor": "FRANCIS PAVRI",
            "School/Department": "LKCSOB"
          },
          "Round 1 Window 4": {
            "Term": "2019-20 Term 3B",
            "Session": "Modified Session",
            "Bidding Window": "Round 1 Window 4",
            "Course Code": "COR-MGMT1302",
            "Description": "Business, Government and Society(SUTD cls, encrg SMU Std enrol)",
            "Section": "G40",
            "Vacancy": "45",
            "Opening Vacancy": "45",
            "Before Process Vacancy": "27",
            "D.I.C.E": "0",
            "After Process Vacancy": "27",
            "Enrolled Students": "18",
            "Max Bid": "0.00",
            "Median Bid": "0.00",
            "Min Bid": "0.00",
            "Instructor": "FRANCIS PAVRI",
            "School/Department": "LKCSOB"
          }
        }
      }
    },
    "COR-MGMT2211 Harnessing Robotics, UAVs, and Digital Innovation for Business": {
      "THOMAS MENKHOFF, KAN SIEW NING, EUGENE TAN KHENG BOON": {
        "G1": {
          "Round 1 Window 1": {
            "Term": "2019-20 Term 3B",
            "Session": "Regular Academic Session",
            "Bidding Window": "Round 1 Window 1",
            "Course Code": "COR-MGMT2211",
            "Description": "Harnessing Robotics, UAVs, and Digital Innovation for Business",
            "Section": "G1",
            "Vacancy": "45",
            "Opening Vacancy": "45",
            "Before Process Vacancy": "45",
            "D.I.C.E": "0",
            "After Process Vacancy": "15",
            "Enrolled Students": "30",
            "Max Bid": "30.06",
            "Median Bid": "15.28",
            "Min Bid": "10.00",
            "Instructor": "THOMAS MENKHOFF, KAN SIEW NING, EUGENE TAN KHENG BOON",
            "School/Department": "LKCSOB"
          },
          "Round 1 Window 2": {
            "Term": "2019-20 Term 3B",
            "Session": "Regular Academic Session",
            "Bidding Window": "Round 1 Window 2",
            "Course Code": "COR-MGMT2211",
            "Description": "Harnessing Robotics, UAVs, and Digital Innovation for Business",
            "Section": "G1",
            "Vacancy": "45",
            "Opening Vacancy": "45",
            "Before Process Vacancy": "19",
            "D.I.C.E": "0",
            "After Process Vacancy": "9",
            "Enrolled Students": "36",
            "Max Bid": "15.06",
            "Median Bid": "12.71",
            "Min Bid": "10.00",
            "Instructor": "THOMAS MENKHOFF, KAN SIEW NING, EUGENE TAN KHENG BOON",
            "School/Department": "LKCSOB"
          },
          "Round 1 Window 3": {
            "Term": "2019-20 Term 3B",
            "Session": "Regular Academic Session",
            "Bidding Window": "Round 1 Window 3",
            "Course Code": "COR-MGMT2211",
            "Description": "Harnessing Robotics, UAVs, and Digital Innovation for Business",
            "Section": "G1",
            "Vacancy": "45",
            "Opening Vacancy": "45",
            "Before Process Vacancy": "9",
            "D.I.C.E": "0",
            "After Process Vacancy": "2",
            "Enrolled Students": "43",
            "Max Bid": "22.22",
            "Median Bid": "19.70",
            "Min Bid": "10.00",
            "Instructor": "THOMAS MENKHOFF, KAN SIEW NING, EUGENE TAN KHENG BOON",
            "School/Department": "LKCSOB"
          },
          "Round 1 Window 4": {
            "Term": "2019-20 Term 3B",
            "Session": "Regular Academic Session",
            "Bidding Window": "Round 1 Window 4",
            "Course Code": "COR-MGMT2211",
            "Description": "Harnessing Robotics, UAVs, and Digital Innovation for Business",
            "Section": "G1",
            "Vacancy": "45",
            "Opening Vacancy": "45",
            "Before Process Vacancy": "2",
            "D.I.C.E": "0",
            "After Process Vacancy": "0",
            "Enrolled Students": "45",
            "Max Bid": "20.14",
            "Median Bid": "19.07",
            "Min Bid": "18.00",
            "Instructor": "THOMAS MENKHOFF, KAN SIEW NING, EUGENE TAN KHENG BOON",
            "School/Department": "LKCSOB"
          }
        }
      }
    },
    "COR1703 Managing in a Volatile, Uncertain, Complex and Ambiguous Context(SUTD cls, encrg SMU Std enrol)": {
      "WHITNEY ZHANG": {
        "G40": {
          "Round 1 Window 1": {
            "Term": "2019-20 Term 3B",
            "Session": "Modified Session",
            "Bidding Window": "Round 1 Window 1",
            "Course Code": "COR1703",
            "Description": "Managing in a Volatile, Uncertain, Complex and Ambiguous Context(SUTD cls, encrg SMU Std enrol)",
            "Section": "G40",
            "Vacancy": "45",
            "Opening Vacancy": "45",
            "Before Process Vacancy": "31",
            "D.I.C.E": "0",
            "After Process Vacancy": "27",
            "Enrolled Students": "18",
            "Max Bid": "15.00",
            "Median Bid": "11.25",
            "Min Bid": "10.00",
            "Instructor": "WHITNEY ZHANG",
            "School/Department": "LKCSOB"
          },
          "Round 1 Window 2": {
            "Term": "2019-20 Term 3B",
            "Session": "Modified Session",
            "Bidding Window": "Round 1 Window 2",
            "Course Code": "COR1703",
            "Description": "Managing in a Volatile, Uncertain, Complex and Ambiguous Context(SUTD cls, encrg SMU Std enrol)",
            "Section": "G40",
            "Vacancy": "45",
            "Opening Vacancy": "45",
            "Before Process Vacancy": "28",
            "D.I.C.E": "0",
            "After Process Vacancy": "26",
            "Enrolled Students": "19",
            "Max Bid": "17.00",
            "Median Bid": "14.01",
            "Min Bid": "11.01",
            "Instructor": "WHITNEY ZHANG",
            "School/Department": "LKCSOB"
          },
          "Round 1 Window 3": {
            "Term": "2019-20 Term 3B",
            "Session": "Modified Session",
            "Bidding Window": "Round 1 Window 3",
            "Course Code": "COR1703",
            "Description": "Managing in a Volatile, Uncertain, Complex and Ambiguous Context(SUTD cls, encrg SMU Std enrol)",
            "Section": "G40",
            "Vacancy": "45",
            "Opening Vacancy": "45",
            "Before Process Vacancy": "26",
            "D.I.C.E": "0",
            "After Process Vacancy": "26",
            "Enrolled Students": "19",
            "Max Bid": "0.00",
            "Median Bid": "0.00",
            "Min Bid": "0.00",
            "Instructor": "WHITNEY ZHANG",
            "School/Department": "LKCSOB"
          },
          "Round 1 Window 4": {
            "Term": "2019-20 Term 3B",
            "Session": "Modified Session",
            "Bidding Window": "Round 1 Window 4",
            "Course Code": "COR1703",
            "Description": "Managing in a Volatile, Uncertain, Complex and Ambiguous Context(SUTD cls, encrg SMU Std enrol)",
            "Section": "G40",
            "Vacancy": "45",
            "Opening Vacancy": "45",
            "Before Process Vacancy": "26",
            "D.I.C.E": "0",
            "After Process Vacancy": "23",
            "Enrolled Students": "22",
            "Max Bid": "13.99",
            "Median Bid": "12.00",
            "Min Bid": "10.00",
            "Instructor": "WHITNEY ZHANG",
            "School/Department": "LKCSOB"
          }
        }
      }
    },
    "ECON113S Economic Globalisation and Asia": {
      "": {
        "G1": {
          "Round 1 Window 1": {
            "Term": "2019-20 Term 3B",
            "Session": "Modified Session",
            "Bidding Window": "Round 1 Window 1",
            "Course Code": "ECON113S",
            "Description": "Economic Globalisation and Asia",
            "Section": "G1",
            "Vacancy": "45",
            "Opening Vacancy": "0",
            "Before Process Vacancy": "0",
            "D.I.C.E": "0",
            "After Process Vacancy": "0",
            "Enrolled Students": "0",
            "Max Bid": "0.00",
            "Median Bid": "0.00",
            "Min Bid": "0.00",
            "Instructor": "",
            "School/Department": "SOE"
          },
          "Round 1 Window 2": {
            "Term": "2019-20 Term 3B",
            "Session": "Modified Session",
            "Bidding Window": "Round 1 Window 2",
            "Course Code": "ECON113S",
            "Description": "Economic Globalisation and Asia",
            "Section": "G1",
            "Vacancy": "45",
            "Opening Vacancy": "0",
            "Before Process Vacancy": "0",
            "D.I.C.E": "0",
            "After Process Vacancy": "0",
            "Enrolled Students": "0",
            "Max Bid": "0.00",
            "Median Bid": "0.00",
            "Min Bid": "0.00",
            "Instructor": "",
            "School/Department": "SOE"
          },
          "Round 1 Window 3": {
            "Term": "2019-20 Term 3B",
            "Session": "Modified Session",
            "Bidding Window": "Round 1 Window 3",
            "Course Code": "ECON113S",
            "Description": "Economic Globalisation and Asia",
            "Section": "G1",
            "Vacancy": "45",
            "Opening Vacancy": "0",
            "Before Process Vacancy": "0",
            "D.I.C.E": "0",
            "After Process Vacancy": "0",
            "Enrolled Students": "0",
            "Max Bid": "0.00",
            "Median Bid": "0.00",
            "Min Bid": "0.00",
            "Instructor": "",
            "School/Department": "SOE"
          },
          "Round 1 Window 4": {
            "Term": "2019-20 Term 3B",
            "Session": "Modified Session",
            "Bidding Window": "Round 1 Window 4",
            "Course Code": "ECON113S",
            "Description": "Economic Globalisation and Asia",
            "Section": "G1",
            "Vacancy": "45",
            "Opening Vacancy": "0",
            "Before Process Vacancy": "0",
            "D.I.C.E": "0",
            "After Process Vacancy": "0",
            "Enrolled Students": "0",
            "Max Bid": "0.00",
            "Median Bid": "0.00",
            "Min Bid": "0.00",
            "Instructor": "",
            "School/Department": "SOE"
          }
        }
      }
    },
    "LAW4005 Comparative Criminal Law": {
      "": {
        "G1": {
          "Round 1 Window 2": {
            "Term": "2019-20 Term 3B",
            "Session": "Regular Academic Session",
            "Bidding Window": "Round 1 Window 2",
            "Course Code": "LAW4005",
            "Description": "Comparative Criminal Law",
            "Section": "G1",
            "Vacancy": "15",
            "Opening Vacancy": "15",
            "Before Process Vacancy": "15",
            "D.I.C.E": "0",
            "After Process Vacancy": "14",
            "Enrolled Students": "1",
            "Max Bid": "10.01",
            "Median Bid": "10.01",
            "Min Bid": "10.01",
            "Instructor": "",
            "School/Department": "SOL"
          },
          "Round 1 Window 3": {
            "Term": "2019-20 Term 3B",
            "Session": "Regular Academic Session",
            "Bidding Window": "Round 1 Window 3",
            "Course Code": "LAW4005",
            "Description": "Comparative Criminal Law",
            "Section": "G1",
            "Vacancy": "15",
            "Opening Vacancy": "15",
            "Before Process Vacancy": "14",
            "D.I.C.E": "0",
            "After Process Vacancy": "14",
            "Enrolled Students": "1",
            "Max Bid": "0.00",
            "Median Bid": "0.00",
            "Min Bid": "0.00",
            "Instructor": "",
            "School/Department": "SOL"
          },
          "Round 1 Window 4": {
            "Term": "2019-20 Term 3B",
            "Session": "Regular Academic Session",
            "Bidding Window": "Round 1 Window 4",
            "Course Code": "LAW4005",
            "Description": "Comparative Criminal Law",
            "Section": "G1",
            "Vacancy": "15",
            "Opening Vacancy": "15",
            "Before Process Vacancy": "14",
            "D.I.C.E": "0",
            "After Process Vacancy": "14",
            "Enrolled Students": "1",
            "Max Bid": "0.00",
            "Median Bid": "0.00",
            "Min Bid": "0.00",
            "Instructor": "",
            "School/Department": "SOL"
          }
        },
        "G51": {
          "Round 1 Window 2": {
            "Term": "2019-20 Term 3B",
            "Session": "Regular Academic Session",
            "Bidding Window": "Round 1 Window 2",
            "Course Code": "LAW4005",
            "Description": "Comparative Criminal Law",
            "Section": "G51",
            "Vacancy": "30",
            "Opening Vacancy": "30",
            "Before Process Vacancy": "30",
            "D.I.C.E": "0",
            "After Process Vacancy": "14",
            "Enrolled Students": "16",
            "Max Bid": "60.00",
            "Median Bid": "11.50",
            "Min Bid": "10.00",
            "Instructor": "",
            "School/Department": "SOLGPO"
          },
          "Round 1 Window 3": {
            "Term": "2019-20 Term 3B",
            "Session": "Regular Academic Session",
            "Bidding Window": "Round 1 Window 3",
            "Course Code": "LAW4005",
            "Description": "Comparative Criminal Law",
            "Section": "G51",
            "Vacancy": "30",
            "Opening Vacancy": "30",
            "Before Process Vacancy": "14",
            "D.I.C.E": "0",
            "After Process Vacancy": "12",
            "Enrolled Students": "18",
            "Max Bid": "20.00",
            "Median Bid": "15.00",
            "Min Bid": "10.00",
            "Instructor": "",
            "School/Department": "SOLGPO"
          },
          "Round 1 Window 4": {
            "Term": "2019-20 Term 3B",
            "Session": "Regular Academic Session",
            "Bidding Window": "Round 1 Window 4",
            "Course Code": "LAW4005",
            "Description": "Comparative Criminal Law",
            "Section": "G51",
            "Vacancy": "30",
            "Opening Vacancy": "30",
            "Before Process Vacancy": "12",
            "D.I.C.E": "0",
            "After Process Vacancy": "11",
            "Enrolled Students": "19",
            "Max Bid": "10.00",
            "Median Bid": "10.00",
            "Min Bid": "10.00",
            "Instructor": "",
            "School/Department": "SOLGPO"
          }
        }
      }
    },
    "ACCT008 Accounting Analytics in Asia": {
      "": {
        "G1": {
          "Round 1 Window 1": {
            "Term": "2019-20 Term 3B",
            "Session": "Modified Session",
            "Bidding Window": "Round 1 Window 1",
            "Course Code": "ACCT008",
            "Description": "Accounting Analytics in Asia",
            "Section": "G1",
            "Vacancy": "45",
            "Opening Vacancy": "0",
            "Before Process Vacancy": "0",
            "D.I.C.E": "0",
            "After Process Vacancy": "0",
            "Enrolled Students": "0",
            "Max Bid": "0.00",
            "Median Bid": "0.00",
            "Min Bid": "0.00",
            "Instructor": "",
            "School/Department": "SOA"
          },
          "Round 1 Window 2": {
            "Term": "2019-20 Term 3B",
            "Session": "Modified Session",
            "Bidding Window": "Round 1 Window 2",
            "Course Code": "ACCT008",
            "Description": "Accounting Analytics in Asia",
            "Section": "G1",
            "Vacancy": "45",
            "Opening Vacancy": "0",
            "Before Process Vacancy": "0",
            "D.I.C.E": "0",
            "After Process Vacancy": "0",
            "Enrolled Students": "0",
            "Max Bid": "0.00",
            "Median Bid": "0.00",
            "Min Bid": "0.00",
            "Instructor": "",
            "School/Department": "SOA"
          }
        }
      }
    }
  }