{
    "COMM120 Intercultural Communication": {
      "ONG SIOW HENG": {
        "G1": {
          "Round 1 Window 1": {
            "Term": "2019-20 Term 3A",
            "Session": "Regular Academic Session",
            "Bidding Window": "Round 1 Window 1",
            "Course Code": "COMM120",
            "Description": "Intercultural Communication",
            "Section": "G1",
            "Vacancy": "45",
            "Opening Vacancy": "45",
            "Before Process Vacancy": "45",
            "D.I.C.E": "0",
            "After Process Vacancy": "0",
            "Enrolled Students": "45",
            "Max Bid": "58.97",
            "Median Bid": "21.01",
            "Min Bid": "12.11",
            "Instructor": "ONG SIOW HENG",
            "School/Department": "LKCSOB"
          },
          "Round 1 Window 2": {
            "Term": "2019-20 Term 3A",
            "Session": "Regular Academic Session",
            "Bidding Window": "Round 1 Window 2",
            "Course Code": "COMM120",
            "Description": "Intercultural Communication",
            "Section": "G1",
            "Vacancy": "45",
            "Opening Vacancy": "45",
            "Before Process Vacancy": "0",
            "D.I.C.E": "0",
            "After Process Vacancy": "0",
            "Enrolled Students": "45",
            "Max Bid": "0.00",
            "Median Bid": "0.00",
            "Min Bid": "0.00",
            "Instructor": "ONG SIOW HENG",
            "School/Department": "LKCSOB"
          },
          "Round 1 Window 3": {
            "Term": "2019-20 Term 3A",
            "Session": "Regular Academic Session",
            "Bidding Window": "Round 1 Window 3",
            "Course Code": "COMM120",
            "Description": "Intercultural Communication",
            "Section": "G1",
            "Vacancy": "45",
            "Opening Vacancy": "45",
            "Before Process Vacancy": "2",
            "D.I.C.E": "0",
            "After Process Vacancy": "0",
            "Enrolled Students": "45",
            "Max Bid": "45.00",
            "Median Bid": "45.00",
            "Min Bid": "45.00",
            "Instructor": "ONG SIOW HENG",
            "School/Department": "LKCSOB"
          },
          "Round 1 Window 4": {
            "Term": "2019-20 Term 3A",
            "Session": "Regular Academic Session",
            "Bidding Window": "Round 1 Window 4",
            "Course Code": "COMM120",
            "Description": "Intercultural Communication",
            "Section": "G1",
            "Vacancy": "45",
            "Opening Vacancy": "45",
            "Before Process Vacancy": "0",
            "D.I.C.E": "0",
            "After Process Vacancy": "0",
            "Enrolled Students": "45",
            "Max Bid": "0.00",
            "Median Bid": "0.00",
            "Min Bid": "0.00",
            "Instructor": "ONG SIOW HENG",
            "School/Department": "LKCSOB"
          }
        }
      }
    },
    "COMM122 Intercultural Communication – An Asian Perspective": {
      "SHYAMALA DEENATHAYALAN": {
        "G40": {
          "Round 1 Window 1": {
            "Term": "2019-20 Term 3A",
            "Session": "Modified Session",
            "Bidding Window": "Round 1 Window 1",
            "Course Code": "COMM122",
            "Description": "Intercultural Communication – An Asian Perspective",
            "Section": "G40",
            "Vacancy": "45",
            "Opening Vacancy": "45",
            "Before Process Vacancy": "35",
            "D.I.C.E": "0",
            "After Process Vacancy": "31",
            "Enrolled Students": "14",
            "Max Bid": "15.99",
            "Median Bid": "14.06",
            "Min Bid": "11.02",
            "Instructor": "SHYAMALA DEENATHAYALAN",
            "School/Department": "LKCSOB"
          },
          "Round 1 Window 2": {
            "Term": "2019-20 Term 3A",
            "Session": "Modified Session",
            "Bidding Window": "Round 1 Window 2",
            "Course Code": "COMM122",
            "Description": "Intercultural Communication – An Asian Perspective",
            "Section": "G40",
            "Vacancy": "45",
            "Opening Vacancy": "45",
            "Before Process Vacancy": "31",
            "D.I.C.E": "0",
            "After Process Vacancy": "29",
            "Enrolled Students": "16",
            "Max Bid": "12.08",
            "Median Bid": "11.68",
            "Min Bid": "11.28",
            "Instructor": "SHYAMALA DEENATHAYALAN",
            "School/Department": "LKCSOB"
          },
          "Round 1 Window 3": {
            "Term": "2019-20 Term 3A",
            "Session": "Modified Session",
            "Bidding Window": "Round 1 Window 3",
            "Course Code": "COMM122",
            "Description": "Intercultural Communication – An Asian Perspective",
            "Section": "G40",
            "Vacancy": "45",
            "Opening Vacancy": "45",
            "Before Process Vacancy": "29",
            "D.I.C.E": "0",
            "After Process Vacancy": "28",
            "Enrolled Students": "17",
            "Max Bid": "11.99",
            "Median Bid": "11.99",
            "Min Bid": "11.99",
            "Instructor": "SHYAMALA DEENATHAYALAN",
            "School/Department": "LKCSOB"
          },
          "Round 1 Window 4": {
            "Term": "2019-20 Term 3A",
            "Session": "Modified Session",
            "Bidding Window": "Round 1 Window 4",
            "Course Code": "COMM122",
            "Description": "Intercultural Communication – An Asian Perspective",
            "Section": "G40",
            "Vacancy": "45",
            "Opening Vacancy": "45",
            "Before Process Vacancy": "30",
            "D.I.C.E": "0",
            "After Process Vacancy": "28",
            "Enrolled Students": "17",
            "Max Bid": "11.00",
            "Median Bid": "10.50",
            "Min Bid": "10.00",
            "Instructor": "SHYAMALA DEENATHAYALAN",
            "School/Department": "LKCSOB"
          }
        }
      }
    },
    "COR-COMM1304 Management Communication(SUTD cls, encrg SMU Std enrol)": {
      "SHYAMALA DEENATHAYALAN": {
        "G40": {
          "Round 1 Window 1": {
            "Term": "2019-20 Term 3A",
            "Session": "Modified Session",
            "Bidding Window": "Round 1 Window 1",
            "Course Code": "COR-COMM1304",
            "Description": "Management Communication(SUTD cls, encrg SMU Std enrol)",
            "Section": "G40",
            "Vacancy": "30",
            "Opening Vacancy": "30",
            "Before Process Vacancy": "16",
            "D.I.C.E": "0",
            "After Process Vacancy": "0",
            "Enrolled Students": "30",
            "Max Bid": "26.89",
            "Median Bid": "20.83",
            "Min Bid": "17.88",
            "Instructor": "SHYAMALA DEENATHAYALAN",
            "School/Department": "LKCSOB"
          },
          "Round 1 Window 2": {
            "Term": "2019-20 Term 3A",
            "Session": "Modified Session",
            "Bidding Window": "Round 1 Window 2",
            "Course Code": "COR-COMM1304",
            "Description": "Management Communication(SUTD cls, encrg SMU Std enrol)",
            "Section": "G40",
            "Vacancy": "30",
            "Opening Vacancy": "30",
            "Before Process Vacancy": "2",
            "D.I.C.E": "0",
            "After Process Vacancy": "0",
            "Enrolled Students": "30",
            "Max Bid": "25.89",
            "Median Bid": "25.45",
            "Min Bid": "25.00",
            "Instructor": "SHYAMALA DEENATHAYALAN",
            "School/Department": "LKCSOB"
          },
          "Round 1 Window 3": {
            "Term": "2019-20 Term 3A",
            "Session": "Modified Session",
            "Bidding Window": "Round 1 Window 3",
            "Course Code": "COR-COMM1304",
            "Description": "Management Communication(SUTD cls, encrg SMU Std enrol)",
            "Section": "G40",
            "Vacancy": "30",
            "Opening Vacancy": "30",
            "Before Process Vacancy": "1",
            "D.I.C.E": "0",
            "After Process Vacancy": "0",
            "Enrolled Students": "30",
            "Max Bid": "38.05",
            "Median Bid": "38.05",
            "Min Bid": "38.05",
            "Instructor": "SHYAMALA DEENATHAYALAN",
            "School/Department": "LKCSOB"
          },
          "Round 1 Window 4": {
            "Term": "2019-20 Term 3A",
            "Session": "Modified Session",
            "Bidding Window": "Round 1 Window 4",
            "Course Code": "COR-COMM1304",
            "Description": "Management Communication(SUTD cls, encrg SMU Std enrol)",
            "Section": "G40",
            "Vacancy": "30",
            "Opening Vacancy": "30",
            "Before Process Vacancy": "1",
            "D.I.C.E": "0",
            "After Process Vacancy": "0",
            "Enrolled Students": "30",
            "Max Bid": "42.18",
            "Median Bid": "42.18",
            "Min Bid": "42.18",
            "Instructor": "SHYAMALA DEENATHAYALAN",
            "School/Department": "LKCSOB"
          }
        }
      }
    },
    "FNCE102 Financial Markets and Investments": {
      "EKKEHART BOEHMER": {
        "G1": {
          "Round 1 Window 1": {
            "Term": "2019-20 Term 3A",
            "Session": "Regular Academic Session",
            "Bidding Window": "Round 1 Window 1",
            "Course Code": "FNCE102",
            "Description": "Financial Markets and Investments",
            "Section": "G1",
            "Vacancy": "45",
            "Opening Vacancy": "45",
            "Before Process Vacancy": "45",
            "D.I.C.E": "0",
            "After Process Vacancy": "28",
            "Enrolled Students": "17",
            "Max Bid": "50.01",
            "Median Bid": "11.02",
            "Min Bid": "10.00",
            "Instructor": "EKKEHART BOEHMER",
            "School/Department": "LKCSOB"
          },
          "Round 1 Window 2": {
            "Term": "2019-20 Term 3A",
            "Session": "Regular Academic Session",
            "Bidding Window": "Round 1 Window 2",
            "Course Code": "FNCE102",
            "Description": "Financial Markets and Investments",
            "Section": "G1",
            "Vacancy": "45",
            "Opening Vacancy": "45",
            "Before Process Vacancy": "30",
            "D.I.C.E": "0",
            "After Process Vacancy": "27",
            "Enrolled Students": "18",
            "Max Bid": "20.00",
            "Median Bid": "10.00",
            "Min Bid": "10.00",
            "Instructor": "EKKEHART BOEHMER",
            "School/Department": "LKCSOB"
          },
          "Round 1 Window 3": {
            "Term": "2019-20 Term 3A",
            "Session": "Regular Academic Session",
            "Bidding Window": "Round 1 Window 3",
            "Course Code": "FNCE102",
            "Description": "Financial Markets and Investments",
            "Section": "G1",
            "Vacancy": "45",
            "Opening Vacancy": "45",
            "Before Process Vacancy": "28",
            "D.I.C.E": "0",
            "After Process Vacancy": "28",
            "Enrolled Students": "17",
            "Max Bid": "0.00",
            "Median Bid": "0.00",
            "Min Bid": "0.00",
            "Instructor": "EKKEHART BOEHMER",
            "School/Department": "LKCSOB"
          },
          "Round 1 Window 4": {
            "Term": "2019-20 Term 3A",
            "Session": "Regular Academic Session",
            "Bidding Window": "Round 1 Window 4",
            "Course Code": "FNCE102",
            "Description": "Financial Markets and Investments",
            "Section": "G1",
            "Vacancy": "45",
            "Opening Vacancy": "45",
            "Before Process Vacancy": "30",
            "D.I.C.E": "0",
            "After Process Vacancy": "29",
            "Enrolled Students": "16",
            "Max Bid": "10.00",
            "Median Bid": "10.00",
            "Min Bid": "10.00",
            "Instructor": "EKKEHART BOEHMER",
            "School/Department": "LKCSOB"
          }
        }
      }
    },
    "HIST005 European Cultural History: From Antiquity to Brexit": {
      "DAVID OCON": {
        "G1": {
          "Round 1 Window 1": {
            "Term": "2019-20 Term 3A",
            "Session": "Regular Academic Session",
            "Bidding Window": "Round 1 Window 1",
            "Course Code": "HIST005",
            "Description": "European Cultural History: From Antiquity to Brexit",
            "Section": "G1",
            "Vacancy": "45",
            "Opening Vacancy": "45",
            "Before Process Vacancy": "45",
            "D.I.C.E": "0",
            "After Process Vacancy": "22",
            "Enrolled Students": "23",
            "Max Bid": "50.01",
            "Median Bid": "15.01",
            "Min Bid": "10.00",
            "Instructor": "DAVID OCON",
            "School/Department": "SOSS"
          },
          "Round 1 Window 2": {
            "Term": "2019-20 Term 3A",
            "Session": "Regular Academic Session",
            "Bidding Window": "Round 1 Window 2",
            "Course Code": "HIST005",
            "Description": "European Cultural History: From Antiquity to Brexit",
            "Section": "G1",
            "Vacancy": "45",
            "Opening Vacancy": "45",
            "Before Process Vacancy": "24",
            "D.I.C.E": "0",
            "After Process Vacancy": "12",
            "Enrolled Students": "33",
            "Max Bid": "45.00",
            "Median Bid": "13.94",
            "Min Bid": "10.00",
            "Instructor": "DAVID OCON",
            "School/Department": "SOSS"
          },
          "Round 1 Window 3": {
            "Term": "2019-20 Term 3A",
            "Session": "Regular Academic Session",
            "Bidding Window": "Round 1 Window 3",
            "Course Code": "HIST005",
            "Description": "European Cultural History: From Antiquity to Brexit",
            "Section": "G1",
            "Vacancy": "45",
            "Opening Vacancy": "45",
            "Before Process Vacancy": "15",
            "D.I.C.E": "0",
            "After Process Vacancy": "3",
            "Enrolled Students": "42",
            "Max Bid": "45.00",
            "Median Bid": "14.40",
            "Min Bid": "10.00",
            "Instructor": "DAVID OCON",
            "School/Department": "SOSS"
          },
          "Round 1 Window 4": {
            "Term": "2019-20 Term 3A",
            "Session": "Regular Academic Session",
            "Bidding Window": "Round 1 Window 4",
            "Course Code": "HIST005",
            "Description": "European Cultural History: From Antiquity to Brexit",
            "Section": "G1",
            "Vacancy": "45",
            "Opening Vacancy": "45",
            "Before Process Vacancy": "6",
            "D.I.C.E": "0",
            "After Process Vacancy": "0",
            "Enrolled Students": "45",
            "Max Bid": "32.23",
            "Median Bid": "23.25",
            "Min Bid": "13.59",
            "Instructor": "DAVID OCON",
            "School/Department": "SOSS"
          }
        }
      }
    },
    "LAW414 International Commercialisation of Intellectual Property Rights": {
      "DAVID LLEWELYN": {
        "G1": {
          "Round 1 Window 1": {
            "Term": "2019-20 Term 3A",
            "Session": "Regular Academic Session",
            "Bidding Window": "Round 1 Window 1",
            "Course Code": "LAW414",
            "Description": "International Commercialisation of Intellectual Property Rights",
            "Section": "G1",
            "Vacancy": "15",
            "Opening Vacancy": "15",
            "Before Process Vacancy": "15",
            "D.I.C.E": "0",
            "After Process Vacancy": "6",
            "Enrolled Students": "9",
            "Max Bid": "188.00",
            "Median Bid": "16.50",
            "Min Bid": "10.00",
            "Instructor": "DAVID LLEWELYN",
            "School/Department": "SOL"
          },
          "Round 1 Window 2": {
            "Term": "2019-20 Term 3A",
            "Session": "Regular Academic Session",
            "Bidding Window": "Round 1 Window 2",
            "Course Code": "LAW414",
            "Description": "International Commercialisation of Intellectual Property Rights",
            "Section": "G1",
            "Vacancy": "15",
            "Opening Vacancy": "15",
            "Before Process Vacancy": "6",
            "D.I.C.E": "0",
            "After Process Vacancy": "2",
            "Enrolled Students": "13",
            "Max Bid": "25.00",
            "Median Bid": "15.01",
            "Min Bid": "10.00",
            "Instructor": "DAVID LLEWELYN",
            "School/Department": "SOL"
          },
          "Round 1 Window 3": {
            "Term": "2019-20 Term 3A",
            "Session": "Regular Academic Session",
            "Bidding Window": "Round 1 Window 3",
            "Course Code": "LAW414",
            "Description": "International Commercialisation of Intellectual Property Rights",
            "Section": "G1",
            "Vacancy": "15",
            "Opening Vacancy": "15",
            "Before Process Vacancy": "2",
            "D.I.C.E": "0",
            "After Process Vacancy": "1",
            "Enrolled Students": "14",
            "Max Bid": "20.00",
            "Median Bid": "20.00",
            "Min Bid": "20.00",
            "Instructor": "DAVID LLEWELYN",
            "School/Department": "SOL"
          },
          "Round 1 Window 4": {
            "Term": "2019-20 Term 3A",
            "Session": "Regular Academic Session",
            "Bidding Window": "Round 1 Window 4",
            "Course Code": "LAW414",
            "Description": "International Commercialisation of Intellectual Property Rights",
            "Section": "G1",
            "Vacancy": "15",
            "Opening Vacancy": "15",
            "Before Process Vacancy": "1",
            "D.I.C.E": "0",
            "After Process Vacancy": "1",
            "Enrolled Students": "14",
            "Max Bid": "0.00",
            "Median Bid": "0.00",
            "Min Bid": "0.00",
            "Instructor": "DAVID LLEWELYN",
            "School/Department": "SOL"
          }
        },
        "G51": {
          "Round 1 Window 1": {
            "Term": "2019-20 Term 3A",
            "Session": "Regular Academic Session",
            "Bidding Window": "Round 1 Window 1",
            "Course Code": "LAW414",
            "Description": "International Commercialisation of Intellectual Property Rights",
            "Section": "G51",
            "Vacancy": "30",
            "Opening Vacancy": "30",
            "Before Process Vacancy": "30",
            "D.I.C.E": "0",
            "After Process Vacancy": "13",
            "Enrolled Students": "17",
            "Max Bid": "75.00",
            "Median Bid": "15.00",
            "Min Bid": "10.00",
            "Instructor": "DAVID LLEWELYN",
            "School/Department": "SOLGPO"
          },
          "Round 1 Window 2": {
            "Term": "2019-20 Term 3A",
            "Session": "Regular Academic Session",
            "Bidding Window": "Round 1 Window 2",
            "Course Code": "LAW414",
            "Description": "International Commercialisation of Intellectual Property Rights",
            "Section": "G51",
            "Vacancy": "30",
            "Opening Vacancy": "30",
            "Before Process Vacancy": "13",
            "D.I.C.E": "0",
            "After Process Vacancy": "11",
            "Enrolled Students": "19",
            "Max Bid": "10.00",
            "Median Bid": "10.00",
            "Min Bid": "10.00",
            "Instructor": "DAVID LLEWELYN",
            "School/Department": "SOLGPO"
          },
          "Round 1 Window 3": {
            "Term": "2019-20 Term 3A",
            "Session": "Regular Academic Session",
            "Bidding Window": "Round 1 Window 3",
            "Course Code": "LAW414",
            "Description": "International Commercialisation of Intellectual Property Rights",
            "Section": "G51",
            "Vacancy": "30",
            "Opening Vacancy": "30",
            "Before Process Vacancy": "11",
            "D.I.C.E": "0",
            "After Process Vacancy": "8",
            "Enrolled Students": "22",
            "Max Bid": "20.00",
            "Median Bid": "10.00",
            "Min Bid": "10.00",
            "Instructor": "DAVID LLEWELYN",
            "School/Department": "SOLGPO"
          },
          "Round 1 Window 4": {
            "Term": "2019-20 Term 3A",
            "Session": "Regular Academic Session",
            "Bidding Window": "Round 1 Window 4",
            "Course Code": "LAW414",
            "Description": "International Commercialisation of Intellectual Property Rights",
            "Section": "G51",
            "Vacancy": "30",
            "Opening Vacancy": "30",
            "Before Process Vacancy": "9",
            "D.I.C.E": "0",
            "After Process Vacancy": "8",
            "Enrolled Students": "22",
            "Max Bid": "10.00",
            "Median Bid": "10.00",
            "Min Bid": "10.00",
            "Instructor": "DAVID LLEWELYN",
            "School/Department": "SOLGPO"
          }
        }
      }
    },
    "LAW463 Intellectual Assets and the Law in Asian Economies": {
      "LIU KUNG-CHUNG": {
        "G1": {
          "Round 1 Window 1": {
            "Term": "2019-20 Term 3A",
            "Session": "Regular Academic Session",
            "Bidding Window": "Round 1 Window 1",
            "Course Code": "LAW463",
            "Description": "Intellectual Assets and the Law in Asian Economies",
            "Section": "G1",
            "Vacancy": "15",
            "Opening Vacancy": "15",
            "Before Process Vacancy": "15",
            "D.I.C.E": "0",
            "After Process Vacancy": "6",
            "Enrolled Students": "9",
            "Max Bid": "23.97",
            "Median Bid": "15.00",
            "Min Bid": "10.00",
            "Instructor": "LIU KUNG-CHUNG",
            "School/Department": "SOL"
          },
          "Round 1 Window 2": {
            "Term": "2019-20 Term 3A",
            "Session": "Regular Academic Session",
            "Bidding Window": "Round 1 Window 2",
            "Course Code": "LAW463",
            "Description": "Intellectual Assets and the Law in Asian Economies",
            "Section": "G1",
            "Vacancy": "15",
            "Opening Vacancy": "15",
            "Before Process Vacancy": "6",
            "D.I.C.E": "0",
            "After Process Vacancy": "4",
            "Enrolled Students": "11",
            "Max Bid": "25.00",
            "Median Bid": "17.51",
            "Min Bid": "10.01",
            "Instructor": "LIU KUNG-CHUNG",
            "School/Department": "SOL"
          },
          "Round 1 Window 3": {
            "Term": "2019-20 Term 3A",
            "Session": "Regular Academic Session",
            "Bidding Window": "Round 1 Window 3",
            "Course Code": "LAW463",
            "Description": "Intellectual Assets and the Law in Asian Economies",
            "Section": "G1",
            "Vacancy": "15",
            "Opening Vacancy": "15",
            "Before Process Vacancy": "4",
            "D.I.C.E": "0",
            "After Process Vacancy": "3",
            "Enrolled Students": "12",
            "Max Bid": "15.08",
            "Median Bid": "15.08",
            "Min Bid": "15.08",
            "Instructor": "LIU KUNG-CHUNG",
            "School/Department": "SOL"
          },
          "Round 1 Window 4": {
            "Term": "2019-20 Term 3A",
            "Session": "Regular Academic Session",
            "Bidding Window": "Round 1 Window 4",
            "Course Code": "LAW463",
            "Description": "Intellectual Assets and the Law in Asian Economies",
            "Section": "G1",
            "Vacancy": "15",
            "Opening Vacancy": "15",
            "Before Process Vacancy": "3",
            "D.I.C.E": "0",
            "After Process Vacancy": "3",
            "Enrolled Students": "12",
            "Max Bid": "0.00",
            "Median Bid": "0.00",
            "Min Bid": "0.00",
            "Instructor": "LIU KUNG-CHUNG",
            "School/Department": "SOL"
          }
        },
        "G51": {
          "Round 1 Window 1": {
            "Term": "2019-20 Term 3A",
            "Session": "Regular Academic Session",
            "Bidding Window": "Round 1 Window 1",
            "Course Code": "LAW463",
            "Description": "Intellectual Assets and the Law in Asian Economies",
            "Section": "G51",
            "Vacancy": "30",
            "Opening Vacancy": "30",
            "Before Process Vacancy": "30",
            "D.I.C.E": "0",
            "After Process Vacancy": "23",
            "Enrolled Students": "7",
            "Max Bid": "30.00",
            "Median Bid": "19.10",
            "Min Bid": "10.00",
            "Instructor": "LIU KUNG-CHUNG",
            "School/Department": "SOLGPO"
          },
          "Round 1 Window 2": {
            "Term": "2019-20 Term 3A",
            "Session": "Regular Academic Session",
            "Bidding Window": "Round 1 Window 2",
            "Course Code": "LAW463",
            "Description": "Intellectual Assets and the Law in Asian Economies",
            "Section": "G51",
            "Vacancy": "30",
            "Opening Vacancy": "30",
            "Before Process Vacancy": "23",
            "D.I.C.E": "0",
            "After Process Vacancy": "22",
            "Enrolled Students": "8",
            "Max Bid": "10.00",
            "Median Bid": "10.00",
            "Min Bid": "10.00",
            "Instructor": "LIU KUNG-CHUNG",
            "School/Department": "SOLGPO"
          },
          "Round 1 Window 3": {
            "Term": "2019-20 Term 3A",
            "Session": "Regular Academic Session",
            "Bidding Window": "Round 1 Window 3",
            "Course Code": "LAW463",
            "Description": "Intellectual Assets and the Law in Asian Economies",
            "Section": "G51",
            "Vacancy": "30",
            "Opening Vacancy": "30",
            "Before Process Vacancy": "22",
            "D.I.C.E": "0",
            "After Process Vacancy": "21",
            "Enrolled Students": "9",
            "Max Bid": "10.00",
            "Median Bid": "10.00",
            "Min Bid": "10.00",
            "Instructor": "LIU KUNG-CHUNG",
            "School/Department": "SOLGPO"
          },
          "Round 1 Window 4": {
            "Term": "2019-20 Term 3A",
            "Session": "Regular Academic Session",
            "Bidding Window": "Round 1 Window 4",
            "Course Code": "LAW463",
            "Description": "Intellectual Assets and the Law in Asian Economies",
            "Section": "G51",
            "Vacancy": "30",
            "Opening Vacancy": "30",
            "Before Process Vacancy": "22",
            "D.I.C.E": "0",
            "After Process Vacancy": "21",
            "Enrolled Students": "9",
            "Max Bid": "10.00",
            "Median Bid": "10.00",
            "Min Bid": "10.00",
            "Instructor": "LIU KUNG-CHUNG",
            "School/Department": "SOLGPO"
          }
        }
      }
    },
    "MGMT102 Strategy(SUTD cls, encrg SMU Std enrol)": {
      "KANG HYE YOUNG": {
        "G40": {
          "Round 1 Window 1": {
            "Term": "2019-20 Term 3A",
            "Session": "Modified Session",
            "Bidding Window": "Round 1 Window 1",
            "Course Code": "MGMT102",
            "Description": "Strategy(SUTD cls, encrg SMU Std enrol)",
            "Section": "G40",
            "Vacancy": "45",
            "Opening Vacancy": "45",
            "Before Process Vacancy": "35",
            "D.I.C.E": "0",
            "After Process Vacancy": "17",
            "Enrolled Students": "28",
            "Max Bid": "25.67",
            "Median Bid": "17.55",
            "Min Bid": "10.18",
            "Instructor": "KANG HYE YOUNG",
            "School/Department": "LKCSOB"
          },
          "Round 1 Window 2": {
            "Term": "2019-20 Term 3A",
            "Session": "Modified Session",
            "Bidding Window": "Round 1 Window 2",
            "Course Code": "MGMT102",
            "Description": "Strategy(SUTD cls, encrg SMU Std enrol)",
            "Section": "G40",
            "Vacancy": "45",
            "Opening Vacancy": "45",
            "Before Process Vacancy": "22",
            "D.I.C.E": "0",
            "After Process Vacancy": "9",
            "Enrolled Students": "36",
            "Max Bid": "23.59",
            "Median Bid": "16.90",
            "Min Bid": "10.00",
            "Instructor": "KANG HYE YOUNG",
            "School/Department": "LKCSOB"
          },
          "Round 1 Window 3": {
            "Term": "2019-20 Term 3A",
            "Session": "Modified Session",
            "Bidding Window": "Round 1 Window 3",
            "Course Code": "MGMT102",
            "Description": "Strategy(SUTD cls, encrg SMU Std enrol)",
            "Section": "G40",
            "Vacancy": "45",
            "Opening Vacancy": "45",
            "Before Process Vacancy": "9",
            "D.I.C.E": "0",
            "After Process Vacancy": "6",
            "Enrolled Students": "39",
            "Max Bid": "22.89",
            "Median Bid": "22.89",
            "Min Bid": "10.03",
            "Instructor": "KANG HYE YOUNG",
            "School/Department": "LKCSOB"
          },
          "Round 1 Window 4": {
            "Term": "2019-20 Term 3A",
            "Session": "Modified Session",
            "Bidding Window": "Round 1 Window 4",
            "Course Code": "MGMT102",
            "Description": "Strategy(SUTD cls, encrg SMU Std enrol)",
            "Section": "G40",
            "Vacancy": "45",
            "Opening Vacancy": "45",
            "Before Process Vacancy": "7",
            "D.I.C.E": "0",
            "After Process Vacancy": "3",
            "Enrolled Students": "42",
            "Max Bid": "15.00",
            "Median Bid": "11.95",
            "Min Bid": "10.00",
            "Instructor": "KANG HYE YOUNG",
            "School/Department": "LKCSOB"
          }
        }
      }
    },
    "MGMT235 Sustainability Management and Governance": {
      "TED FEICHIN TSCHANG": {
        "G1": {
          "Round 1 Window 1": {
            "Term": "2019-20 Term 3A",
            "Session": "Regular Academic Session",
            "Bidding Window": "Round 1 Window 1",
            "Course Code": "MGMT235",
            "Description": "Sustainability Management and Governance",
            "Section": "G1",
            "Vacancy": "45",
            "Opening Vacancy": "45",
            "Before Process Vacancy": "45",
            "D.I.C.E": "0",
            "After Process Vacancy": "0",
            "Enrolled Students": "45",
            "Max Bid": "55.00",
            "Median Bid": "20.00",
            "Min Bid": "12.49",
            "Instructor": "TED FEICHIN TSCHANG",
            "School/Department": "LKCSOB"
          },
          "Round 1 Window 2": {
            "Term": "2019-20 Term 3A",
            "Session": "Regular Academic Session",
            "Bidding Window": "Round 1 Window 2",
            "Course Code": "MGMT235",
            "Description": "Sustainability Management and Governance",
            "Section": "G1",
            "Vacancy": "45",
            "Opening Vacancy": "45",
            "Before Process Vacancy": "2",
            "D.I.C.E": "0",
            "After Process Vacancy": "0",
            "Enrolled Students": "45",
            "Max Bid": "60.00",
            "Median Bid": "46.23",
            "Min Bid": "32.46",
            "Instructor": "TED FEICHIN TSCHANG",
            "School/Department": "LKCSOB"
          },
          "Round 1 Window 3": {
            "Term": "2019-20 Term 3A",
            "Session": "Regular Academic Session",
            "Bidding Window": "Round 1 Window 3",
            "Course Code": "MGMT235",
            "Description": "Sustainability Management and Governance",
            "Section": "G1",
            "Vacancy": "45",
            "Opening Vacancy": "45",
            "Before Process Vacancy": "1",
            "D.I.C.E": "0",
            "After Process Vacancy": "0",
            "Enrolled Students": "45",
            "Max Bid": "39.56",
            "Median Bid": "39.56",
            "Min Bid": "39.56",
            "Instructor": "TED FEICHIN TSCHANG",
            "School/Department": "LKCSOB"
          },
          "Round 1 Window 4": {
            "Term": "2019-20 Term 3A",
            "Session": "Regular Academic Session",
            "Bidding Window": "Round 1 Window 4",
            "Course Code": "MGMT235",
            "Description": "Sustainability Management and Governance",
            "Section": "G1",
            "Vacancy": "45",
            "Opening Vacancy": "45",
            "Before Process Vacancy": "1",
            "D.I.C.E": "0",
            "After Process Vacancy": "0",
            "Enrolled Students": "45",
            "Max Bid": "40.00",
            "Median Bid": "40.00",
            "Min Bid": "40.00",
            "Instructor": "TED FEICHIN TSCHANG",
            "School/Department": "LKCSOB"
          }
        }
      }
    },
    "OBHR101 Management of People at Work": {
      "SHEREEN FATIMAH": {
        "G1": {
          "Round 1 Window 1": {
            "Term": "2019-20 Term 3A",
            "Session": "Regular Academic Session",
            "Bidding Window": "Round 1 Window 1",
            "Course Code": "OBHR101",
            "Description": "Management of People at Work",
            "Section": "G1",
            "Vacancy": "45",
            "Opening Vacancy": "45",
            "Before Process Vacancy": "45",
            "D.I.C.E": "0",
            "After Process Vacancy": "0",
            "Enrolled Students": "45",
            "Max Bid": "45.00",
            "Median Bid": "13.39",
            "Min Bid": "10.02",
            "Instructor": "SHEREEN FATIMAH",
            "School/Department": "LKCSOB"
          },
          "Round 1 Window 2": {
            "Term": "2019-20 Term 3A",
            "Session": "Regular Academic Session",
            "Bidding Window": "Round 1 Window 2",
            "Course Code": "OBHR101",
            "Description": "Management of People at Work",
            "Section": "G1",
            "Vacancy": "45",
            "Opening Vacancy": "45",
            "Before Process Vacancy": "2",
            "D.I.C.E": "0",
            "After Process Vacancy": "0",
            "Enrolled Students": "45",
            "Max Bid": "47.70",
            "Median Bid": "35.35",
            "Min Bid": "23.00",
            "Instructor": "SHEREEN FATIMAH",
            "School/Department": "LKCSOB"
          },
          "Round 1 Window 3": {
            "Term": "2019-20 Term 3A",
            "Session": "Regular Academic Session",
            "Bidding Window": "Round 1 Window 3",
            "Course Code": "OBHR101",
            "Description": "Management of People at Work",
            "Section": "G1",
            "Vacancy": "45",
            "Opening Vacancy": "45",
            "Before Process Vacancy": "3",
            "D.I.C.E": "0",
            "After Process Vacancy": "0",
            "Enrolled Students": "45",
            "Max Bid": "28.00",
            "Median Bid": "25.88",
            "Min Bid": "23.88",
            "Instructor": "SHEREEN FATIMAH",
            "School/Department": "LKCSOB"
          },
          "Round 1 Window 4": {
            "Term": "2019-20 Term 3A",
            "Session": "Regular Academic Session",
            "Bidding Window": "Round 1 Window 4",
            "Course Code": "OBHR101",
            "Description": "Management of People at Work",
            "Section": "G1",
            "Vacancy": "45",
            "Opening Vacancy": "45",
            "Before Process Vacancy": "1",
            "D.I.C.E": "0",
            "After Process Vacancy": "0",
            "Enrolled Students": "45",
            "Max Bid": "20.00",
            "Median Bid": "20.00",
            "Min Bid": "20.00",
            "Instructor": "SHEREEN FATIMAH",
            "School/Department": "LKCSOB"
          }
        }
      }
    },
    "OBHR101 Management of People at Work(SUTD cls, encrg SMU Std enrol)": {
      "MA KHENG MIN": {
        "G40": {
          "Round 1 Window 1": {
            "Term": "2019-20 Term 3A",
            "Session": "Modified Session",
            "Bidding Window": "Round 1 Window 1",
            "Course Code": "OBHR101",
            "Description": "Management of People at Work(SUTD cls, encrg SMU Std enrol)",
            "Section": "G40",
            "Vacancy": "45",
            "Opening Vacancy": "45",
            "Before Process Vacancy": "31",
            "D.I.C.E": "0",
            "After Process Vacancy": "7",
            "Enrolled Students": "38",
            "Max Bid": "40.00",
            "Median Bid": "14.93",
            "Min Bid": "10.00",
            "Instructor": "MA KHENG MIN",
            "School/Department": "LKCSOB"
          },
          "Round 1 Window 2": {
            "Term": "2019-20 Term 3A",
            "Session": "Modified Session",
            "Bidding Window": "Round 1 Window 2",
            "Course Code": "OBHR101",
            "Description": "Management of People at Work(SUTD cls, encrg SMU Std enrol)",
            "Section": "G40",
            "Vacancy": "45",
            "Opening Vacancy": "45",
            "Before Process Vacancy": "7",
            "D.I.C.E": "0",
            "After Process Vacancy": "0",
            "Enrolled Students": "45",
            "Max Bid": "30.00",
            "Median Bid": "20.00",
            "Min Bid": "18.50",
            "Instructor": "MA KHENG MIN",
            "School/Department": "LKCSOB"
          },
          "Round 1 Window 3": {
            "Term": "2019-20 Term 3A",
            "Session": "Modified Session",
            "Bidding Window": "Round 1 Window 3",
            "Course Code": "OBHR101",
            "Description": "Management of People at Work(SUTD cls, encrg SMU Std enrol)",
            "Section": "G40",
            "Vacancy": "45",
            "Opening Vacancy": "45",
            "Before Process Vacancy": "0",
            "D.I.C.E": "0",
            "After Process Vacancy": "0",
            "Enrolled Students": "45",
            "Max Bid": "0.00",
            "Median Bid": "0.00",
            "Min Bid": "0.00",
            "Instructor": "MA KHENG MIN",
            "School/Department": "LKCSOB"
          },
          "Round 1 Window 4": {
            "Term": "2019-20 Term 3A",
            "Session": "Modified Session",
            "Bidding Window": "Round 1 Window 4",
            "Course Code": "OBHR101",
            "Description": "Management of People at Work(SUTD cls, encrg SMU Std enrol)",
            "Section": "G40",
            "Vacancy": "45",
            "Opening Vacancy": "45",
            "Before Process Vacancy": "0",
            "D.I.C.E": "0",
            "After Process Vacancy": "0",
            "Enrolled Students": "45",
            "Max Bid": "0.00",
            "Median Bid": "0.00",
            "Min Bid": "0.00",
            "Instructor": "MA KHENG MIN",
            "School/Department": "LKCSOB"
          }
        }
      }
    },
    "OBHR211 Governing, Managing and Protecting Knowledge in Organisations": {
      "THOMAS MENKHOFF": {
        "G1": {
          "Round 1 Window 1": {
            "Term": "2019-20 Term 3A",
            "Session": "Regular Academic Session",
            "Bidding Window": "Round 1 Window 1",
            "Course Code": "OBHR211",
            "Description": "Governing, Managing and Protecting Knowledge in Organisations",
            "Section": "G1",
            "Vacancy": "45",
            "Opening Vacancy": "45",
            "Before Process Vacancy": "45",
            "D.I.C.E": "0",
            "After Process Vacancy": "8",
            "Enrolled Students": "37",
            "Max Bid": "45.00",
            "Median Bid": "13.01",
            "Min Bid": "10.00",
            "Instructor": "THOMAS MENKHOFF",
            "School/Department": "LKCSOB"
          },
          "Round 1 Window 2": {
            "Term": "2019-20 Term 3A",
            "Session": "Regular Academic Session",
            "Bidding Window": "Round 1 Window 2",
            "Course Code": "OBHR211",
            "Description": "Governing, Managing and Protecting Knowledge in Organisations",
            "Section": "G1",
            "Vacancy": "45",
            "Opening Vacancy": "45",
            "Before Process Vacancy": "11",
            "D.I.C.E": "0",
            "After Process Vacancy": "5",
            "Enrolled Students": "40",
            "Max Bid": "16.99",
            "Median Bid": "14.00",
            "Min Bid": "10.05",
            "Instructor": "THOMAS MENKHOFF",
            "School/Department": "LKCSOB"
          },
          "Round 1 Window 3": {
            "Term": "2019-20 Term 3A",
            "Session": "Regular Academic Session",
            "Bidding Window": "Round 1 Window 3",
            "Course Code": "OBHR211",
            "Description": "Governing, Managing and Protecting Knowledge in Organisations",
            "Section": "G1",
            "Vacancy": "45",
            "Opening Vacancy": "45",
            "Before Process Vacancy": "8",
            "D.I.C.E": "0",
            "After Process Vacancy": "1",
            "Enrolled Students": "44",
            "Max Bid": "26.78",
            "Median Bid": "21.03",
            "Min Bid": "13.31",
            "Instructor": "THOMAS MENKHOFF",
            "School/Department": "LKCSOB"
          },
          "Round 1 Window 4": {
            "Term": "2019-20 Term 3A",
            "Session": "Regular Academic Session",
            "Bidding Window": "Round 1 Window 4",
            "Course Code": "OBHR211",
            "Description": "Governing, Managing and Protecting Knowledge in Organisations",
            "Section": "G1",
            "Vacancy": "45",
            "Opening Vacancy": "45",
            "Before Process Vacancy": "1",
            "D.I.C.E": "0",
            "After Process Vacancy": "1",
            "Enrolled Students": "44",
            "Max Bid": "0.00",
            "Median Bid": "0.00",
            "Min Bid": "0.00",
            "Instructor": "THOMAS MENKHOFF",
            "School/Department": "LKCSOB"
          }
        }
      }
    },
    "OPIM331 Computer Simulation": {
      "YANG KUM KHIONG": {
        "G1": {
          "Round 1 Window 1": {
            "Term": "2019-20 Term 3A",
            "Session": "Regular Academic Session",
            "Bidding Window": "Round 1 Window 1",
            "Course Code": "OPIM331",
            "Description": "Computer Simulation",
            "Section": "G1",
            "Vacancy": "45",
            "Opening Vacancy": "45",
            "Before Process Vacancy": "45",
            "D.I.C.E": "0",
            "After Process Vacancy": "19",
            "Enrolled Students": "26",
            "Max Bid": "55.00",
            "Median Bid": "13.93",
            "Min Bid": "10.00",
            "Instructor": "YANG KUM KHIONG",
            "School/Department": "LKCSOB"
          },
          "Round 1 Window 2": {
            "Term": "2019-20 Term 3A",
            "Session": "Regular Academic Session",
            "Bidding Window": "Round 1 Window 2",
            "Course Code": "OPIM331",
            "Description": "Computer Simulation",
            "Section": "G1",
            "Vacancy": "45",
            "Opening Vacancy": "45",
            "Before Process Vacancy": "20",
            "D.I.C.E": "0",
            "After Process Vacancy": "11",
            "Enrolled Students": "34",
            "Max Bid": "18.00",
            "Median Bid": "15.00",
            "Min Bid": "13.00",
            "Instructor": "YANG KUM KHIONG",
            "School/Department": "LKCSOB"
          },
          "Round 1 Window 3": {
            "Term": "2019-20 Term 3A",
            "Session": "Regular Academic Session",
            "Bidding Window": "Round 1 Window 3",
            "Course Code": "OPIM331",
            "Description": "Computer Simulation",
            "Section": "G1",
            "Vacancy": "45",
            "Opening Vacancy": "45",
            "Before Process Vacancy": "11",
            "D.I.C.E": "0",
            "After Process Vacancy": "7",
            "Enrolled Students": "38",
            "Max Bid": "46.00",
            "Median Bid": "30.01",
            "Min Bid": "10.00",
            "Instructor": "YANG KUM KHIONG",
            "School/Department": "LKCSOB"
          },
          "Round 1 Window 4": {
            "Term": "2019-20 Term 3A",
            "Session": "Regular Academic Session",
            "Bidding Window": "Round 1 Window 4",
            "Course Code": "OPIM331",
            "Description": "Computer Simulation",
            "Section": "G1",
            "Vacancy": "45",
            "Opening Vacancy": "45",
            "Before Process Vacancy": "7",
            "D.I.C.E": "0",
            "After Process Vacancy": "4",
            "Enrolled Students": "41",
            "Max Bid": "20.00",
            "Median Bid": "15.00",
            "Min Bid": "12.99",
            "Instructor": "YANG KUM KHIONG",
            "School/Department": "LKCSOB"
          }
        }
      }
    }
  }