{
    "Module1": {
        "Prof1": {
            "G1": {
                "R1W1": {
                    "term": "Term 1",
                    "session": "Regular Academic Session",
                    "biddingWindow": "R1W1",
                    "courseCode": "TEST001",
                    "description": "Module1",
                    "section": "G1",
                    "vacancy": "30",
                    "openingVacancy": "29",
                    "beforeProcessVacancy": "0",
                    "DICE": "0",
                    "afterProcessVacancy": "0",
                    "enrolledStudents": "29",
                    "medianBid": "13.66",
                    "minBid": "12.67",
                    "instructor": "Prof1",
                    "schoolDepartment": "School1"
                },
                "R1W2": {
                    "term": "Term2",
                    "session": "Regular Academic Session",
                    "biddingWindow": "R1W2",
                    "courseCode": "TEST002",
                    "description": "Module2",
                    "section": "G2",
                    "vacancy": "30",
                    "openingVacancy": "29",
                    "beforeProcessVacancy": "0",
                    "DICE": "0",
                    "afterProcessVacancy": "0",
                    "enrolledStudents": "29",
                    "medianBid": "14.33",
                    "minBid": "13",
                    "instructor": "Prof2",
                    "schoolDepartment": "School2"
                }
            },
            "G2": {
                "R1W1": {
                    "term": "Term 1",
                    "session": "Regular Academic Session",
                    "biddingWindow": "R1W1",
                    "courseCode": "TEST001",
                    "description": "Module1",
                    "section": "G1",
                    "vacancy": "30",
                    "openingVacancy": "29",
                    "beforeProcessVacancy": "0",
                    "DICE": "0",
                    "afterProcessVacancy": "0",
                    "enrolledStudents": "29",
                    "medianBid": "15",
                    "minBid": "14",
                    "instructor": "Prof1",
                    "schoolDepartment": "School1"
                },
                "R1W2": {
                    "term": "Term2",
                    "session": "Regular Academic Session",
                    "biddingWindow": "R1W2",
                    "courseCode": "TEST002",
                    "description": "Module2",
                    "section": "G2",
                    "vacancy": "30",
                    "openingVacancy": "29",
                    "beforeProcessVacancy": "0",
                    "DICE": "0",
                    "afterProcessVacancy": "0",
                    "enrolledStudents": "29",
                    "medianBid": "16",
                    "minBid": "15",
                    "instructor": "Prof2",
                    "schoolDepartment": "School2"
                }
            }
        },
        "Prof2": {
            "G3": {
                "R1W1": {
                    "term": "Term 1",
                    "session": "Regular Academic Session",
                    "biddingWindow": "R1W1",
                    "courseCode": "TEST001",
                    "description": "Module1",
                    "section": "G3",
                    "vacancy": "30",
                    "openingVacancy": "29",
                    "beforeProcessVacancy": "0",
                    "DICE": "0",
                    "afterProcessVacancy": "0",
                    "enrolledStudents": "29",
                    "medianBid": "21",
                    "minBid": "20",
                    "instructor": "Prof1",
                    "schoolDepartment": "School1"
                },
                "R1W2": {
                    "term": "Term2",
                    "session": "Regular Academic Session",
                    "biddingWindow": "R1W2",
                    "courseCode": "TEST002",
                    "description": "Module2",
                    "section": "G3",
                    "vacancy": "30",
                    "openingVacancy": "29",
                    "beforeProcessVacancy": "0",
                    "DICE": "0",
                    "afterProcessVacancy": "0",
                    "enrolledStudents": "29",
                    "medianBid": "33",
                    "minBid": "32.22",
                    "instructor": "Prof2",
                    "schoolDepartment": "School2"
                }
            }
        }
    },
    "Module2": {
        "Prof1": {
            "G1": {
                "R1W1": {
                    "term": "Term 1",
                    "session": "Regular Academic Session",
                    "biddingWindow": "R1W1",
                    "courseCode": "TEST001",
                    "description": "Module1",
                    "section": "G1",
                    "vacancy": "30",
                    "openingVacancy": "29",
                    "beforeProcessVacancy": "0",
                    "DICE": "0",
                    "afterProcessVacancy": "0",
                    "enrolledStudents": "29",
                    "medianBid": "15",
                    "minBid": "14",
                    "instructor": "Prof1",
                    "schoolDepartment": "School1"
                },
                "R1W2": {
                    "term": "Term2",
                    "session": "Regular Academic Session",
                    "biddingWindow": "R1W2",
                    "courseCode": "TEST002",
                    "description": "Module2",
                    "section": "G2",
                    "vacancy": "30",
                    "openingVacancy": "29",
                    "beforeProcessVacancy": "0",
                    "DICE": "0",
                    "afterProcessVacancy": "0",
                    "enrolledStudents": "29",
                    "medianBid": "15",
                    "minBid": "14",
                    "instructor": "Prof2",
                    "schoolDepartment": "School2"
                }
            },
            "G2": {
                "R1W1": {
                    "term": "Term 1",
                    "session": "Regular Academic Session",
                    "biddingWindow": "R1W1",
                    "courseCode": "TEST001",
                    "description": "Module1",
                    "section": "G1",
                    "vacancy": "30",
                    "openingVacancy": "29",
                    "beforeProcessVacancy": "0",
                    "DICE": "0",
                    "afterProcessVacancy": "0",
                    "enrolledStudents": "29",
                    "medianBid": "15.55",
                    "minBid": "14.11",
                    "instructor": "Prof1",
                    "schoolDepartment": "School1"
                },
                "R1W2": {
                    "term": "Term2",
                    "session": "Regular Academic Session",
                    "biddingWindow": "R1W2",
                    "courseCode": "TEST002",
                    "description": "Module2",
                    "section": "G2",
                    "vacancy": "30",
                    "openingVacancy": "29",
                    "beforeProcessVacancy": "0",
                    "DICE": "0",
                    "afterProcessVacancy": "0",
                    "enrolledStudents": "29",
                    "medianBid": "15.23",
                    "minBid": "14.09",
                    "instructor": "Prof2",
                    "schoolDepartment": "School2"
                }
            }
        }
    }
}